timestamp_iso,timestamp,soil_raw,rain_raw,soil_pct,rain_pct,soil_smoothed,rain_smoothed,soil_status,rain_status,soil_trend,rain_trend,alerts
2026-04-25T09:27:38.066453+00:00,1777109258.066453,617,999,0.88,0.13,0.88,0.13,dry,none,stable,stable,TOO_DRY
2026-04-25T09:27:40.001134+00:00,1777109260.0011342,619,999,0.29,0.13,0.58,0.13,dry,none,stable,stable,TOO_DRY
2026-04-25T09:27:42.069378+00:00,1777109262.069378,619,999,0.29,0.13,0.49,0.13,dry,none,stable,stable,TOO_DRY
2026-04-25T09:27:44.055579+00:00,1777109264.0555792,619,999,0.29,0.13,0.44,0.13,dry,none,stable,stable,TOO_DRY
2026-04-25T09:27:46.126971+00:00,1777109266.1269708,618,998,0.59,0.27,0.47,0.16,dry,none,stable,stable,TOO_DRY
2026-04-25T09:27:48.050813+00:00,1777109268.0508132,617,998,0.88,0.27,0.54,0.18,dry,none,stable,stable,TOO_DRY
2026-04-25T09:27:50.035103+00:00,1777109270.0351026,614,997,1.76,0.4,0.71,0.21,dry,none,stable,stable,TOO_DRY
2026-04-25T09:27:51.990574+00:00,1777109271.9905741,611,996,2.65,0.53,0.95,0.25,dry,none,stable,stable,TOO_DRY
2026-04-25T09:27:54.066612+00:00,1777109274.0666118,607,995,3.82,0.67,1.32,0.32,dry,none,stable,stable,TOO_DRY
2026-04-25T09:27:56.081828+00:00,1777109276.0818284,602,994,5.29,0.8,1.95,0.4,dry,none,stable,stable,TOO_DRY
2026-04-25T09:27:58.029606+00:00,1777109278.029606,596,992,7.06,1.07,2.79,0.52,dry,none,rising,stable,TOO_DRY
2026-04-25T09:28:00.217009+00:00,1777109280.2170088,590,991,8.82,1.2,3.86,0.65,dry,none,rising,stable,TOO_DRY
2026-04-25T09:28:02.119982+00:00,1777109282.1199822,583,989,10.88,1.47,5.15,0.8,dry,none,rising,stable,TOO_DRY
2026-04-25T09:28:04.179331+00:00,1777109284.1793306,575,987,13.24,1.73,6.69,0.98,dry,none,rising,stable,TOO_DRY
2026-04-25T09:28:06.033001+00:00,1777109286.0330007,567,985,15.59,2.0,8.42,1.18,dry,none,rising,stable,TOO_DRY
2026-04-25T09:28:08.074076+00:00,1777109288.0740762,558,983,18.24,2.27,10.37,1.4,dry,none,rising,stable,TOO_DRY
2026-04-25T09:28:10.111594+00:00,1777109290.1115944,548,981,21.18,2.53,12.54,1.63,dry,none,rising,stable,TOO_DRY
2026-04-25T09:28:12.062913+00:00,1777109292.0629132,539,978,23.82,2.93,14.85,1.9,dry,none,rising,stable,TOO_DRY
2026-04-25T09:28:14.091636+00:00,1777109294.091636,528,976,27.06,3.2,17.35,2.17,dry,none,rising,stable,TOO_DRY
2026-04-25T09:28:16.045846+00:00,1777109296.0458462,518,973,30.0,3.6,20.0,2.47,dry,none,rising,stable,TOO_DRY
2026-04-25T09:28:18.096013+00:00,1777109298.0960133,506,970,33.53,4.0,22.83,2.78,dry,none,rising,stable,TOO_DRY
2026-04-25T09:28:20.044871+00:00,1777109300.0448713,495,967,36.76,4.4,25.77,3.12,low,none,rising,stable,
2026-04-25T09:28:22.107567+00:00,1777109302.107567,484,964,40.0,4.8,28.82,3.47,low,none,rising,stable,
2026-04-25T09:28:24.030379+00:00,1777109304.030379,472,961,43.53,5.2,31.98,3.83,low,none,rising,stable,
2026-04-25T09:28:26.085220+00:00,1777109306.0852199,460,957,47.06,5.73,35.22,4.23,low,none,rising,stable,
2026-04-25T09:28:28.229907+00:00,1777109308.2299073,448,954,50.59,6.13,38.57,4.63,low,none,rising,stable,
2026-04-25T09:28:30.016058+00:00,1777109310.0160582,436,950,54.12,6.67,41.95,5.07,low,none,rising,stable,
2026-04-25T09:28:32.035939+00:00,1777109312.0359392,424,946,57.65,7.2,45.41,5.52,optimal,none,rising,stable,
2026-04-25T09:28:34.044218+00:00,1777109314.0442176,413,943,60.88,7.6,48.82,5.97,optimal,none,rising,stable,
2026-04-25T09:28:36.019993+00:00,1777109316.0199928,401,939,64.41,8.13,52.28,6.43,optimal,none,rising,stable,
2026-04-25T09:28:38.075480+00:00,1777109318.0754797,390,935,67.65,8.67,55.74,6.92,optimal,none,rising,stable,
2026-04-25T09:28:40.106835+00:00,1777109320.1068351,379,930,70.88,9.33,59.16,7.43,optimal,none,rising,stable,
2026-04-25T09:28:42.161630+00:00,1777109322.1616302,368,926,74.12,9.87,62.54,7.95,optimal,none,rising,stable,
2026-04-25T09:28:44.174489+00:00,1777109324.174489,358,922,77.06,10.4,65.85,8.48,optimal,none,rising,stable,
2026-04-25T09:28:46.217827+00:00,1777109326.2178273,348,917,80.0,11.07,69.08,9.03,optimal,none,rising,stable,
2026-04-25T09:28:48.096420+00:00,1777109328.0964203,339,913,82.65,11.6,72.21,9.58,optimal,none,rising,stable,
2026-04-25T09:28:50.043402+00:00,1777109330.043402,330,908,85.29,12.27,75.26,10.17,wet,none,rising,stable,
2026-04-25T09:28:52.090420+00:00,1777109332.0904202,322,903,87.65,12.93,78.16,10.77,wet,none,rising,stable,
2026-04-25T09:28:54.033721+00:00,1777109334.033721,314,898,90.0,13.6,80.96,11.38,wet,none,rising,stable,
2026-04-25T09:28:56.130579+00:00,1777109336.1305795,308,894,91.76,14.13,83.57,11.98,wet,none,rising,stable,
2026-04-25T09:28:58.002614+00:00,1777109338.0026138,301,889,93.82,14.8,86.03,12.6,wet,none,rising,stable,TOO_WET
2026-04-25T09:29:00.090514+00:00,1777109340.0905144,296,884,95.29,15.47,88.31,13.23,wet,none,rising,stable,TOO_WET
2026-04-25T09:29:02.125517+00:00,1777109342.1255167,291,878,96.76,16.27,90.4,13.88,wet,none,rising,stable,TOO_WET
2026-04-25T09:29:04.073865+00:00,1777109344.0738654,287,873,97.94,16.93,92.31,14.55,wet,none,rising,stable,TOO_WET
2026-04-25T09:29:06.018601+00:00,1777109346.0186014,284,868,98.82,17.6,94.0,15.22,wet,light,rising,stable,TOO_WET
2026-04-25T09:29:08.114111+00:00,1777109348.1141112,282,863,99.41,18.27,95.47,15.88,wet,light,rising,stable,TOO_WET
2026-04-25T09:29:10.119409+00:00,1777109350.1194093,280,857,100.0,19.07,96.72,16.57,wet,light,rising,stable,TOO_WET
2026-04-25T09:29:12.064463+00:00,1777109352.0644631,280,852,100.0,19.73,97.75,17.27,wet,light,rising,stable,TOO_WET
2026-04-25T09:29:14.106284+00:00,1777109354.1062844,280,847,100.0,20.4,98.53,17.97,wet,light,stable,stable,TOO_WET
2026-04-25T09:29:16.053241+00:00,1777109356.053241,281,841,99.71,21.2,99.08,18.68,wet,light,stable,stable,TOO_WET
2026-04-25T09:29:18.072070+00:00,1777109358.0720701,282,836,99.41,21.87,99.41,19.38,wet,light,stable,stable,TOO_WET
2026-04-25T09:29:20.146046+00:00,1777109360.1460462,285,830,98.53,22.67,99.48,20.1,wet,light,stable,stable,TOO_WET
2026-04-25T09:29:22.011498+00:00,1777109362.0114977,289,825,97.35,23.33,99.3,20.82,wet,light,stable,stable,TOO_WET
2026-04-25T09:29:24.126245+00:00,1777109364.1262445,293,819,96.18,24.13,98.9,21.55,wet,light,stable,stable,TOO_WET
2026-04-25T09:29:26.085994+00:00,1777109366.0859935,298,813,94.71,24.93,98.24,22.28,wet,light,falling,stable,TOO_WET
2026-04-25T09:29:28.181657+00:00,1777109368.1816566,303,808,93.24,25.6,97.39,23.02,wet,light,falling,stable,TOO_WET
2026-04-25T09:29:30.098817+00:00,1777109370.0988173,310,802,91.18,26.4,96.29,23.77,wet,light,falling,stable,TOO_WET
2026-04-25T09:29:32.131189+00:00,1777109372.131189,317,797,89.12,27.07,94.97,24.5,wet,light,falling,stable,TOO_WET
2026-04-25T09:29:34.110142+00:00,1777109374.110142,325,791,86.76,27.87,93.38,25.25,wet,light,falling,stable,TOO_WET
2026-04-25T09:29:36.123595+00:00,1777109376.1235955,333,785,84.41,28.67,91.62,26.0,wet,light,falling,rising,TOO_WET
2026-04-25T09:29:38.879274+00:00,1777109378.879274,342,780,81.76,29.33,89.67,26.75,wet,light,falling,stable,TOO_WET
2026-04-25T09:29:40.133561+00:00,1777109380.1335607,352,774,78.82,30.13,87.5,27.5,wet,light,falling,stable,TOO_WET
2026-04-25T09:29:44.985958+00:00,1777109384.985958,362,769,75.88,30.8,85.15,28.23,wet,light,falling,stable,TOO_WET
2026-04-25T09:32:16.395715+00:00,1777109536.3957148,281,652,99.71,46.4,85.95,30.83,wet,light,falling,rising,TOO_WET
2026-04-25T09:32:16.527206+00:00,1777109536.527206,405,747,63.24,33.73,82.46,31.75,wet,light,falling,rising,
2026-04-25T09:32:16.528604+00:00,1777109536.5286043,417,741,59.71,34.53,78.79,32.68,wet,light,falling,rising,
2026-04-25T09:32:16.529505+00:00,1777109536.529505,429,736,56.18,35.2,74.96,33.6,optimal,light,falling,rising,
2026-04-25T09:32:16.530722+00:00,1777109536.5307221,440,731,52.94,35.87,71.03,34.5,optimal,light,falling,stable,
2026-04-25T09:32:16.531894+00:00,1777109536.531894,452,726,49.41,36.53,66.99,35.4,optimal,light,falling,stable,
2026-04-25T09:32:16.532571+00:00,1777109536.5325708,464,720,45.88,37.33,62.87,36.3,optimal,light,falling,stable,
2026-04-25T09:32:16.533725+00:00,1777109536.5337253,476,715,42.35,38.0,58.68,37.2,optimal,light,falling,stable,
2026-04-25T09:32:16.534786+00:00,1777109536.5347862,488,710,38.82,38.67,51.07,36.23,optimal,light,falling,stable,
2026-04-25T09:32:16.535576+00:00,1777109536.535576,499,705,35.59,39.33,47.61,36.93,optimal,light,falling,stable,
2026-04-25T09:32:16.536328+00:00,1777109536.5363276,510,700,32.35,40.0,44.19,37.62,low,light,falling,stable,
2026-04-25T09:32:16.537428+00:00,1777109536.5374281,521,696,29.12,40.53,40.81,38.28,low,light,falling,stable,
2026-04-25T09:32:17.687900+00:00,1777109537.6878998,417,741,59.71,34.53,41.65,38.12,low,light,falling,stable,
2026-04-25T09:32:18.074739+00:00,1777109538.074739,429,736,56.18,35.2,42.5,37.95,low,light,rising,stable,
2026-04-25T09:32:18.076678+00:00,1777109538.076678,440,731,52.94,35.87,43.38,37.77,low,light,rising,stable,
2026-04-25T09:32:18.077505+00:00,1777109538.077505,452,726,49.41,36.53,44.27,37.58,low,light,rising,falling,
2026-04-25T09:32:18.078301+00:00,1777109538.078301,464,720,45.88,37.33,45.15,37.41,optimal,light,rising,stable,
2026-04-25T09:32:18.079073+00:00,1777109538.0790734,476,715,42.35,38.0,45.99,37.25,optimal,light,rising,stable,
2026-04-25T09:32:18.079811+00:00,1777109538.0798109,488,710,38.82,38.67,46.8,37.08,optimal,light,falling,stable,
2026-04-25T09:32:18.080632+00:00,1777109538.0806317,499,705,35.59,39.33,47.61,36.93,optimal,light,falling,stable,
2026-04-25T09:32:18.081429+00:00,1777109538.0814295,510,700,32.35,40.0,44.19,37.62,low,light,falling,stable,
2026-04-25T09:32:18.082708+00:00,1777109538.0827081,521,696,29.12,40.53,40.81,38.28,low,light,falling,stable,
2026-04-25T09:32:18.083455+00:00,1777109538.083455,532,691,25.88,41.2,37.42,38.95,low,light,falling,stable,
2026-04-25T09:32:19.019197+00:00,1777109539.0191965,429,736,56.18,35.2,38.27,38.78,low,light,falling,stable,
2026-04-25T09:32:19.460075+00:00,1777109539.4600747,440,731,52.94,35.87,39.15,38.6,low,light,rising,stable,
2026-04-25T09:32:19.461871+00:00,1777109539.4618711,452,726,49.41,36.53,40.04,38.42,low,light,rising,stable,
2026-04-25T09:32:19.462869+00:00,1777109539.4628692,464,720,45.88,37.33,40.92,38.25,low,light,rising,falling,
2026-04-25T09:32:19.464140+00:00,1777109539.4641402,476,715,42.35,38.0,41.76,38.08,low,light,rising,stable,
2026-04-25T09:32:19.465450+00:00,1777109539.46545,488,710,38.82,38.67,42.57,37.92,low,light,rising,stable,
2026-04-25T09:32:19.466143+00:00,1777109539.4661434,499,705,35.59,39.33,43.38,37.77,low,light,falling,stable,
2026-04-25T09:32:19.466891+00:00,1777109539.466891,510,700,32.35,40.0,44.19,37.62,low,light,falling,stable,
2026-04-25T09:32:19.467530+00:00,1777109539.4675305,521,696,29.12,40.53,40.81,38.28,low,light,falling,stable,
2026-04-25T09:32:19.468281+00:00,1777109539.468281,532,691,25.88,41.2,37.42,38.95,low,light,falling,stable,
2026-04-25T09:32:19.469377+00:00,1777109539.469377,542,686,22.94,41.87,34.12,39.62,low,light,falling,stable,
2026-04-25T09:32:20.241109+00:00,1777109540.241109,440,731,52.94,35.87,35.0,39.43,low,light,falling,stable,
2026-04-25T09:32:20.559378+00:00,1777109540.5593781,452,726,49.41,36.53,35.88,39.25,low,light,rising,stable,
2026-04-25T09:32:20.560893+00:00,1777109540.5608928,464,720,45.88,37.33,36.76,39.08,low,light,rising,stable,
2026-04-25T09:32:20.561946+00:00,1777109540.5619457,476,715,42.35,38.0,37.61,38.92,low,light,rising,falling,
2026-04-25T09:32:20.562791+00:00,1777109540.562791,488,710,38.82,38.67,38.42,38.75,low,light,rising,stable,
2026-04-25T09:32:20.564342+00:00,1777109540.5643423,499,705,35.59,39.33,39.23,38.6,low,light,stable,stable,
2026-04-25T09:32:20.565188+00:00,1777109540.5651882,510,700,32.35,40.0,40.04,38.45,low,light,falling,stable,
2026-04-25T09:32:20.565976+00:00,1777109540.5659764,521,696,29.12,40.53,40.81,38.28,low,light,falling,stable,
2026-04-25T09:32:20.566695+00:00,1777109540.5666947,532,691,25.88,41.2,37.42,38.95,low,light,falling,stable,
2026-04-25T09:32:20.567426+00:00,1777109540.567426,542,686,22.94,41.87,34.12,39.62,low,light,falling,stable,
2026-04-25T09:32:21.842774+00:00,1777109541.8427744,440,731,52.94,35.87,35.0,39.43,low,light,falling,stable,
2026-04-25T09:32:22.007455+00:00,1777109542.0074549,452,726,49.41,36.53,35.88,39.25,low,light,rising,stable,
2026-04-25T09:32:22.009513+00:00,1777109542.0095127,464,720,45.88,37.33,36.76,39.08,low,light,rising,stable,
2026-04-25T09:32:22.011080+00:00,1777109542.0110798,476,715,42.35,38.0,37.61,38.92,low,light,rising,falling,
2026-04-25T09:32:22.011918+00:00,1777109542.0119183,488,710,38.82,38.67,38.42,38.75,low,light,rising,stable,
2026-04-25T09:32:22.013081+00:00,1777109542.013081,499,705,35.59,39.33,39.23,38.6,low,light,stable,stable,
2026-04-25T09:32:22.013894+00:00,1777109542.0138938,510,700,32.35,40.0,40.04,38.45,low,light,falling,stable,
2026-04-25T09:32:22.015025+00:00,1777109542.0150247,521,696,29.12,40.53,40.81,38.28,low,light,falling,stable,
2026-04-25T09:32:22.015694+00:00,1777109542.0156944,532,691,25.88,41.2,37.42,38.95,low,light,falling,stable,
2026-04-25T09:32:22.016371+00:00,1777109542.0163708,542,686,22.94,41.87,34.12,39.62,low,light,falling,stable,
2026-04-25T09:32:22.016997+00:00,1777109542.016997,552,682,20.0,42.4,30.88,40.25,low,light,falling,stable,
2026-04-25T09:32:23.185528+00:00,1777109543.1855278,452,726,49.41,36.53,31.76,40.07,low,light,falling,stable,
2026-04-25T09:32:23.543990+00:00,1777109543.5439904,464,720,45.88,37.33,32.65,39.9,low,light,rising,stable,
2026-04-25T09:32:23.545635+00:00,1777109543.545635,476,715,42.35,38.0,33.49,39.73,low,light,rising,stable,
2026-04-25T09:32:23.546337+00:00,1777109543.5463374,488,710,38.82,38.67,34.3,39.57,low,light,rising,falling,
2026-04-25T09:32:23.547207+00:00,1777109543.5472066,499,705,35.59,39.33,35.11,39.42,low,light,rising,stable,
2026-04-25T09:32:23.547909+00:00,1777109543.5479085,510,700,32.35,40.0,35.92,39.27,low,light,stable,stable,
2026-04-25T09:32:23.548630+00:00,1777109543.5486302,521,696,29.12,40.53,36.69,39.1,low,light,falling,stable,
2026-04-25T09:32:23.549342+00:00,1777109543.5493422,532,691,25.88,41.2,37.42,38.95,low,light,falling,stable,
2026-04-25T09:32:23.550091+00:00,1777109543.5500906,542,686,22.94,41.87,34.12,39.62,low,light,falling,stable,
2026-04-25T09:32:23.550786+00:00,1777109543.5507858,552,682,20.0,42.4,30.88,40.25,low,light,falling,stable,
2026-04-25T09:32:23.551480+00:00,1777109543.5514798,561,677,17.35,43.07,27.76,40.88,low,light,falling,stable,
2026-04-25T09:32:24.369339+00:00,1777109544.3693395,464,720,45.88,37.33,28.64,40.72,low,light,falling,stable,
2026-04-25T09:32:24.469294+00:00,1777109544.4692943,476,715,42.35,38.0,29.48,40.55,low,light,rising,stable,
2026-04-25T09:32:24.471113+00:00,1777109544.4711132,488,710,38.82,38.67,30.29,40.38,low,light,rising,stable,
2026-04-25T09:32:24.471933+00:00,1777109544.471933,499,705,35.59,39.33,31.1,40.23,low,light,rising,falling,
2026-04-25T09:32:24.472784+00:00,1777109544.4727843,510,700,32.35,40.0,31.91,40.08,low,light,rising,stable,
2026-04-25T09:32:24.474150+00:00,1777109544.4741504,521,696,29.12,40.53,32.68,39.92,low,light,stable,stable,
2026-04-25T09:32:24.474951+00:00,1777109544.474951,532,691,25.88,41.2,33.42,39.77,low,light,falling,stable,
2026-04-25T09:32:24.476064+00:00,1777109544.4760642,542,686,22.94,41.87,34.12,39.62,low,light,falling,stable,
2026-04-25T09:32:24.477035+00:00,1777109544.4770353,552,682,20.0,42.4,30.88,40.25,low,light,falling,stable,
2026-04-25T09:32:24.477815+00:00,1777109544.4778152,561,677,17.35,43.07,27.76,40.88,low,light,falling,stable,
2026-04-25T09:32:24.478517+00:00,1777109544.4785168,570,673,14.71,43.6,24.74,41.5,dry,light,falling,stable,TOO_DRY
2026-04-25T09:32:25.946372+00:00,1777109545.9463723,476,715,42.35,38.0,25.59,41.33,low,light,falling,stable,
2026-04-25T09:32:26.028810+00:00,1777109546.02881,488,710,38.82,38.67,26.4,41.17,low,light,rising,stable,
2026-04-25T09:32:26.030262+00:00,1777109546.0302615,499,705,35.59,39.33,27.21,41.02,low,light,rising,stable,
2026-04-25T09:32:26.031152+00:00,1777109546.0311518,510,700,32.35,40.0,28.01,40.87,low,light,rising,falling,
2026-04-25T09:32:26.031998+00:00,1777109546.0319982,521,696,29.12,40.53,28.79,40.7,low,light,rising,stable,
2026-04-25T09:32:26.032774+00:00,1777109546.0327742,532,691,25.88,41.2,29.52,40.55,low,light,stable,stable,
2026-04-25T09:32:26.033604+00:00,1777109546.0336037,542,686,22.94,41.87,30.22,40.4,low,light,falling,stable,
2026-04-25T09:32:26.034897+00:00,1777109546.034897,552,682,20.0,42.4,30.88,40.25,low,light,falling,stable,
2026-04-25T09:32:26.035578+00:00,1777109546.0355778,561,677,17.35,43.07,27.76,40.88,low,light,falling,stable,
2026-04-25T09:32:26.036224+00:00,1777109546.036224,570,673,14.71,43.6,24.74,41.5,dry,light,falling,stable,TOO_DRY
2026-04-25T09:32:27.620758+00:00,1777109547.620758,476,715,42.35,38.0,25.59,41.33,low,light,falling,stable,
2026-04-25T09:32:27.728741+00:00,1777109547.7287407,488,710,38.82,38.67,26.4,41.17,low,light,rising,stable,
2026-04-25T09:32:27.730320+00:00,1777109547.73032,499,705,35.59,39.33,27.21,41.02,low,light,rising,stable,
2026-04-25T09:32:27.731183+00:00,1777109547.7311833,510,700,32.35,40.0,28.01,40.87,low,light,rising,falling,
2026-04-25T09:32:27.731932+00:00,1777109547.7319324,521,696,29.12,40.53,28.79,40.7,low,light,rising,stable,
2026-04-25T09:32:27.733091+00:00,1777109547.7330909,532,691,25.88,41.2,29.52,40.55,low,light,stable,stable,
2026-04-25T09:32:27.733791+00:00,1777109547.733791,542,686,22.94,41.87,30.22,40.4,low,light,falling,stable,
2026-04-25T09:32:27.735081+00:00,1777109547.7350814,552,682,20.0,42.4,30.88,40.25,low,light,falling,stable,
2026-04-25T09:32:27.735785+00:00,1777109547.7357852,561,677,17.35,43.07,27.76,40.88,low,light,falling,stable,
2026-04-25T09:32:27.736417+00:00,1777109547.7364166,570,673,14.71,43.6,24.74,41.5,dry,light,falling,stable,TOO_DRY
2026-04-25T09:32:27.737040+00:00,1777109547.7370403,578,668,12.35,44.27,21.84,42.12,dry,light,falling,stable,TOO_DRY
2026-04-25T09:32:28.992942+00:00,1777109548.9929419,488,710,38.82,38.67,22.65,41.95,dry,light,falling,stable,TOO_DRY
2026-04-25T09:32:29.050309+00:00,1777109549.0503092,499,705,35.59,39.33,23.46,41.8,dry,light,rising,stable,TOO_DRY
2026-04-25T09:32:29.052425+00:00,1777109549.0524254,510,700,32.35,40.0,24.26,41.65,dry,light,rising,stable,TOO_DRY
2026-04-25T09:32:29.053385+00:00,1777109549.0533855,521,696,29.12,40.53,25.04,41.48,low,light,rising,falling,
2026-04-25T09:32:29.054448+00:00,1777109549.054448,532,691,25.88,41.2,25.77,41.33,low,light,rising,stable,
2026-04-25T09:32:29.055426+00:00,1777109549.055426,542,686,22.94,41.87,26.47,41.18,low,light,stable,stable,
2026-04-25T09:32:29.056351+00:00,1777109549.0563514,552,682,20.0,42.4,27.13,41.03,low,light,falling,stable,
2026-04-25T09:32:29.057100+00:00,1777109549.0571003,561,677,17.35,43.07,27.76,40.88,low,light,falling,stable,
2026-04-25T09:32:29.057759+00:00,1777109549.0577588,570,673,14.71,43.6,24.74,41.5,dry,light,falling,stable,TOO_DRY
2026-04-25T09:32:29.058390+00:00,1777109549.05839,578,668,12.35,44.27,21.84,42.12,dry,light,falling,stable,TOO_DRY
2026-04-25T09:32:29.059008+00:00,1777109549.059008,585,664,10.29,44.8,19.08,42.72,dry,light,falling,stable,TOO_DRY
2026-04-25T09:32:30.530238+00:00,1777109550.530238,499,705,35.59,39.33,19.89,42.57,dry,light,falling,stable,TOO_DRY
2026-04-25T09:32:30.594641+00:00,1777109550.594641,510,700,32.35,40.0,20.7,42.42,dry,light,rising,stable,TOO_DRY
2026-04-25T09:32:30.596534+00:00,1777109550.5965335,521,696,29.12,40.53,21.47,42.25,dry,light,rising,stable,TOO_DRY
2026-04-25T09:32:30.597669+00:00,1777109550.5976686,532,691,25.88,41.2,22.21,42.1,dry,light,rising,falling,TOO_DRY
2026-04-25T09:32:30.598653+00:00,1777109550.598653,542,686,22.94,41.87,22.9,41.95,dry,light,rising,stable,TOO_DRY
2026-04-25T09:32:30.599435+00:00,1777109550.5994346,552,682,20.0,42.4,23.57,41.8,dry,light,stable,stable,TOO_DRY
2026-04-25T09:32:30.600216+00:00,1777109550.6002162,561,677,17.35,43.07,24.19,41.65,dry,light,falling,stable,TOO_DRY
2026-04-25T09:32:30.600922+00:00,1777109550.600922,570,673,14.71,43.6,24.74,41.5,dry,light,falling,stable,TOO_DRY
2026-04-25T09:32:30.601587+00:00,1777109550.6015866,578,668,12.35,44.27,21.84,42.12,dry,light,falling,stable,TOO_DRY
2026-04-25T09:32:30.602448+00:00,1777109550.602448,585,664,10.29,44.8,19.08,42.72,dry,light,falling,stable,TOO_DRY
2026-04-25T09:32:30.603178+00:00,1777109550.6031775,592,660,8.24,45.33,16.47,43.32,dry,light,falling,stable,TOO_DRY
2026-04-25T09:32:32.128095+00:00,1777109552.128095,510,700,32.35,40.0,17.28,43.17,dry,light,stable,stable,TOO_DRY
2026-04-25T09:32:32.335780+00:00,1777109552.3357801,521,696,29.12,40.53,18.05,43.0,dry,light,rising,stable,TOO_DRY
2026-04-25T09:32:32.337611+00:00,1777109552.3376114,532,691,25.88,41.2,18.79,42.85,dry,light,rising,stable,TOO_DRY
2026-04-25T09:32:32.338404+00:00,1777109552.3384044,542,686,22.94,41.87,19.48,42.7,dry,light,rising,falling,TOO_DRY
2026-04-25T09:32:32.339525+00:00,1777109552.3395247,552,682,20.0,42.4,20.15,42.55,dry,light,rising,stable,TOO_DRY
2026-04-25T09:32:32.341138+00:00,1777109552.3411384,561,677,17.35,43.07,20.77,42.4,dry,light,stable,stable,TOO_DRY
2026-04-25T09:32:32.341958+00:00,1777109552.3419576,570,673,14.71,43.6,21.32,42.25,dry,light,falling,stable,TOO_DRY
2026-04-25T09:32:32.343640+00:00,1777109552.3436403,578,668,12.35,44.27,21.84,42.12,dry,light,falling,stable,TOO_DRY
2026-04-25T09:32:32.344745+00:00,1777109552.3447447,585,664,10.29,44.8,19.08,42.72,dry,light,falling,stable,TOO_DRY
2026-04-25T09:32:32.345613+00:00,1777109552.3456125,592,660,8.24,45.33,16.47,43.32,dry,light,falling,stable,TOO_DRY
2026-04-25T09:32:33.512141+00:00,1777109553.5121408,510,700,32.35,40.0,17.28,43.17,dry,light,stable,stable,TOO_DRY
2026-04-25T09:32:33.565866+00:00,1777109553.5658665,521,696,29.12,40.53,18.05,43.0,dry,light,rising,stable,TOO_DRY
2026-04-25T09:32:33.567799+00:00,1777109553.5677989,532,691,25.88,41.2,18.79,42.85,dry,light,rising,stable,TOO_DRY
2026-04-25T09:32:33.568785+00:00,1777109553.5687847,542,686,22.94,41.87,19.48,42.7,dry,light,rising,falling,TOO_DRY
2026-04-25T09:32:33.569863+00:00,1777109553.5698626,552,682,20.0,42.4,20.15,42.55,dry,light,rising,stable,TOO_DRY
2026-04-25T09:32:33.570679+00:00,1777109553.5706792,561,677,17.35,43.07,20.77,42.4,dry,light,stable,stable,TOO_DRY
2026-04-25T09:32:33.571556+00:00,1777109553.5715556,570,673,14.71,43.6,21.32,42.25,dry,light,falling,stable,TOO_DRY
2026-04-25T09:32:33.572602+00:00,1777109553.572602,578,668,12.35,44.27,21.84,42.12,dry,light,falling,stable,TOO_DRY
2026-04-25T09:32:33.573272+00:00,1777109553.5732718,585,664,10.29,44.8,19.08,42.72,dry,light,falling,stable,TOO_DRY
2026-04-25T09:32:33.573915+00:00,1777109553.5739145,592,660,8.24,45.33,16.47,43.32,dry,light,falling,stable,TOO_DRY
2026-04-25T09:32:33.574578+00:00,1777109553.5745778,598,656,6.47,45.87,14.04,43.9,dry,light,falling,stable,TOO_DRY
2026-04-25T09:32:34.707368+00:00,1777109554.7073681,521,696,29.12,40.53,14.82,43.73,dry,light,stable,stable,TOO_DRY
2026-04-25T09:32:34.922406+00:00,1777109554.9224064,532,691,25.88,41.2,15.55,43.58,dry,light,rising,stable,TOO_DRY
2026-04-25T09:32:34.924549+00:00,1777109554.924549,542,686,22.94,41.87,16.25,43.43,dry,light,rising,stable,TOO_DRY
2026-04-25T09:32:34.926708+00:00,1777109554.9267085,552,682,20.0,42.4,16.91,43.28,dry,light,rising,falling,TOO_DRY
2026-04-25T09:32:34.928067+00:00,1777109554.9280674,561,677,17.35,43.07,17.54,43.13,dry,light,rising,stable,TOO_DRY
2026-04-25T09:32:34.929518+00:00,1777109554.9295177,570,673,14.71,43.6,18.09,42.98,dry,light,stable,stable,TOO_DRY
2026-04-25T09:32:34.930558+00:00,1777109554.9305582,578,668,12.35,44.27,18.6,42.85,dry,light,falling,stable,TOO_DRY
2026-04-25T09:32:34.931827+00:00,1777109554.9318273,585,664,10.29,44.8,19.08,42.72,dry,light,falling,stable,TOO_DRY
2026-04-25T09:32:34.932928+00:00,1777109554.932928,592,660,8.24,45.33,16.47,43.32,dry,light,falling,stable,TOO_DRY
2026-04-25T09:32:34.933583+00:00,1777109554.9335825,598,656,6.47,45.87,14.04,43.9,dry,light,falling,stable,TOO_DRY
2026-04-25T09:32:34.934229+00:00,1777109554.934229,604,652,4.71,46.4,11.77,44.47,dry,light,falling,stable,TOO_DRY
2026-04-25T09:32:36.175016+00:00,1777109556.1750157,335,695,83.82,40.67,19.74,44.25,dry,light,rising,stable,TOO_DRY
2026-04-25T09:32:36.273836+00:00,1777109556.2738361,532,691,25.88,41.2,20.81,44.02,dry,light,rising,stable,TOO_DRY
2026-04-25T09:32:36.275631+00:00,1777109556.2756312,542,686,22.94,41.87,21.84,43.8,dry,light,rising,stable,TOO_DRY
2026-04-25T09:32:36.276434+00:00,1777109556.2764342,552,682,20.0,42.4,22.79,43.57,dry,light,rising,falling,TOO_DRY
2026-04-25T09:32:36.277571+00:00,1777109556.277571,561,677,17.35,43.07,23.68,43.35,dry,light,falling,stable,TOO_DRY
2026-04-25T09:32:36.278400+00:00,1777109556.2784002,570,673,14.71,43.6,24.48,43.13,dry,light,falling,stable,TOO_DRY
2026-04-25T09:32:36.279155+00:00,1777109556.2791548,578,668,12.35,44.27,25.22,42.94,low,light,falling,stable,
2026-04-25T09:32:36.279968+00:00,1777109556.2799675,585,664,10.29,44.8,25.92,42.73,low,light,falling,stable,
2026-04-25T09:32:36.281277+00:00,1777109556.2812774,592,660,8.24,45.33,16.47,43.32,dry,light,falling,stable,TOO_DRY
2026-04-25T09:32:36.282037+00:00,1777109556.282037,598,656,6.47,45.87,14.04,43.9,dry,light,falling,stable,TOO_DRY
2026-04-25T09:32:36.282661+00:00,1777109556.2826612,604,652,4.71,46.4,11.77,44.47,dry,light,falling,stable,TOO_DRY
2026-04-25T09:32:37.343031+00:00,1777109557.343031,532,691,25.88,41.2,12.5,44.32,dry,light,stable,stable,TOO_DRY
2026-04-25T09:32:37.460437+00:00,1777109557.4604373,542,686,22.94,41.87,13.2,44.17,dry,light,rising,stable,TOO_DRY
2026-04-25T09:32:37.461862+00:00,1777109557.461862,552,682,20.0,42.4,13.86,44.02,dry,light,rising,stable,TOO_DRY
2026-04-25T09:32:37.463187+00:00,1777109557.4631872,561,677,17.35,43.07,14.48,43.87,dry,light,rising,falling,TOO_DRY
2026-04-25T09:32:37.463999+00:00,1777109557.4639988,570,673,14.71,43.6,15.04,43.72,dry,light,rising,stable,TOO_DRY
2026-04-25T09:32:37.464660+00:00,1777109557.4646597,578,668,12.35,44.27,15.55,43.59,dry,light,stable,stable,TOO_DRY
2026-04-25T09:32:37.465291+00:00,1777109557.465291,585,664,10.29,44.8,16.03,43.45,dry,light,falling,stable,TOO_DRY
2026-04-25T09:32:37.466064+00:00,1777109557.4660642,592,660,8.24,45.33,16.47,43.32,dry,light,falling,stable,TOO_DRY
2026-04-25T09:32:37.466856+00:00,1777109557.4668565,598,656,6.47,45.87,14.04,43.9,dry,light,falling,stable,TOO_DRY
2026-04-25T09:32:37.467638+00:00,1777109557.4676375,604,652,4.71,46.4,11.77,44.47,dry,light,falling,stable,TOO_DRY
2026-04-25T09:32:37.468342+00:00,1777109557.4683418,608,649,3.53,46.8,9.71,45.02,dry,moderate,falling,stable,TOO_DRY
2026-04-25T09:32:38.939049+00:00,1777109558.9390485,542,686,22.94,41.87,10.4,44.87,dry,light,stable,stable,TOO_DRY
2026-04-25T09:32:39.041045+00:00,1777109559.0410447,552,682,20.0,42.4,11.07,44.72,dry,light,rising,stable,TOO_DRY
2026-04-25T09:32:39.042808+00:00,1777109559.0428076,561,677,17.35,43.07,11.69,44.57,dry,light,rising,stable,TOO_DRY
2026-04-25T09:32:39.044011+00:00,1777109559.0440114,570,673,14.71,43.6,12.24,44.42,dry,light,rising,falling,TOO_DRY
2026-04-25T09:32:39.044855+00:00,1777109559.0448554,578,668,12.35,44.27,12.76,44.28,dry,light,rising,stable,TOO_DRY
2026-04-25T09:32:39.045470+00:00,1777109559.0454695,585,664,10.29,44.8,13.23,44.15,dry,light,stable,stable,TOO_DRY
2026-04-25T09:32:39.046105+00:00,1777109559.046105,592,660,8.24,45.33,13.68,44.02,dry,light,falling,stable,TOO_DRY
2026-04-25T09:32:39.046781+00:00,1777109559.0467806,598,656,6.47,45.87,14.04,43.9,dry,light,falling,stable,TOO_DRY
2026-04-25T09:32:39.047339+00:00,1777109559.0473387,604,652,4.71,46.4,11.77,44.47,dry,light,falling,stable,TOO_DRY
2026-04-25T09:32:39.047919+00:00,1777109559.0479193,608,649,3.53,46.8,9.71,45.02,dry,moderate,falling,stable,TOO_DRY
2026-04-25T09:32:39.048565+00:00,1777109559.0485654,612,645,2.35,47.33,7.83,45.55,dry,moderate,falling,stable,TOO_DRY
2026-04-25T09:32:40.277068+00:00,1777109560.2770684,354,704,78.24,39.47,15.77,45.03,dry,moderate,rising,stable,TOO_DRY
2026-04-25T09:32:40.409178+00:00,1777109560.409178,552,682,20.0,42.4,16.73,44.8,dry,light,rising,stable,TOO_DRY
2026-04-25T09:32:40.411324+00:00,1777109560.4113238,561,677,17.35,43.07,17.61,44.58,dry,light,rising,falling,TOO_DRY
2026-04-25T09:32:40.412151+00:00,1777109560.4121513,570,673,14.71,43.6,18.42,44.37,dry,light,rising,falling,TOO_DRY
2026-04-25T09:32:40.413406+00:00,1777109560.4134064,578,668,12.35,44.27,19.16,44.17,dry,light,falling,stable,TOO_DRY
2026-04-25T09:32:40.414774+00:00,1777109560.4147737,585,664,10.29,44.8,19.85,43.97,dry,light,falling,stable,TOO_DRY
2026-04-25T09:32:40.415461+00:00,1777109560.4154613,592,660,8.24,45.33,20.44,43.78,dry,light,falling,stable,TOO_DRY
2026-04-25T09:32:40.416811+00:00,1777109560.4168115,598,656,6.47,45.87,20.96,43.6,dry,light,falling,stable,TOO_DRY
2026-04-25T09:32:40.418008+00:00,1777109560.4180076,604,652,4.71,46.4,11.77,44.47,dry,light,falling,stable,TOO_DRY
2026-04-25T09:32:40.418842+00:00,1777109560.4188416,608,649,3.53,46.8,9.71,45.02,dry,moderate,falling,stable,TOO_DRY
2026-04-25T09:32:40.419633+00:00,1777109560.4196334,612,645,2.35,47.33,7.83,45.55,dry,moderate,falling,stable,TOO_DRY
2026-04-25T09:32:41.823623+00:00,1777109561.8236234,552,682,20.0,42.4,8.49,45.4,dry,moderate,stable,stable,TOO_DRY
2026-04-25T09:32:42.063881+00:00,1777109562.0638807,561,677,17.35,43.07,9.12,45.25,dry,moderate,rising,stable,TOO_DRY
2026-04-25T09:32:42.065605+00:00,1777109562.065605,570,673,14.71,43.6,9.67,45.1,dry,moderate,rising,stable,TOO_DRY
2026-04-25T09:32:42.066439+00:00,1777109562.0664392,578,668,12.35,44.27,10.18,44.97,dry,light,rising,falling,TOO_DRY
2026-04-25T09:32:42.067138+00:00,1777109562.067138,585,664,10.29,44.8,10.66,44.83,dry,light,rising,stable,TOO_DRY
2026-04-25T09:32:42.068267+00:00,1777109562.068267,592,660,8.24,45.33,11.1,44.7,dry,light,stable,stable,TOO_DRY
2026-04-25T09:32:42.069196+00:00,1777109562.0691957,598,656,6.47,45.87,11.47,44.58,dry,light,falling,stable,TOO_DRY
2026-04-25T09:32:42.069956+00:00,1777109562.069956,604,652,4.71,46.4,11.77,44.47,dry,light,falling,stable,TOO_DRY
2026-04-25T09:32:42.070671+00:00,1777109562.0706706,608,649,3.53,46.8,9.71,45.02,dry,moderate,falling,stable,TOO_DRY
2026-04-25T09:32:42.071381+00:00,1777109562.0713809,612,645,2.35,47.33,7.83,45.55,dry,moderate,falling,stable,TOO_DRY
2026-04-25T09:32:42.072839+00:00,1777109562.0728395,619,632,0.29,49.07,6.03,46.23,dry,moderate,falling,stable,TOO_DRY
2026-04-25T09:32:43.444845+00:00,1777109563.4448452,561,677,17.35,43.07,6.65,46.08,dry,moderate,stable,stable,TOO_DRY
2026-04-25T09:32:43.675813+00:00,1777109563.6758132,570,673,14.71,43.6,7.21,45.93,dry,moderate,stable,stable,TOO_DRY
2026-04-25T09:32:43.677341+00:00,1777109563.6773412,578,668,12.35,44.27,7.72,45.8,dry,moderate,rising,stable,TOO_DRY
2026-04-25T09:32:43.678218+00:00,1777109563.6782176,585,664,10.29,44.8,8.2,45.67,dry,moderate,rising,falling,TOO_DRY
2026-04-25T09:32:43.679097+00:00,1777109563.679097,592,660,8.24,45.33,8.64,45.53,dry,moderate,rising,stable,TOO_DRY
2026-04-25T09:32:43.679981+00:00,1777109563.6799812,598,656,6.47,45.87,9.01,45.42,dry,moderate,stable,stable,TOO_DRY
2026-04-25T09:32:43.681029+00:00,1777109563.681029,604,652,4.71,46.4,9.3,45.3,dry,moderate,falling,stable,TOO_DRY
2026-04-25T09:32:43.681771+00:00,1777109563.6817708,608,649,3.53,46.8,9.71,45.02,dry,moderate,falling,stable,TOO_DRY
2026-04-25T09:32:43.682691+00:00,1777109563.682691,612,645,2.35,47.33,7.83,45.55,dry,moderate,falling,stable,TOO_DRY
2026-04-25T09:32:43.683490+00:00,1777109563.6834896,619,632,0.29,49.07,6.03,46.23,dry,moderate,falling,stable,TOO_DRY
2026-04-25T09:32:43.684177+00:00,1777109563.6841772,619,629,0.29,49.47,4.52,46.88,dry,moderate,falling,stable,TOO_DRY
2026-04-25T09:32:45.233995+00:00,1777109565.233995,570,673,14.71,43.6,5.07,46.73,dry,moderate,stable,stable,TOO_DRY
2026-04-25T09:32:45.546565+00:00,1777109565.5465646,578,668,12.35,44.27,5.59,46.6,dry,moderate,stable,stable,TOO_DRY
2026-04-25T09:32:45.548352+00:00,1777109565.5483518,585,664,10.29,44.8,6.06,46.47,dry,moderate,rising,stable,TOO_DRY
2026-04-25T09:32:45.549258+00:00,1777109565.5492578,592,660,8.24,45.33,6.51,46.33,dry,moderate,rising,falling,TOO_DRY
2026-04-25T09:32:45.549974+00:00,1777109565.549974,598,656,6.47,45.87,6.87,46.22,dry,moderate,rising,stable,TOO_DRY
2026-04-25T09:32:45.550614+00:00,1777109565.550614,604,652,4.71,46.4,7.17,46.1,dry,moderate,stable,stable,TOO_DRY
2026-04-25T09:32:45.552059+00:00,1777109565.5520587,608,649,3.53,46.8,7.57,45.82,dry,moderate,falling,stable,TOO_DRY
2026-04-25T09:32:45.553339+00:00,1777109565.5533388,612,645,2.35,47.33,7.83,45.55,dry,moderate,falling,stable,TOO_DRY
2026-04-25T09:32:45.554103+00:00,1777109565.5541034,619,632,0.29,49.07,6.03,46.23,dry,moderate,falling,stable,TOO_DRY
2026-04-25T09:32:45.555356+00:00,1777109565.5553563,619,629,0.29,49.47,4.52,46.88,dry,moderate,falling,stable,TOO_DRY
2026-04-25T09:32:45.556125+00:00,1777109565.5561247,606,616,4.12,51.2,3.75,47.68,dry,moderate,falling,rising,TOO_DRY
2026-04-25T09:32:46.509297+00:00,1777109566.5092971,578,668,12.35,44.27,4.26,47.55,dry,moderate,stable,stable,TOO_DRY
2026-04-25T09:32:46.570405+00:00,1777109566.5704045,585,664,10.29,44.8,4.74,47.42,dry,moderate,rising,stable,TOO_DRY
2026-04-25T09:32:46.571924+00:00,1777109566.5719237,592,660,8.24,45.33,5.18,47.28,dry,moderate,rising,stable,TOO_DRY
2026-04-25T09:32:46.572892+00:00,1777109566.5728922,598,656,6.47,45.87,5.55,47.17,dry,moderate,rising,falling,TOO_DRY
2026-04-25T09:32:46.573602+00:00,1777109566.5736022,604,652,4.71,46.4,5.84,47.05,dry,moderate,rising,stable,TOO_DRY
2026-04-25T09:32:46.574416+00:00,1777109566.5744164,608,649,3.53,46.8,6.25,46.77,dry,moderate,stable,stable,TOO_DRY
2026-04-25T09:32:46.575164+00:00,1777109566.5751638,612,645,2.35,47.33,6.51,46.5,dry,moderate,falling,stable,TOO_DRY
2026-04-25T09:32:46.575896+00:00,1777109566.575896,619,632,0.29,49.07,6.03,46.23,dry,moderate,falling,stable,TOO_DRY
2026-04-25T09:32:46.576535+00:00,1777109566.5765352,619,629,0.29,49.47,4.52,46.88,dry,moderate,falling,stable,TOO_DRY
2026-04-25T09:32:46.577144+00:00,1777109566.5771444,606,616,4.12,51.2,3.75,47.68,dry,moderate,falling,rising,TOO_DRY
2026-04-25T09:32:46.578413+00:00,1777109566.5784132,601,614,5.59,51.47,3.42,48.45,dry,moderate,stable,rising,TOO_DRY
2026-04-25T09:32:47.928354+00:00,1777109567.9283538,585,664,10.29,44.8,3.9,48.32,dry,moderate,stable,stable,TOO_DRY
2026-04-25T09:32:48.261372+00:00,1777109568.2613723,592,660,8.24,45.33,4.34,48.18,dry,moderate,rising,stable,TOO_DRY
2026-04-25T09:32:48.263052+00:00,1777109568.2630515,598,656,6.47,45.87,4.71,48.07,dry,moderate,rising,stable,TOO_DRY
2026-04-25T09:32:48.263910+00:00,1777109568.2639103,604,652,4.71,46.4,5.0,47.95,dry,moderate,rising,falling,TOO_DRY
2026-04-25T09:32:48.264572+00:00,1777109568.2645724,608,649,3.53,46.8,5.41,47.67,dry,moderate,stable,falling,TOO_DRY
2026-04-25T09:32:48.265641+00:00,1777109568.2656415,612,645,2.35,47.33,5.66,47.4,dry,moderate,stable,stable,TOO_DRY
2026-04-25T09:32:48.266314+00:00,1777109568.2663136,619,632,0.29,49.07,5.18,47.13,dry,moderate,falling,stable,TOO_DRY
2026-04-25T09:32:48.266974+00:00,1777109568.266974,619,629,0.29,49.47,4.52,46.88,dry,moderate,falling,stable,TOO_DRY
2026-04-25T09:32:48.267588+00:00,1777109568.2675884,606,616,4.12,51.2,3.75,47.68,dry,moderate,falling,rising,TOO_DRY
2026-04-25T09:32:48.268224+00:00,1777109568.2682245,601,614,5.59,51.47,3.42,48.45,dry,moderate,stable,rising,TOO_DRY
2026-04-25T09:32:48.269294+00:00,1777109568.2692938,595,612,7.35,51.73,3.53,49.18,dry,moderate,stable,rising,TOO_DRY
2026-04-25T09:32:49.248159+00:00,1777109569.2481587,592,660,8.24,45.33,3.97,49.05,dry,moderate,rising,stable,TOO_DRY
2026-04-25T09:32:49.334085+00:00,1777109569.3340847,598,656,6.47,45.87,4.34,48.93,dry,moderate,rising,stable,TOO_DRY
2026-04-25T09:32:49.336252+00:00,1777109569.3362522,604,652,4.71,46.4,4.63,48.82,dry,moderate,rising,stable,TOO_DRY
2026-04-25T09:32:49.337573+00:00,1777109569.337573,608,649,3.53,46.8,5.04,48.53,dry,moderate,stable,falling,TOO_DRY
2026-04-25T09:32:49.338326+00:00,1777109569.3383257,612,645,2.35,47.33,5.29,48.27,dry,moderate,stable,falling,TOO_DRY
2026-04-25T09:32:49.339491+00:00,1777109569.3394911,619,632,0.29,49.07,4.82,48.0,dry,moderate,falling,stable,TOO_DRY
2026-04-25T09:32:49.340664+00:00,1777109569.340664,619,629,0.29,49.47,4.15,47.75,dry,moderate,falling,stable,TOO_DRY
2026-04-25T09:32:49.341523+00:00,1777109569.3415234,606,616,4.12,51.2,3.75,47.68,dry,moderate,falling,rising,TOO_DRY
2026-04-25T09:32:49.342518+00:00,1777109569.342518,601,614,5.59,51.47,3.42,48.45,dry,moderate,stable,rising,TOO_DRY
2026-04-25T09:32:49.343295+00:00,1777109569.3432949,595,612,7.35,51.73,3.53,49.18,dry,moderate,stable,rising,TOO_DRY
2026-04-25T09:32:49.344055+00:00,1777109569.3440554,588,610,9.41,52.0,4.12,49.88,dry,moderate,rising,rising,TOO_DRY
2026-04-25T09:32:50.499050+00:00,1777109570.4990501,598,656,6.47,45.87,4.48,49.77,dry,moderate,rising,stable,TOO_DRY
2026-04-25T09:32:50.665347+00:00,1777109570.6653466,604,652,4.71,46.4,4.78,49.65,dry,moderate,rising,stable,TOO_DRY
2026-04-25T09:32:50.667234+00:00,1777109570.667234,608,649,3.53,46.8,5.18,49.37,dry,moderate,stable,falling,TOO_DRY
2026-04-25T09:32:50.667961+00:00,1777109570.6679606,612,645,2.35,47.33,5.44,49.1,dry,moderate,stable,falling,TOO_DRY
2026-04-25T09:32:50.668795+00:00,1777109570.6687949,619,632,0.29,49.07,4.96,48.83,dry,moderate,falling,stable,TOO_DRY
2026-04-25T09:32:50.669555+00:00,1777109570.6695552,619,629,0.29,49.47,4.3,48.58,dry,moderate,falling,stable,TOO_DRY
2026-04-25T09:32:50.670236+00:00,1777109570.6702363,606,616,4.12,51.2,3.9,48.52,dry,moderate,falling,stable,TOO_DRY
2026-04-25T09:32:50.671434+00:00,1777109570.6714337,601,614,5.59,51.47,3.42,48.45,dry,moderate,stable,rising,TOO_DRY
2026-04-25T09:32:50.672391+00:00,1777109570.6723914,595,612,7.35,51.73,3.53,49.18,dry,moderate,stable,rising,TOO_DRY
2026-04-25T09:32:50.673024+00:00,1777109570.6730244,588,610,9.41,52.0,4.12,49.88,dry,moderate,rising,rising,TOO_DRY
2026-04-25T09:32:51.890610+00:00,1777109571.8906105,598,656,6.47,45.87,4.48,49.77,dry,moderate,rising,stable,TOO_DRY
2026-04-25T09:32:52.104157+00:00,1777109572.1041574,604,652,4.71,46.4,4.78,49.65,dry,moderate,rising,stable,TOO_DRY
2026-04-25T09:32:52.106058+00:00,1777109572.1060584,608,649,3.53,46.8,5.18,49.37,dry,moderate,stable,falling,TOO_DRY
2026-04-25T09:32:52.107067+00:00,1777109572.107067,612,645,2.35,47.33,5.44,49.1,dry,moderate,stable,falling,TOO_DRY
2026-04-25T09:32:52.107925+00:00,1777109572.1079254,619,632,0.29,49.07,4.96,48.83,dry,moderate,falling,stable,TOO_DRY
2026-04-25T09:32:52.108893+00:00,1777109572.1088927,619,629,0.29,49.47,4.3,48.58,dry,moderate,falling,stable,TOO_DRY
2026-04-25T09:32:52.110344+00:00,1777109572.110344,606,616,4.12,51.2,3.9,48.52,dry,moderate,falling,stable,TOO_DRY
2026-04-25T09:32:52.111444+00:00,1777109572.1114438,601,614,5.59,51.47,3.42,48.45,dry,moderate,stable,rising,TOO_DRY
2026-04-25T09:32:52.112425+00:00,1777109572.1124249,595,612,7.35,51.73,3.53,49.18,dry,moderate,stable,rising,TOO_DRY
2026-04-25T09:32:52.113232+00:00,1777109572.1132324,588,610,9.41,52.0,4.12,49.88,dry,moderate,rising,rising,TOO_DRY
2026-04-25T09:32:52.113962+00:00,1777109572.1139624,581,608,11.47,52.27,5.11,50.57,dry,moderate,rising,stable,TOO_DRY
2026-04-25T09:32:53.217274+00:00,1777109573.2172744,604,652,4.71,46.4,5.4,50.45,dry,moderate,rising,stable,TOO_DRY
2026-04-25T09:32:53.486878+00:00,1777109573.486878,608,649,3.53,46.8,5.81,50.17,dry,moderate,stable,stable,TOO_DRY
2026-04-25T09:32:53.488844+00:00,1777109573.4888437,612,645,2.35,47.33,6.07,49.9,dry,moderate,stable,falling,TOO_DRY
2026-04-25T09:32:53.490289+00:00,1777109573.4902892,619,632,0.29,49.07,5.59,49.63,dry,moderate,falling,falling,TOO_DRY
2026-04-25T09:32:53.491091+00:00,1777109573.4910908,619,629,0.29,49.47,4.92,49.38,dry,moderate,falling,stable,TOO_DRY
2026-04-25T09:32:53.491932+00:00,1777109573.491932,606,616,4.12,51.2,4.52,49.32,dry,moderate,falling,stable,TOO_DRY
2026-04-25T09:32:53.492864+00:00,1777109573.492864,601,614,5.59,51.47,4.04,49.25,dry,moderate,stable,stable,TOO_DRY
2026-04-25T09:32:53.493928+00:00,1777109573.493928,595,612,7.35,51.73,3.53,49.18,dry,moderate,stable,rising,TOO_DRY
2026-04-25T09:32:53.494792+00:00,1777109573.4947917,588,610,9.41,52.0,4.12,49.88,dry,moderate,rising,rising,TOO_DRY
2026-04-25T09:32:53.495773+00:00,1777109573.4957728,581,608,11.47,52.27,5.11,50.57,dry,moderate,rising,stable,TOO_DRY
2026-04-25T09:32:53.496708+00:00,1777109573.4967082,515,601,30.88,53.2,8.68,51.3,dry,moderate,rising,stable,TOO_DRY
2026-04-25T09:32:55.064606+00:00,1777109575.0646057,608,649,3.53,46.8,9.08,51.02,dry,moderate,rising,stable,TOO_DRY
2026-04-25T09:32:55.138020+00:00,1777109575.1380196,612,645,2.35,47.33,9.34,50.75,dry,moderate,rising,stable,TOO_DRY
2026-04-25T09:32:55.139564+00:00,1777109575.1395638,619,632,0.29,49.07,8.86,50.48,dry,moderate,stable,stable,TOO_DRY
2026-04-25T09:32:55.140556+00:00,1777109575.1405559,619,629,0.29,49.47,8.2,50.23,dry,moderate,falling,falling,TOO_DRY
2026-04-25T09:32:55.141470+00:00,1777109575.1414702,606,616,4.12,51.2,7.79,50.17,dry,moderate,falling,stable,TOO_DRY
2026-04-25T09:32:55.142181+00:00,1777109575.1421807,601,614,5.59,51.47,7.31,50.1,dry,moderate,falling,stable,TOO_DRY
2026-04-25T09:32:55.142900+00:00,1777109575.1429,595,612,7.35,51.73,6.8,50.03,dry,moderate,falling,stable,TOO_DRY
2026-04-25T09:32:55.143666+00:00,1777109575.1436663,588,610,9.41,52.0,4.12,49.88,dry,moderate,rising,rising,TOO_DRY
2026-04-25T09:32:55.144362+00:00,1777109575.1443617,581,608,11.47,52.27,5.11,50.57,dry,moderate,rising,stable,TOO_DRY
2026-04-25T09:32:55.145686+00:00,1777109575.1456857,515,601,30.88,53.2,8.68,51.3,dry,moderate,rising,stable,TOO_DRY
2026-04-25T09:32:55.146909+00:00,1777109575.1469092,504,600,34.12,53.33,12.9,51.83,dry,moderate,rising,stable,TOO_DRY
2026-04-25T09:32:56.810035+00:00,1777109576.8100345,612,645,2.35,47.33,13.16,51.57,dry,moderate,rising,stable,TOO_DRY
2026-04-25T09:32:57.427368+00:00,1777109577.4273677,619,632,0.29,49.07,12.68,51.3,dry,moderate,rising,stable,TOO_DRY
2026-04-25T09:32:57.429080+00:00,1777109577.4290795,619,629,0.29,49.47,12.02,51.05,dry,moderate,falling,stable,TOO_DRY
2026-04-25T09:32:57.430055+00:00,1777109577.4300554,606,616,4.12,51.2,11.62,50.98,dry,moderate,falling,falling,TOO_DRY
2026-04-25T09:32:57.430835+00:00,1777109577.4308352,601,614,5.59,51.47,11.14,50.92,dry,moderate,falling,stable,TOO_DRY
2026-04-25T09:32:57.431603+00:00,1777109577.4316027,595,612,7.35,51.73,10.62,50.85,dry,moderate,falling,stable,TOO_DRY
2026-04-25T09:32:57.432920+00:00,1777109577.43292,588,610,9.41,52.0,7.94,50.7,dry,moderate,stable,stable,TOO_DRY
2026-04-25T09:32:57.433620+00:00,1777109577.43362,581,608,11.47,52.27,5.11,50.57,dry,moderate,rising,stable,TOO_DRY
2026-04-25T09:32:57.434264+00:00,1777109577.4342642,515,601,30.88,53.2,8.68,51.3,dry,moderate,rising,stable,TOO_DRY
2026-04-25T09:32:57.434884+00:00,1777109577.4348843,504,600,34.12,53.33,12.9,51.83,dry,moderate,rising,stable,TOO_DRY
2026-04-25T09:32:57.435492+00:00,1777109577.4354918,492,600,37.65,53.33,17.57,52.32,dry,moderate,rising,stable,TOO_DRY
2026-04-25T09:32:58.162300+00:00,1777109578.1623003,619,632,0.29,49.07,17.09,52.05,dry,moderate,rising,stable,TOO_DRY
2026-04-25T09:32:58.230200+00:00,1777109578.2301998,619,629,0.29,49.47,16.43,51.8,dry,moderate,rising,stable,TOO_DRY
2026-04-25T09:32:58.231828+00:00,1777109578.231828,606,616,4.12,51.2,16.03,51.73,dry,moderate,falling,stable,TOO_DRY
2026-04-25T09:32:58.232888+00:00,1777109578.232888,601,614,5.59,51.47,15.55,51.67,dry,moderate,falling,stable,TOO_DRY
2026-04-25T09:32:58.234121+00:00,1777109578.2341208,595,612,7.35,51.73,15.04,51.6,dry,moderate,falling,stable,TOO_DRY
2026-04-25T09:32:58.234962+00:00,1777109578.2349625,588,610,9.41,52.0,12.35,51.45,dry,moderate,falling,stable,TOO_DRY
2026-04-25T09:32:58.235667+00:00,1777109578.2356672,581,608,11.47,52.27,9.52,51.32,dry,moderate,stable,stable,TOO_DRY
2026-04-25T09:32:58.236413+00:00,1777109578.2364128,515,601,30.88,53.2,8.68,51.3,dry,moderate,rising,stable,TOO_DRY
2026-04-25T09:32:58.237626+00:00,1777109578.2376258,504,600,34.12,53.33,12.9,51.83,dry,moderate,rising,stable,TOO_DRY
2026-04-25T09:32:58.238938+00:00,1777109578.238938,492,600,37.65,53.33,17.57,52.32,dry,moderate,rising,stable,TOO_DRY
2026-04-25T09:32:58.240212+00:00,1777109578.2402117,481,600,40.88,53.33,22.17,52.58,dry,moderate,rising,stable,TOO_DRY
2026-04-25T09:32:59.506295+00:00,1777109579.5062947,619,629,0.29,49.47,21.51,52.33,dry,moderate,rising,stable,TOO_DRY
2026-04-25T09:32:59.793821+00:00,1777109579.7938206,606,616,4.12,51.2,21.1,52.27,dry,moderate,stable,stable,TOO_DRY
2026-04-25T09:32:59.795435+00:00,1777109579.795435,601,614,5.59,51.47,20.62,52.2,dry,moderate,falling,stable,TOO_DRY
2026-04-25T09:32:59.796334+00:00,1777109579.796334,595,612,7.35,51.73,20.11,52.13,dry,moderate,falling,stable,TOO_DRY
2026-04-25T09:32:59.797305+00:00,1777109579.797305,588,610,9.41,52.0,17.43,51.98,dry,moderate,falling,stable,TOO_DRY
2026-04-25T09:32:59.798020+00:00,1777109579.7980204,581,608,11.47,52.27,14.6,51.85,dry,moderate,falling,stable,TOO_DRY
2026-04-25T09:32:59.798750+00:00,1777109579.7987504,515,601,30.88,53.2,13.75,51.83,dry,moderate,stable,stable,TOO_DRY
2026-04-25T09:32:59.799550+00:00,1777109579.7995503,504,600,34.12,53.33,12.9,51.83,dry,moderate,rising,stable,TOO_DRY
2026-04-25T09:32:59.800262+00:00,1777109579.8002617,492,600,37.65,53.33,17.57,52.32,dry,moderate,rising,stable,TOO_DRY
2026-04-25T09:32:59.801008+00:00,1777109579.8010085,481,600,40.88,53.33,22.17,52.58,dry,moderate,rising,stable,TOO_DRY
2026-04-25T09:32:59.801693+00:00,1777109579.8016932,469,600,44.41,53.33,27.02,52.81,low,moderate,rising,stable,
2026-04-25T09:33:01.414877+00:00,1777109581.4148767,606,616,4.12,51.2,26.62,52.75,low,moderate,rising,stable,
2026-04-25T09:33:01.932592+00:00,1777109581.9325917,601,614,5.59,51.47,26.14,52.68,low,moderate,falling,stable,
2026-04-25T09:33:01.934892+00:00,1777109581.9348922,595,612,7.35,51.73,25.62,52.62,low,moderate,falling,stable,
2026-04-25T09:33:01.936363+00:00,1777109581.936363,588,610,9.41,52.0,22.94,52.46,dry,moderate,falling,stable,TOO_DRY
2026-04-25T09:33:01.937149+00:00,1777109581.9371486,581,608,11.47,52.27,20.11,52.33,dry,moderate,falling,stable,TOO_DRY
2026-04-25T09:33:01.937899+00:00,1777109581.9378994,515,601,30.88,53.2,19.26,52.32,dry,moderate,falling,stable,TOO_DRY
2026-04-25T09:33:01.938733+00:00,1777109581.938733,504,600,34.12,53.33,18.42,52.32,dry,moderate,rising,stable,TOO_DRY
2026-04-25T09:33:01.939386+00:00,1777109581.9393861,492,600,37.65,53.33,17.57,52.32,dry,moderate,rising,stable,TOO_DRY
2026-04-25T09:33:01.940073+00:00,1777109581.940073,481,600,40.88,53.33,22.17,52.58,dry,moderate,rising,stable,TOO_DRY
2026-04-25T09:33:01.941358+00:00,1777109581.9413583,469,600,44.41,53.33,27.02,52.81,low,moderate,rising,stable,
2026-04-25T09:33:01.942277+00:00,1777109581.9422772,457,600,47.94,53.33,32.09,53.02,low,moderate,rising,stable,
2026-04-25T09:33:04.292800+00:00,1777109584.2928004,601,614,5.59,51.47,31.62,52.95,low,moderate,rising,stable,
2026-04-25T09:33:04.350677+00:00,1777109584.350677,595,612,7.35,51.73,31.1,52.88,low,moderate,falling,stable,
2026-04-25T09:33:04.352631+00:00,1777109584.352631,588,610,9.41,52.0,28.42,52.73,low,moderate,falling,stable,
2026-04-25T09:33:04.353611+00:00,1777109584.3536115,581,608,11.47,52.27,25.59,52.6,low,moderate,falling,stable,
2026-04-25T09:33:04.354525+00:00,1777109584.3545253,515,601,30.88,53.2,24.74,52.58,dry,moderate,falling,stable,TOO_DRY
2026-04-25T09:33:04.355591+00:00,1777109584.3555908,504,600,34.12,53.33,23.9,52.58,dry,moderate,falling,stable,TOO_DRY
2026-04-25T09:33:04.356685+00:00,1777109584.3566847,492,600,37.65,53.33,23.05,52.58,dry,moderate,rising,stable,TOO_DRY
2026-04-25T09:33:04.357409+00:00,1777109584.3574095,481,600,40.88,53.33,22.17,52.58,dry,moderate,rising,stable,TOO_DRY
2026-04-25T09:33:04.358065+00:00,1777109584.3580654,469,600,44.41,53.33,27.02,52.81,low,moderate,rising,stable,
2026-04-25T09:33:04.358699+00:00,1777109584.3586988,457,600,47.94,53.33,32.09,53.02,low,moderate,rising,stable,
2026-04-25T09:33:04.359328+00:00,1777109584.3593276,445,600,51.47,53.33,37.35,53.18,low,moderate,rising,stable,
2026-04-25T09:33:05.911187+00:00,1777109585.9111874,595,612,7.35,51.73,36.84,53.11,low,moderate,stable,stable,
2026-04-25T09:33:06.036211+00:00,1777109586.0362108,588,610,9.41,52.0,34.15,52.96,low,moderate,falling,stable,
2026-04-25T09:33:06.038389+00:00,1777109586.0383887,581,608,11.47,52.27,31.32,52.83,low,moderate,falling,stable,
2026-04-25T09:33:06.039167+00:00,1777109586.0391672,515,601,30.88,53.2,30.48,52.81,low,moderate,falling,stable,
2026-04-25T09:33:06.040119+00:00,1777109586.0401187,504,600,34.12,53.33,29.63,52.81,low,moderate,falling,stable,
2026-04-25T09:33:06.041419+00:00,1777109586.041419,492,600,37.65,53.33,28.79,52.81,low,moderate,stable,stable,
2026-04-25T09:33:06.042160+00:00,1777109586.0421603,481,600,40.88,53.33,27.9,52.81,low,moderate,rising,stable,
2026-04-25T09:33:06.042979+00:00,1777109586.0429785,469,600,44.41,53.33,27.02,52.81,low,moderate,rising,stable,
2026-04-25T09:33:06.043639+00:00,1777109586.0436392,457,600,47.94,53.33,32.09,53.02,low,moderate,rising,stable,
2026-04-25T09:33:06.044667+00:00,1777109586.0446665,445,600,51.47,53.33,37.35,53.18,low,moderate,rising,stable,
2026-04-25T09:33:06.045358+00:00,1777109586.045358,433,600,55.0,53.33,42.79,53.31,low,moderate,rising,stable,
2026-04-25T09:33:07.403021+00:00,1777109587.4030209,588,610,9.41,52.0,40.11,53.16,low,moderate,stable,stable,
2026-04-25T09:33:07.666264+00:00,1777109587.6662643,581,608,11.47,52.27,37.28,53.03,low,moderate,falling,stable,
2026-04-25T09:33:07.667584+00:00,1777109587.6675837,515,601,30.88,53.2,36.43,53.02,low,moderate,falling,stable,
2026-04-25T09:33:07.668696+00:00,1777109587.6686964,504,600,34.12,53.33,35.59,53.02,low,moderate,falling,stable,
2026-04-25T09:33:07.670052+00:00,1777109587.6700523,492,600,37.65,53.33,34.74,53.02,low,moderate,falling,stable,
2026-04-25T09:33:07.671433+00:00,1777109587.671433,481,600,40.88,53.33,33.86,53.02,low,moderate,rising,stable,
2026-04-25T09:33:07.672467+00:00,1777109587.6724672,469,600,44.41,53.33,32.98,53.02,low,moderate,rising,stable,
2026-04-25T09:33:07.673242+00:00,1777109587.673242,457,600,47.94,53.33,32.09,53.02,low,moderate,rising,stable,
2026-04-25T09:33:07.674053+00:00,1777109587.6740534,445,600,51.47,53.33,37.35,53.18,low,moderate,rising,stable,
2026-04-25T09:33:07.674808+00:00,1777109587.6748078,433,600,55.0,53.33,42.79,53.31,low,moderate,rising,stable,
2026-04-25T09:33:07.675880+00:00,1777109587.67588,422,601,58.24,53.2,46.21,53.31,optimal,moderate,rising,stable,
2026-04-25T09:33:08.997332+00:00,1777109588.9973316,581,608,11.47,52.27,43.38,53.18,low,moderate,stable,stable,
2026-04-25T09:33:09.204014+00:00,1777109589.2040143,515,601,30.88,53.2,42.54,53.16,low,moderate,falling,stable,
2026-04-25T09:33:09.205925+00:00,1777109589.2059245,504,600,34.12,53.33,41.69,53.16,low,moderate,falling,stable,
2026-04-25T09:33:09.206791+00:00,1777109589.2067912,492,600,37.65,53.33,40.85,53.16,low,moderate,falling,stable,
2026-04-25T09:33:09.207798+00:00,1777109589.2077982,481,600,40.88,53.33,39.96,53.16,low,moderate,falling,stable,
2026-04-25T09:33:09.208770+00:00,1777109589.2087696,469,600,44.41,53.33,39.08,53.16,low,moderate,stable,stable,
2026-04-25T09:33:09.209718+00:00,1777109589.209718,457,600,47.94,53.33,38.2,53.16,low,moderate,rising,stable,
2026-04-25T09:33:09.210642+00:00,1777109589.2106419,445,600,51.47,53.33,37.35,53.18,low,moderate,rising,stable,
2026-04-25T09:33:09.211556+00:00,1777109589.2115564,433,600,55.0,53.33,42.79,53.31,low,moderate,rising,stable,
2026-04-25T09:33:09.212423+00:00,1777109589.2124233,422,601,58.24,53.2,46.21,53.31,optimal,moderate,rising,stable,
2026-04-25T09:33:09.213413+00:00,1777109589.2134132,398,603,65.29,52.93,50.11,53.26,optimal,moderate,rising,stable,
2026-04-25T09:33:10.630579+00:00,1777109590.6305795,515,601,30.88,53.2,49.26,53.25,optimal,moderate,rising,stable,
2026-04-25T09:33:11.159304+00:00,1777109591.1593041,504,600,34.12,53.33,48.42,53.25,optimal,moderate,stable,stable,
2026-04-25T09:33:11.161591+00:00,1777109591.1615913,492,600,37.65,53.33,47.57,53.25,optimal,moderate,falling,stable,
2026-04-25T09:33:11.162577+00:00,1777109591.162577,481,600,40.88,53.33,46.69,53.25,optimal,moderate,falling,stable,
2026-04-25T09:33:11.163358+00:00,1777109591.1633577,469,600,44.41,53.33,45.81,53.25,optimal,moderate,falling,stable,
2026-04-25T09:33:11.164020+00:00,1777109591.1640198,457,600,47.94,53.33,44.93,53.25,low,moderate,falling,stable,
2026-04-25T09:33:11.164691+00:00,1777109591.1646914,445,600,51.47,53.33,44.08,53.26,low,moderate,rising,stable,
2026-04-25T09:33:11.165373+00:00,1777109591.165373,433,600,55.0,53.33,42.79,53.31,low,moderate,rising,stable,
2026-04-25T09:33:11.166183+00:00,1777109591.1661832,422,601,58.24,53.2,46.21,53.31,optimal,moderate,rising,stable,
2026-04-25T09:33:11.166814+00:00,1777109591.166814,398,603,65.29,52.93,50.11,53.26,optimal,moderate,rising,stable,
2026-04-25T09:33:11.167440+00:00,1777109591.16744,387,604,68.53,52.8,53.97,53.2,optimal,moderate,rising,stable,
2026-04-25T09:33:12.744492+00:00,1777109592.744492,535,790,25.0,28.0,51.98,50.03,optimal,moderate,rising,falling,
2026-04-25T09:33:13.801517+00:00,1777109593.8015175,504,600,34.12,53.33,50.7,50.03,optimal,moderate,falling,falling,
2026-04-25T09:33:13.803292+00:00,1777109593.8032923,492,600,37.65,53.33,49.41,50.03,optimal,moderate,falling,falling,
2026-04-25T09:33:13.804100+00:00,1777109593.8041,481,600,40.88,53.33,48.09,50.03,optimal,moderate,falling,falling,
2026-04-25T09:33:13.805440+00:00,1777109593.8054397,469,600,44.41,53.33,46.77,50.03,optimal,moderate,falling,rising,
2026-04-25T09:33:13.806185+00:00,1777109593.8061852,457,600,47.94,53.33,45.48,50.05,optimal,moderate,falling,rising,
2026-04-25T09:33:13.806942+00:00,1777109593.806942,445,600,51.47,53.33,43.75,50.1,low,moderate,rising,rising,
2026-04-25T09:33:13.807644+00:00,1777109593.807644,433,600,55.0,53.33,42.06,50.16,low,moderate,rising,rising,
2026-04-25T09:33:13.808570+00:00,1777109593.8085701,422,601,58.24,53.2,46.21,53.31,optimal,moderate,rising,stable,
2026-04-25T09:33:13.809366+00:00,1777109593.8093662,398,603,65.29,52.93,50.11,53.26,optimal,moderate,rising,stable,
2026-04-25T09:33:13.810424+00:00,1777109593.8104243,387,604,68.53,52.8,53.97,53.2,optimal,moderate,rising,stable,
2026-04-25T09:33:14.672196+00:00,1777109594.672196,504,600,34.12,53.33,53.12,53.2,optimal,moderate,rising,stable,
2026-04-25T09:33:14.951907+00:00,1777109594.951907,492,600,37.65,53.33,52.28,53.2,optimal,moderate,stable,stable,
2026-04-25T09:33:14.953822+00:00,1777109594.9538221,481,600,40.88,53.33,51.4,53.2,optimal,moderate,falling,stable,
2026-04-25T09:33:14.954575+00:00,1777109594.9545753,469,600,44.41,53.33,50.52,53.2,optimal,moderate,falling,stable,
2026-04-25T09:33:14.955456+00:00,1777109594.9554558,457,600,47.94,53.33,49.63,53.2,optimal,moderate,falling,stable,
2026-04-25T09:33:14.956153+00:00,1777109594.9561527,445,600,51.47,53.33,48.79,53.21,optimal,moderate,falling,stable,
2026-04-25T09:33:14.956796+00:00,1777109594.9567964,433,600,55.0,53.33,47.5,53.26,optimal,moderate,rising,stable,
2026-04-25T09:33:14.957422+00:00,1777109594.9574218,422,601,58.24,53.2,46.21,53.31,optimal,moderate,rising,stable,
2026-04-25T09:33:14.958049+00:00,1777109594.958049,398,603,65.29,52.93,50.11,53.26,optimal,moderate,rising,stable,
2026-04-25T09:33:14.958663+00:00,1777109594.9586635,387,604,68.53,52.8,53.97,53.2,optimal,moderate,rising,stable,
2026-04-25T09:33:14.959292+00:00,1777109594.9592924,376,605,71.76,52.67,57.83,53.12,optimal,moderate,rising,stable,
2026-04-25T09:33:15.901594+00:00,1777109595.9015937,492,600,37.65,53.33,56.98,53.12,optimal,moderate,rising,stable,
2026-04-25T09:33:16.060760+00:00,1777109596.0607598,481,600,40.88,53.33,56.1,53.12,optimal,moderate,stable,stable,
2026-04-25T09:33:16.062273+00:00,1777109596.0622725,469,600,44.41,53.33,55.22,53.12,optimal,moderate,falling,stable,
2026-04-25T09:33:16.063193+00:00,1777109596.0631933,457,600,47.94,53.33,54.34,53.12,optimal,moderate,falling,stable,
2026-04-25T09:33:16.063868+00:00,1777109596.063868,445,600,51.47,53.33,53.49,53.13,optimal,moderate,falling,stable,
2026-04-25T09:33:16.064555+00:00,1777109596.0645554,433,600,55.0,53.33,52.2,53.18,optimal,moderate,falling,stable,
2026-04-25T09:33:16.065534+00:00,1777109596.0655339,422,601,58.24,53.2,50.92,53.23,optimal,moderate,rising,stable,
2026-04-25T09:33:16.066203+00:00,1777109596.0662026,398,603,65.29,52.93,50.11,53.26,optimal,moderate,rising,stable,
2026-04-25T09:33:16.066873+00:00,1777109596.0668726,387,604,68.53,52.8,53.97,53.2,optimal,moderate,rising,stable,
2026-04-25T09:33:16.068022+00:00,1777109596.0680223,376,605,71.76,52.67,57.83,53.12,optimal,moderate,rising,stable,
2026-04-25T09:33:16.069009+00:00,1777109596.069009,366,606,74.71,52.53,61.62,53.02,optimal,moderate,rising,stable,
2026-04-25T09:33:17.143090+00:00,1777109597.1430902,481,600,40.88,53.33,60.73,53.02,optimal,moderate,rising,stable,
2026-04-25T09:33:17.198485+00:00,1777109597.1984851,469,600,44.41,53.33,59.85,53.02,optimal,moderate,falling,stable,
2026-04-25T09:33:17.199903+00:00,1777109597.1999035,457,600,47.94,53.33,58.97,53.02,optimal,moderate,falling,stable,
2026-04-25T09:33:17.200809+00:00,1777109597.2008092,445,600,51.47,53.33,58.12,53.03,optimal,moderate,falling,stable,
2026-04-25T09:33:17.201622+00:00,1777109597.2016225,433,600,55.0,53.33,56.84,53.08,optimal,moderate,falling,stable,
2026-04-25T09:33:17.202769+00:00,1777109597.202769,422,601,58.24,53.2,55.55,53.13,optimal,moderate,falling,stable,
2026-04-25T09:33:17.203657+00:00,1777109597.2036567,398,603,65.29,52.93,54.74,53.16,optimal,moderate,rising,stable,
2026-04-25T09:33:17.204626+00:00,1777109597.2046256,387,604,68.53,52.8,53.97,53.2,optimal,moderate,rising,stable,
2026-04-25T09:33:17.205641+00:00,1777109597.2056406,376,605,71.76,52.67,57.83,53.12,optimal,moderate,rising,stable,
2026-04-25T09:33:17.206521+00:00,1777109597.2065213,366,606,74.71,52.53,61.62,53.02,optimal,moderate,rising,stable,
2026-04-25T09:33:18.318103+00:00,1777109598.3181033,481,600,40.88,53.33,60.73,53.02,optimal,moderate,rising,stable,
2026-04-25T09:33:18.384955+00:00,1777109598.384955,469,600,44.41,53.33,59.85,53.02,optimal,moderate,falling,stable,
2026-04-25T09:33:18.386493+00:00,1777109598.3864932,457,600,47.94,53.33,58.97,53.02,optimal,moderate,falling,stable,
2026-04-25T09:33:18.387316+00:00,1777109598.3873158,445,600,51.47,53.33,58.12,53.03,optimal,moderate,falling,stable,
2026-04-25T09:33:18.388056+00:00,1777109598.388056,433,600,55.0,53.33,56.84,53.08,optimal,moderate,falling,stable,
2026-04-25T09:33:18.389148+00:00,1777109598.3891485,422,601,58.24,53.2,55.55,53.13,optimal,moderate,falling,stable,
2026-04-25T09:33:18.389924+00:00,1777109598.3899238,398,603,65.29,52.93,54.74,53.16,optimal,moderate,rising,stable,
2026-04-25T09:33:18.391244+00:00,1777109598.3912442,387,604,68.53,52.8,53.97,53.2,optimal,moderate,rising,stable,
2026-04-25T09:33:18.392381+00:00,1777109598.3923807,376,605,71.76,52.67,57.83,53.12,optimal,moderate,rising,stable,
2026-04-25T09:33:18.393057+00:00,1777109598.393057,366,606,74.71,52.53,61.62,53.02,optimal,moderate,rising,stable,
2026-04-25T09:33:18.393712+00:00,1777109598.3937116,328,613,85.88,51.6,66.36,52.8,optimal,moderate,rising,stable,
2026-04-25T09:33:19.442066+00:00,1777109599.4420662,469,600,44.41,53.33,65.48,52.8,optimal,moderate,rising,stable,
2026-04-25T09:33:19.490776+00:00,1777109599.490776,457,600,47.94,53.33,64.59,52.8,optimal,moderate,stable,stable,
2026-04-25T09:33:19.492705+00:00,1777109599.4927053,445,600,51.47,53.33,63.75,52.81,optimal,moderate,falling,stable,
2026-04-25T09:33:19.493562+00:00,1777109599.4935622,433,600,55.0,53.33,62.46,52.87,optimal,moderate,falling,stable,
2026-04-25T09:33:19.494638+00:00,1777109599.494638,422,601,58.24,53.2,61.18,52.91,optimal,moderate,falling,stable,
2026-04-25T09:33:19.495379+00:00,1777109599.4953794,398,603,65.29,52.93,60.37,52.95,optimal,moderate,falling,stable,
2026-04-25T09:33:19.496171+00:00,1777109599.4961715,387,604,68.53,52.8,59.59,52.98,optimal,moderate,rising,stable,
2026-04-25T09:33:19.497410+00:00,1777109599.49741,376,605,71.76,52.67,57.83,53.12,optimal,moderate,rising,stable,
2026-04-25T09:33:19.498116+00:00,1777109599.4981155,366,606,74.71,52.53,61.62,53.02,optimal,moderate,rising,stable,
2026-04-25T09:33:19.498848+00:00,1777109599.4988484,328,613,85.88,51.6,66.36,52.8,optimal,moderate,rising,stable,
2026-04-25T09:33:19.500243+00:00,1777109599.5002432,320,616,88.24,51.2,70.96,52.53,optimal,moderate,rising,stable,
2026-04-25T09:33:20.581953+00:00,1777109600.5819526,457,600,47.94,53.33,70.07,52.53,optimal,moderate,rising,stable,
2026-04-25T09:33:20.631563+00:00,1777109600.6315632,445,600,51.47,53.33,69.23,52.55,optimal,moderate,stable,stable,
2026-04-25T09:33:20.633221+00:00,1777109600.6332207,433,600,55.0,53.33,67.94,52.6,optimal,moderate,falling,stable,
2026-04-25T09:33:20.634048+00:00,1777109600.6340485,422,601,58.24,53.2,66.66,52.65,optimal,moderate,falling,stable,
2026-04-25T09:33:20.635425+00:00,1777109600.6354249,398,603,65.29,52.93,65.85,52.68,optimal,moderate,falling,stable,
2026-04-25T09:33:20.636617+00:00,1777109600.6366172,387,604,68.53,52.8,65.07,52.72,optimal,moderate,falling,stable,
2026-04-25T09:33:20.638154+00:00,1777109600.6381538,376,605,71.76,52.67,63.31,52.85,optimal,moderate,rising,stable,
2026-04-25T09:33:20.639109+00:00,1777109600.6391094,366,606,74.71,52.53,61.62,53.02,optimal,moderate,rising,stable,
2026-04-25T09:33:20.639940+00:00,1777109600.6399395,328,613,85.88,51.6,66.36,52.8,optimal,moderate,rising,stable,
2026-04-25T09:33:20.640851+00:00,1777109600.6408513,320,616,88.24,51.2,70.96,52.53,optimal,moderate,rising,stable,
2026-04-25T09:33:21.725840+00:00,1777109601.7258399,457,600,47.94,53.33,70.07,52.53,optimal,moderate,rising,stable,
2026-04-25T09:33:21.773390+00:00,1777109601.7733898,445,600,51.47,53.33,69.23,52.55,optimal,moderate,stable,stable,
2026-04-25T09:33:21.774725+00:00,1777109601.7747247,433,600,55.0,53.33,67.94,52.6,optimal,moderate,falling,stable,
2026-04-25T09:33:21.775746+00:00,1777109601.7757463,422,601,58.24,53.2,66.66,52.65,optimal,moderate,falling,stable,
2026-04-25T09:33:21.776715+00:00,1777109601.7767153,398,603,65.29,52.93,65.85,52.68,optimal,moderate,falling,stable,
2026-04-25T09:33:21.777627+00:00,1777109601.7776265,387,604,68.53,52.8,65.07,52.72,optimal,moderate,falling,stable,
2026-04-25T09:33:21.778840+00:00,1777109601.7788396,376,605,71.76,52.67,63.31,52.85,optimal,moderate,rising,stable,
2026-04-25T09:33:21.780336+00:00,1777109601.7803364,366,606,74.71,52.53,61.62,53.02,optimal,moderate,rising,stable,
2026-04-25T09:33:21.781286+00:00,1777109601.7812862,328,613,85.88,51.6,66.36,52.8,optimal,moderate,rising,stable,
2026-04-25T09:33:21.782148+00:00,1777109601.7821481,320,616,88.24,51.2,70.96,52.53,optimal,moderate,rising,stable,
2026-04-25T09:33:23.024847+00:00,1777109603.0248466,457,600,47.94,53.33,70.07,52.53,optimal,moderate,rising,stable,
2026-04-25T09:33:23.135113+00:00,1777109603.1351132,445,600,51.47,53.33,69.23,52.55,optimal,moderate,stable,stable,
2026-04-25T09:33:23.137109+00:00,1777109603.1371086,433,600,55.0,53.33,67.94,52.6,optimal,moderate,falling,stable,
2026-04-25T09:33:23.138316+00:00,1777109603.138316,422,601,58.24,53.2,66.66,52.65,optimal,moderate,falling,stable,
2026-04-25T09:33:23.139213+00:00,1777109603.1392133,398,603,65.29,52.93,65.85,52.68,optimal,moderate,falling,stable,
2026-04-25T09:33:23.140215+00:00,1777109603.1402147,387,604,68.53,52.8,65.07,52.72,optimal,moderate,falling,stable,
2026-04-25T09:33:23.141173+00:00,1777109603.141173,376,605,71.76,52.67,63.31,52.85,optimal,moderate,rising,stable,
2026-04-25T09:33:23.142315+00:00,1777109603.142315,366,606,74.71,52.53,61.62,53.02,optimal,moderate,rising,stable,
2026-04-25T09:33:23.143183+00:00,1777109603.143183,328,613,85.88,51.6,66.36,52.8,optimal,moderate,rising,stable,
2026-04-25T09:33:23.144586+00:00,1777109603.144586,320,616,88.24,51.2,70.96,52.53,optimal,moderate,rising,stable,
2026-04-25T09:33:24.210280+00:00,1777109604.21028,457,600,47.94,53.33,70.07,52.53,optimal,moderate,rising,stable,
2026-04-25T09:33:24.594377+00:00,1777109604.594377,445,600,51.47,53.33,69.23,52.55,optimal,moderate,stable,stable,
2026-04-25T09:33:24.596174+00:00,1777109604.5961745,433,600,55.0,53.33,67.94,52.6,optimal,moderate,falling,stable,
2026-04-25T09:33:24.597044+00:00,1777109604.5970438,422,601,58.24,53.2,66.66,52.65,optimal,moderate,falling,stable,
2026-04-25T09:33:24.597797+00:00,1777109604.5977967,398,603,65.29,52.93,65.85,52.68,optimal,moderate,falling,stable,
2026-04-25T09:33:24.598557+00:00,1777109604.5985568,387,604,68.53,52.8,65.07,52.72,optimal,moderate,falling,stable,
2026-04-25T09:33:24.599245+00:00,1777109604.5992446,376,605,71.76,52.67,63.31,52.85,optimal,moderate,rising,stable,
2026-04-25T09:33:24.600065+00:00,1777109604.6000655,366,606,74.71,52.53,61.62,53.02,optimal,moderate,rising,stable,
2026-04-25T09:33:24.600729+00:00,1777109604.6007288,328,613,85.88,51.6,66.36,52.8,optimal,moderate,rising,stable,
2026-04-25T09:33:24.601359+00:00,1777109604.6013591,320,616,88.24,51.2,70.96,52.53,optimal,moderate,rising,stable,
2026-04-25T09:33:24.602067+00:00,1777109604.6020672,313,618,90.29,50.93,75.37,52.23,wet,moderate,rising,stable,
2026-04-25T09:33:25.600700+00:00,1777109605.6007004,445,600,51.47,53.33,74.52,52.25,optimal,moderate,rising,stable,
2026-04-25T09:33:25.742288+00:00,1777109605.7422876,433,600,55.0,53.33,73.23,52.3,optimal,moderate,falling,stable,
2026-04-25T09:33:25.743845+00:00,1777109605.7438455,422,601,58.24,53.2,71.95,52.35,optimal,moderate,falling,stable,
2026-04-25T09:33:25.744559+00:00,1777109605.744559,398,603,65.29,52.93,71.14,52.38,optimal,moderate,falling,stable,
2026-04-25T09:33:25.745203+00:00,1777109605.7452035,387,604,68.53,52.8,70.37,52.41,optimal,moderate,falling,stable,
2026-04-25T09:33:25.746062+00:00,1777109605.7460618,376,605,71.76,52.67,68.6,52.55,optimal,moderate,falling,stable,
2026-04-25T09:33:25.746824+00:00,1777109605.7468238,366,606,74.71,52.53,66.91,52.72,optimal,moderate,rising,stable,
2026-04-25T09:33:25.747657+00:00,1777109605.7476568,328,613,85.88,51.6,66.36,52.8,optimal,moderate,rising,stable,
2026-04-25T09:33:25.748341+00:00,1777109605.7483413,320,616,88.24,51.2,70.96,52.53,optimal,moderate,rising,stable,
2026-04-25T09:33:25.748962+00:00,1777109605.7489622,313,618,90.29,50.93,75.37,52.23,wet,moderate,rising,stable,
2026-04-25T09:33:25.749628+00:00,1777109605.749628,306,620,92.35,50.67,79.63,51.92,wet,moderate,rising,stable,
2026-04-25T09:33:27.612158+00:00,1777109607.6121583,433,600,55.0,53.33,78.34,51.97,wet,moderate,rising,stable,
2026-04-25T09:33:28.210270+00:00,1777109608.2102704,422,601,58.24,53.2,77.06,52.02,wet,moderate,falling,stable,
2026-04-25T09:33:28.381078+00:00,1777109608.3810775,398,603,65.29,52.93,76.25,52.05,wet,moderate,falling,stable,
2026-04-25T09:33:28.382448+00:00,1777109608.3824477,387,604,68.53,52.8,75.48,52.08,wet,moderate,falling,stable,
2026-04-25T09:33:28.383238+00:00,1777109608.383238,376,605,71.76,52.67,73.71,52.22,optimal,moderate,falling,stable,
2026-04-25T09:33:28.383903+00:00,1777109608.3839028,366,606,74.71,52.53,72.02,52.38,optimal,moderate,falling,stable,
2026-04-25T09:33:28.384746+00:00,1777109608.3847458,328,613,85.88,51.6,71.47,52.47,optimal,moderate,rising,stable,
2026-04-25T09:33:28.386052+00:00,1777109608.3860517,320,616,88.24,51.2,70.96,52.53,optimal,moderate,rising,stable,
2026-04-25T09:33:28.387305+00:00,1777109608.3873055,313,618,90.29,50.93,75.37,52.23,wet,moderate,rising,stable,
2026-04-25T09:33:28.388305+00:00,1777109608.3883052,306,620,92.35,50.67,79.63,51.92,wet,moderate,rising,stable,
2026-04-25T09:33:28.388969+00:00,1777109608.3889692,300,623,94.12,50.27,83.23,51.58,wet,moderate,rising,stable,
2026-04-25T09:33:29.383228+00:00,1777109609.3832283,422,601,58.24,53.2,81.95,51.63,wet,moderate,rising,stable,
2026-04-25T09:33:29.437282+00:00,1777109609.437282,398,603,65.29,52.93,81.14,51.67,wet,moderate,falling,stable,
2026-04-25T09:33:29.439098+00:00,1777109609.4390981,387,604,68.53,52.8,80.37,51.7,wet,moderate,falling,stable,
2026-04-25T09:33:29.439932+00:00,1777109609.4399316,376,605,71.76,52.67,78.6,51.83,wet,moderate,falling,stable,
2026-04-25T09:33:29.440703+00:00,1777109609.4407032,366,606,74.71,52.53,76.91,52.0,wet,moderate,falling,stable,
2026-04-25T09:33:29.441387+00:00,1777109609.441387,328,613,85.88,51.6,76.36,52.08,wet,moderate,stable,stable,
2026-04-25T09:33:29.442138+00:00,1777109609.4421377,320,616,88.24,51.2,75.85,52.15,wet,moderate,rising,stable,
2026-04-25T09:33:29.443162+00:00,1777109609.443162,313,618,90.29,50.93,75.37,52.23,wet,moderate,rising,stable,
2026-04-25T09:33:29.443880+00:00,1777109609.4438796,306,620,92.35,50.67,79.63,51.92,wet,moderate,rising,stable,
2026-04-25T09:33:29.444599+00:00,1777109609.4445987,300,623,94.12,50.27,83.23,51.58,wet,moderate,rising,stable,
2026-04-25T09:33:29.445378+00:00,1777109609.4453778,290,628,97.06,49.6,86.8,51.18,wet,moderate,rising,stable,TOO_WET
2026-04-25T09:33:31.768027+00:00,1777109611.7680268,398,603,65.29,52.93,85.99,51.22,wet,moderate,stable,stable,TOO_WET
2026-04-25T09:33:33.841109+00:00,1777109613.8411086,387,604,68.53,52.8,85.22,51.25,wet,moderate,falling,stable,TOO_WET
2026-04-25T09:33:33.842621+00:00,1777109613.8426208,376,605,71.76,52.67,83.45,51.38,wet,moderate,falling,stable,
2026-04-25T09:33:33.843461+00:00,1777109613.8434608,366,606,74.71,52.53,81.76,51.55,wet,moderate,falling,stable,
2026-04-25T09:33:33.844278+00:00,1777109613.8442779,328,613,85.88,51.6,81.21,51.63,wet,moderate,falling,stable,
2026-04-25T09:33:33.844996+00:00,1777109613.8449962,320,616,88.24,51.2,80.7,51.7,wet,moderate,stable,stable,
2026-04-25T09:33:33.845724+00:00,1777109613.8457239,313,618,90.29,50.93,80.22,51.78,wet,moderate,rising,stable,
2026-04-25T09:33:33.846842+00:00,1777109613.8468416,306,620,92.35,50.67,79.63,51.92,wet,moderate,rising,stable,
2026-04-25T09:33:33.848224+00:00,1777109613.8482237,300,623,94.12,50.27,83.23,51.58,wet,moderate,rising,stable,
2026-04-25T09:33:33.849402+00:00,1777109613.8494022,290,628,97.06,49.6,86.8,51.18,wet,moderate,rising,stable,TOO_WET
2026-04-25T09:33:33.850194+00:00,1777109613.8501935,283,634,99.12,48.8,90.22,50.7,wet,moderate,rising,stable,TOO_WET
2026-04-25T09:33:35.227993+00:00,1777109615.2279935,613,851,2.06,19.87,81.14,46.62,wet,moderate,falling,falling,
2026-04-25T09:33:35.528879+00:00,1777109615.5288792,387,604,68.53,52.8,78.97,46.77,wet,moderate,falling,falling,
2026-04-25T09:33:35.530706+00:00,1777109615.5307064,376,605,71.76,52.67,76.91,46.95,wet,moderate,falling,falling,
2026-04-25T09:33:35.531501+00:00,1777109615.5315008,366,606,74.71,52.53,74.96,47.15,optimal,moderate,falling,falling,
2026-04-25T09:33:35.532758+00:00,1777109615.5327578,328,613,85.88,51.6,74.16,47.27,optimal,moderate,stable,rising,
2026-04-25T09:33:35.533908+00:00,1777109615.5339081,320,616,88.24,51.2,73.42,47.38,optimal,moderate,rising,rising,
2026-04-25T09:33:35.534639+00:00,1777109615.5346386,313,618,90.29,50.93,72.57,47.55,optimal,moderate,rising,rising,
2026-04-25T09:33:35.535403+00:00,1777109615.5354025,306,620,92.35,50.67,71.73,47.78,optimal,moderate,rising,rising,
2026-04-25T09:33:35.536102+00:00,1777109615.536102,300,623,94.12,50.27,83.23,51.58,wet,moderate,rising,stable,
2026-04-25T09:33:35.536824+00:00,1777109615.5368245,290,628,97.06,49.6,86.8,51.18,wet,moderate,rising,stable,TOO_WET
2026-04-25T09:33:35.537574+00:00,1777109615.5375743,283,634,99.12,48.8,90.22,50.7,wet,moderate,rising,stable,TOO_WET
2026-04-25T09:33:36.892945+00:00,1777109616.8929448,387,604,68.53,52.8,89.45,50.73,wet,moderate,stable,stable,TOO_WET
2026-04-25T09:33:36.960097+00:00,1777109616.9600973,376,605,71.76,52.67,87.68,50.87,wet,moderate,falling,stable,TOO_WET
2026-04-25T09:33:36.961728+00:00,1777109616.9617279,366,606,74.71,52.53,85.99,51.03,wet,moderate,falling,stable,TOO_WET
2026-04-25T09:33:36.962626+00:00,1777109616.9626262,328,613,85.88,51.6,85.44,51.12,wet,moderate,falling,stable,TOO_WET
2026-04-25T09:33:36.963420+00:00,1777109616.96342,320,616,88.24,51.2,84.93,51.18,wet,moderate,falling,stable,
2026-04-25T09:33:36.964094+00:00,1777109616.9640944,313,618,90.29,50.93,84.45,51.27,wet,moderate,stable,stable,
2026-04-25T09:33:36.964728+00:00,1777109616.9647276,306,620,92.35,50.67,83.86,51.4,wet,moderate,rising,stable,
2026-04-25T09:33:36.965853+00:00,1777109616.9658532,300,623,94.12,50.27,83.23,51.58,wet,moderate,rising,stable,
2026-04-25T09:33:36.967456+00:00,1777109616.9674563,290,628,97.06,49.6,86.8,51.18,wet,moderate,rising,stable,TOO_WET
2026-04-25T09:33:36.968164+00:00,1777109616.9681644,283,634,99.12,48.8,90.22,50.7,wet,moderate,rising,stable,TOO_WET
2026-04-25T09:33:36.969393+00:00,1777109616.9693933,281,638,99.71,48.27,93.35,50.17,wet,moderate,rising,stable,TOO_WET
2026-04-25T09:33:38.150948+00:00,1777109618.1509483,618,862,0.59,18.4,82.69,46.02,wet,moderate,falling,falling,
2026-04-25T09:33:39.096648+00:00,1777109619.0966475,376,605,71.76,52.67,80.62,46.2,wet,moderate,falling,falling,
2026-04-25T09:33:39.181730+00:00,1777109619.1817303,366,606,74.71,52.53,78.68,46.4,wet,moderate,falling,falling,
2026-04-25T09:33:39.183495+00:00,1777109619.1834948,328,613,85.88,51.6,77.87,46.52,wet,moderate,falling,falling,
2026-04-25T09:33:39.184312+00:00,1777109619.1843119,320,616,88.24,51.2,77.13,46.63,wet,moderate,rising,rising,
2026-04-25T09:33:39.185044+00:00,1777109619.185044,313,618,90.29,50.93,76.29,46.8,wet,moderate,rising,rising,
2026-04-25T09:33:39.185757+00:00,1777109619.1857567,306,620,92.35,50.67,75.44,47.03,wet,moderate,rising,rising,
2026-04-25T09:33:39.186862+00:00,1777109619.1868622,300,623,94.12,50.27,74.74,47.28,optimal,moderate,rising,rising,
2026-04-25T09:33:39.187878+00:00,1777109619.187878,290,628,97.06,49.6,86.8,51.18,wet,moderate,rising,stable,TOO_WET
2026-04-25T09:33:39.188548+00:00,1777109619.1885476,283,634,99.12,48.8,90.22,50.7,wet,moderate,rising,stable,TOO_WET
2026-04-25T09:33:39.189219+00:00,1777109619.1892185,281,638,99.71,48.27,93.35,50.17,wet,moderate,rising,stable,TOO_WET
2026-04-25T09:33:40.300546+00:00,1777109620.3005464,376,605,71.76,52.67,91.58,50.3,wet,moderate,stable,stable,TOO_WET
2026-04-25T09:33:40.602243+00:00,1777109620.6022427,366,606,74.71,52.53,89.89,50.47,wet,moderate,falling,stable,TOO_WET
2026-04-25T09:33:40.603868+00:00,1777109620.6038682,328,613,85.88,51.6,89.34,50.55,wet,moderate,falling,stable,TOO_WET
2026-04-25T09:33:40.604847+00:00,1777109620.6048474,320,616,88.24,51.2,88.83,50.62,wet,moderate,falling,stable,TOO_WET
2026-04-25T09:33:40.605646+00:00,1777109620.6056457,313,618,90.29,50.93,88.35,50.7,wet,moderate,falling,stable,TOO_WET
2026-04-25T09:33:40.606499+00:00,1777109620.6064987,306,620,92.35,50.67,87.76,50.83,wet,moderate,stable,stable,TOO_WET
2026-04-25T09:33:40.607346+00:00,1777109620.6073458,300,623,94.12,50.27,87.13,51.02,wet,moderate,rising,stable,TOO_WET
2026-04-25T09:33:40.608293+00:00,1777109620.6082926,290,628,97.06,49.6,86.8,51.18,wet,moderate,rising,stable,TOO_WET
2026-04-25T09:33:40.609159+00:00,1777109620.6091595,283,634,99.12,48.8,90.22,50.7,wet,moderate,rising,stable,TOO_WET
2026-04-25T09:33:40.610127+00:00,1777109620.6101267,281,638,99.71,48.27,93.35,50.17,wet,moderate,rising,stable,TOO_WET
2026-04-25T09:33:40.611073+00:00,1777109620.6110728,280,644,100.0,47.47,95.11,49.65,wet,moderate,rising,stable,TOO_WET
2026-04-25T09:33:41.844668+00:00,1777109621.8446684,366,606,74.71,52.53,93.42,49.82,wet,moderate,stable,stable,TOO_WET
2026-04-25T09:33:41.961180+00:00,1777109621.9611802,328,613,85.88,51.6,92.87,49.9,wet,moderate,falling,stable,TOO_WET
2026-04-25T09:33:41.962725+00:00,1777109621.9627254,320,616,88.24,51.2,92.36,49.97,wet,moderate,falling,stable,TOO_WET
2026-04-25T09:33:41.963570+00:00,1777109621.96357,313,618,90.29,50.93,91.88,50.05,wet,moderate,falling,rising,TOO_WET
2026-04-25T09:33:41.964273+00:00,1777109621.964273,306,620,92.35,50.67,91.29,50.18,wet,moderate,falling,stable,TOO_WET
2026-04-25T09:33:41.965080+00:00,1777109621.96508,300,623,94.12,50.27,90.66,50.37,wet,moderate,stable,stable,TOO_WET
2026-04-25T09:33:41.965773+00:00,1777109621.9657733,290,628,97.06,49.6,90.33,50.53,wet,moderate,rising,stable,TOO_WET
2026-04-25T09:33:41.966926+00:00,1777109621.9669263,283,634,99.12,48.8,90.22,50.7,wet,moderate,rising,stable,TOO_WET
2026-04-25T09:33:41.967696+00:00,1777109621.9676957,281,638,99.71,48.27,93.35,50.17,wet,moderate,rising,stable,TOO_WET
2026-04-25T09:33:41.968412+00:00,1777109621.968412,280,644,100.0,47.47,95.11,49.65,wet,moderate,rising,stable,TOO_WET
2026-04-25T09:33:43.004804+00:00,1777109623.0048037,366,606,74.71,52.53,93.42,49.82,wet,moderate,stable,stable,TOO_WET
2026-04-25T09:33:43.099014+00:00,1777109623.0990136,328,613,85.88,51.6,92.87,49.9,wet,moderate,falling,stable,TOO_WET
2026-04-25T09:33:43.100997+00:00,1777109623.100997,320,616,88.24,51.2,92.36,49.97,wet,moderate,falling,stable,TOO_WET
2026-04-25T09:33:43.102190+00:00,1777109623.1021903,313,618,90.29,50.93,91.88,50.05,wet,moderate,falling,rising,TOO_WET
2026-04-25T09:33:43.103290+00:00,1777109623.1032903,306,620,92.35,50.67,91.29,50.18,wet,moderate,falling,stable,TOO_WET
2026-04-25T09:33:43.104017+00:00,1777109623.1040175,300,623,94.12,50.27,90.66,50.37,wet,moderate,stable,stable,TOO_WET
2026-04-25T09:33:43.104687+00:00,1777109623.1046872,290,628,97.06,49.6,90.33,50.53,wet,moderate,rising,stable,TOO_WET
2026-04-25T09:33:43.106053+00:00,1777109623.1060534,283,634,99.12,48.8,90.22,50.7,wet,moderate,rising,stable,TOO_WET
2026-04-25T09:33:43.106992+00:00,1777109623.1069925,281,638,99.71,48.27,93.35,50.17,wet,moderate,rising,stable,TOO_WET
2026-04-25T09:33:43.107812+00:00,1777109623.1078122,280,644,100.0,47.47,95.11,49.65,wet,moderate,rising,stable,TOO_WET
2026-04-25T09:33:44.215791+00:00,1777109624.2157905,366,606,74.71,52.53,93.42,49.82,wet,moderate,stable,stable,TOO_WET
2026-04-25T09:33:44.276158+00:00,1777109624.2761576,328,613,85.88,51.6,92.87,49.9,wet,moderate,falling,stable,TOO_WET
2026-04-25T09:33:44.277838+00:00,1777109624.277838,320,616,88.24,51.2,92.36,49.97,wet,moderate,falling,stable,TOO_WET
2026-04-25T09:33:44.278687+00:00,1777109624.278687,313,618,90.29,50.93,91.88,50.05,wet,moderate,falling,rising,TOO_WET
2026-04-25T09:33:44.279474+00:00,1777109624.279474,306,620,92.35,50.67,91.29,50.18,wet,moderate,falling,stable,TOO_WET
2026-04-25T09:33:44.280153+00:00,1777109624.2801526,300,623,94.12,50.27,90.66,50.37,wet,moderate,stable,stable,TOO_WET
2026-04-25T09:33:44.280960+00:00,1777109624.2809598,290,628,97.06,49.6,90.33,50.53,wet,moderate,rising,stable,TOO_WET
2026-04-25T09:33:44.281921+00:00,1777109624.2819214,283,634,99.12,48.8,90.22,50.7,wet,moderate,rising,stable,TOO_WET
2026-04-25T09:33:44.283020+00:00,1777109624.2830195,281,638,99.71,48.27,93.35,50.17,wet,moderate,rising,stable,TOO_WET
2026-04-25T09:33:44.283713+00:00,1777109624.2837126,280,644,100.0,47.47,95.11,49.65,wet,moderate,rising,stable,TOO_WET
2026-04-25T09:33:44.284489+00:00,1777109624.2844892,280,648,100.0,46.93,96.58,49.12,wet,moderate,rising,stable,TOO_WET
2026-04-25T09:33:45.406504+00:00,1777109625.4065044,328,613,85.88,51.6,96.03,49.2,wet,moderate,stable,stable,TOO_WET
2026-04-25T09:33:45.534578+00:00,1777109625.5345778,320,616,88.24,51.2,95.52,49.27,wet,moderate,falling,stable,TOO_WET
2026-04-25T09:33:45.536292+00:00,1777109625.5362918,313,618,90.29,50.93,95.04,49.35,wet,moderate,falling,stable,TOO_WET
2026-04-25T09:33:45.537386+00:00,1777109625.537386,306,620,92.35,50.67,94.45,49.48,wet,moderate,falling,rising,TOO_WET
2026-04-25T09:33:45.538147+00:00,1777109625.5381472,300,623,94.12,50.27,93.82,49.67,wet,moderate,falling,stable,TOO_WET
2026-04-25T09:33:45.538779+00:00,1777109625.5387788,290,628,97.06,49.6,93.49,49.83,wet,moderate,stable,stable,TOO_WET
2026-04-25T09:33:45.539383+00:00,1777109625.5393827,283,634,99.12,48.8,93.38,50.0,wet,moderate,rising,stable,TOO_WET
2026-04-25T09:33:45.539992+00:00,1777109625.5399919,281,638,99.71,48.27,93.35,50.17,wet,moderate,rising,stable,TOO_WET
2026-04-25T09:33:45.541107+00:00,1777109625.541107,280,644,100.0,47.47,95.11,49.65,wet,moderate,rising,stable,TOO_WET
2026-04-25T09:33:45.542103+00:00,1777109625.5421026,280,648,100.0,46.93,96.58,49.12,wet,moderate,rising,stable,TOO_WET
2026-04-25T09:33:45.543608+00:00,1777109625.543608,283,656,99.12,45.87,97.69,48.48,wet,moderate,rising,stable,TOO_WET
2026-04-25T09:33:46.608728+00:00,1777109626.6087284,320,616,88.24,51.2,97.17,48.55,wet,moderate,stable,stable,TOO_WET
2026-04-25T09:33:46.670023+00:00,1777109626.6700234,313,618,90.29,50.93,96.69,48.63,wet,moderate,falling,stable,TOO_WET
2026-04-25T09:33:46.671900+00:00,1777109626.6718998,306,620,92.35,50.67,96.1,48.77,wet,moderate,falling,stable,TOO_WET
2026-04-25T09:33:46.672773+00:00,1777109626.6727734,300,623,94.12,50.27,95.48,48.95,wet,moderate,falling,rising,TOO_WET
2026-04-25T09:33:46.673564+00:00,1777109626.6735644,290,628,97.06,49.6,95.15,49.12,wet,moderate,falling,stable,TOO_WET
2026-04-25T09:33:46.674548+00:00,1777109626.6745484,283,634,99.12,48.8,95.04,49.28,wet,moderate,stable,stable,TOO_WET
2026-04-25T09:33:46.675440+00:00,1777109626.6754396,281,638,99.71,48.27,95.0,49.45,wet,moderate,rising,stable,TOO_WET
2026-04-25T09:33:46.676185+00:00,1777109626.6761854,280,644,100.0,47.47,95.11,49.65,wet,moderate,rising,stable,TOO_WET
2026-04-25T09:33:46.676915+00:00,1777109626.6769154,280,648,100.0,46.93,96.58,49.12,wet,moderate,rising,stable,TOO_WET
2026-04-25T09:33:46.677840+00:00,1777109626.6778398,283,656,99.12,45.87,97.69,48.48,wet,moderate,rising,stable,TOO_WET
2026-04-25T09:33:46.678773+00:00,1777109626.6787727,286,660,98.24,45.33,98.42,47.82,wet,moderate,stable,stable,TOO_WET
2026-04-25T09:33:48.157727+00:00,1777109628.1577275,616,888,1.18,14.93,86.8,43.4,wet,light,falling,falling,TOO_WET
2026-04-25T09:33:48.208121+00:00,1777109628.2081213,313,618,90.29,50.93,85.96,43.57,wet,light,falling,falling,TOO_WET
2026-04-25T09:33:48.209996+00:00,1777109628.209996,306,620,92.35,50.67,85.11,43.8,wet,light,falling,falling,TOO_WET
2026-04-25T09:33:48.211388+00:00,1777109628.2113883,300,623,94.12,50.27,84.41,44.05,wet,light,falling,falling,
2026-04-25T09:33:48.212247+00:00,1777109628.2122474,290,628,97.06,49.6,84.05,44.32,wet,light,rising,rising,
2026-04-25T09:33:48.212991+00:00,1777109628.212991,283,634,99.12,48.8,83.94,44.55,wet,light,rising,rising,
2026-04-25T09:33:48.213684+00:00,1777109628.213684,281,638,99.71,48.27,84.01,44.85,wet,light,rising,rising,
2026-04-25T09:33:48.214339+00:00,1777109628.214339,280,644,100.0,47.47,84.23,45.12,wet,moderate,rising,rising,
2026-04-25T09:33:48.215058+00:00,1777109628.2150578,280,648,100.0,46.93,96.58,49.12,wet,moderate,rising,stable,TOO_WET
2026-04-25T09:33:48.215822+00:00,1777109628.2158222,283,656,99.12,45.87,97.69,48.48,wet,moderate,rising,stable,TOO_WET
2026-04-25T09:33:48.216615+00:00,1777109628.2166147,286,660,98.24,45.33,98.42,47.82,wet,moderate,stable,stable,TOO_WET
2026-04-25T09:33:48.217254+00:00,1777109628.2172544,289,664,97.35,44.8,98.83,47.13,wet,moderate,stable,stable,TOO_WET
2026-04-25T09:33:49.456753+00:00,1777109629.4567535,306,620,92.35,50.67,98.24,47.27,wet,moderate,stable,stable,TOO_WET
2026-04-25T09:33:49.540944+00:00,1777109629.5409439,300,623,94.12,50.27,97.61,47.45,wet,moderate,falling,stable,TOO_WET
2026-04-25T09:33:49.542543+00:00,1777109629.5425432,290,628,97.06,49.6,97.28,47.62,wet,moderate,falling,stable,TOO_WET
2026-04-25T09:33:49.543854+00:00,1777109629.5438542,283,634,99.12,48.8,97.17,47.78,wet,moderate,falling,rising,TOO_WET
2026-04-25T09:33:49.545000+00:00,1777109629.5449998,281,638,99.71,48.27,97.13,47.95,wet,moderate,stable,stable,TOO_WET
2026-04-25T09:33:49.545826+00:00,1777109629.545826,280,644,100.0,47.47,97.24,48.15,wet,moderate,rising,stable,TOO_WET
2026-04-25T09:33:49.546594+00:00,1777109629.546594,280,648,100.0,46.93,97.46,48.35,wet,moderate,rising,stable,TOO_WET
2026-04-25T09:33:49.547531+00:00,1777109629.5475307,283,656,99.12,45.87,97.69,48.48,wet,moderate,rising,stable,TOO_WET
2026-04-25T09:33:49.548274+00:00,1777109629.5482743,286,660,98.24,45.33,98.42,47.82,wet,moderate,stable,stable,TOO_WET
2026-04-25T09:33:49.548992+00:00,1777109629.5489924,289,664,97.35,44.8,98.83,47.13,wet,moderate,stable,stable,TOO_WET
2026-04-25T09:33:49.549734+00:00,1777109629.5497339,294,668,95.88,44.27,98.68,46.47,wet,moderate,stable,stable,TOO_WET
2026-04-25T09:33:51.318394+00:00,1777109631.3183937,300,623,94.12,50.27,98.05,46.65,wet,moderate,falling,stable,TOO_WET
2026-04-25T09:33:51.368643+00:00,1777109631.3686426,290,628,97.06,49.6,97.72,46.82,wet,moderate,falling,stable,TOO_WET
2026-04-25T09:33:51.370149+00:00,1777109631.3701487,283,634,99.12,48.8,97.61,46.98,wet,moderate,stable,stable,TOO_WET
2026-04-25T09:33:51.371102+00:00,1777109631.3711016,281,638,99.71,48.27,97.58,47.15,wet,moderate,stable,rising,TOO_WET
2026-04-25T09:33:51.371881+00:00,1777109631.371881,280,644,100.0,47.47,97.69,47.35,wet,moderate,stable,stable,TOO_WET
2026-04-25T09:33:51.372773+00:00,1777109631.3727734,280,648,100.0,46.93,97.91,47.55,wet,moderate,rising,stable,TOO_WET
2026-04-25T09:33:51.373746+00:00,1777109631.3737464,283,656,99.12,45.87,98.13,47.69,wet,moderate,rising,stable,TOO_WET
2026-04-25T09:33:51.374564+00:00,1777109631.3745642,286,660,98.24,45.33,98.42,47.82,wet,moderate,stable,stable,TOO_WET
2026-04-25T09:33:51.375545+00:00,1777109631.375545,289,664,97.35,44.8,98.83,47.13,wet,moderate,stable,stable,TOO_WET
2026-04-25T09:33:51.376347+00:00,1777109631.3763473,294,668,95.88,44.27,98.68,46.47,wet,moderate,stable,stable,TOO_WET
2026-04-25T09:33:51.377043+00:00,1777109631.3770425,299,672,94.41,43.73,98.09,45.83,wet,moderate,falling,stable,TOO_WET
2026-04-25T09:33:52.467469+00:00,1777109632.467469,290,628,97.06,49.6,97.76,46.0,wet,moderate,falling,stable,TOO_WET
2026-04-25T09:33:52.516005+00:00,1777109632.5160048,283,634,99.12,48.8,97.65,46.17,wet,moderate,stable,stable,TOO_WET
2026-04-25T09:33:52.517667+00:00,1777109632.5176668,281,638,99.71,48.27,97.61,46.33,wet,moderate,stable,stable,TOO_WET
2026-04-25T09:33:52.518581+00:00,1777109632.5185814,280,644,100.0,47.47,97.72,46.53,wet,moderate,stable,rising,TOO_WET
2026-04-25T09:33:52.519370+00:00,1777109632.51937,280,648,100.0,46.93,97.94,46.73,wet,moderate,rising,stable,TOO_WET
2026-04-25T09:33:52.520168+00:00,1777109632.5201683,283,656,99.12,45.87,98.16,46.87,wet,moderate,rising,stable,TOO_WET
2026-04-25T09:33:52.520868+00:00,1777109632.520868,286,660,98.24,45.33,98.46,47.0,wet,moderate,stable,stable,TOO_WET
2026-04-25T09:33:52.521859+00:00,1777109632.5218594,289,664,97.35,44.8,98.83,47.13,wet,moderate,stable,stable,TOO_WET
2026-04-25T09:33:52.522592+00:00,1777109632.5225923,294,668,95.88,44.27,98.68,46.47,wet,moderate,stable,stable,TOO_WET
2026-04-25T09:33:52.523225+00:00,1777109632.5232246,299,672,94.41,43.73,98.09,45.83,wet,moderate,falling,stable,TOO_WET
2026-04-25T09:33:52.524683+00:00,1777109632.5246825,305,676,92.65,43.2,97.21,45.2,wet,moderate,falling,stable,TOO_WET
2026-04-25T09:33:54.155182+00:00,1777109634.1551824,283,634,99.12,48.8,97.1,45.37,wet,moderate,falling,stable,TOO_WET
2026-04-25T09:33:54.361770+00:00,1777109634.3617697,281,638,99.71,48.27,97.06,45.53,wet,moderate,stable,stable,TOO_WET
2026-04-25T09:33:54.363443+00:00,1777109634.3634431,280,644,100.0,47.47,97.17,45.73,wet,moderate,stable,stable,TOO_WET
2026-04-25T09:33:54.364668+00:00,1777109634.3646681,280,648,100.0,46.93,97.39,45.93,wet,moderate,rising,rising,TOO_WET
2026-04-25T09:33:54.366374+00:00,1777109634.3663735,283,656,99.12,45.87,97.61,46.07,wet,moderate,rising,stable,TOO_WET
2026-04-25T09:33:54.368062+00:00,1777109634.3680618,286,660,98.24,45.33,97.91,46.2,wet,moderate,stable,stable,TOO_WET
2026-04-25T09:33:54.369146+00:00,1777109634.3691459,289,664,97.35,44.8,98.27,46.33,wet,moderate,stable,stable,TOO_WET
2026-04-25T09:33:54.370386+00:00,1777109634.370386,294,668,95.88,44.27,98.68,46.47,wet,moderate,stable,stable,TOO_WET
2026-04-25T09:33:54.371400+00:00,1777109634.3714,299,672,94.41,43.73,98.09,45.83,wet,moderate,falling,stable,TOO_WET
2026-04-25T09:33:54.372207+00:00,1777109634.3722072,305,676,92.65,43.2,97.21,45.2,wet,moderate,falling,stable,TOO_WET
2026-04-25T09:33:55.698599+00:00,1777109635.6985989,283,634,99.12,48.8,97.1,45.37,wet,moderate,falling,stable,TOO_WET
2026-04-25T09:33:55.753664+00:00,1777109635.7536643,281,638,99.71,48.27,97.06,45.53,wet,moderate,stable,stable,TOO_WET
2026-04-25T09:33:55.755614+00:00,1777109635.755614,280,644,100.0,47.47,97.17,45.73,wet,moderate,stable,stable,TOO_WET
2026-04-25T09:33:55.757028+00:00,1777109635.7570283,280,648,100.0,46.93,97.39,45.93,wet,moderate,rising,rising,TOO_WET
2026-04-25T09:33:55.757769+00:00,1777109635.7577689,283,656,99.12,45.87,97.61,46.07,wet,moderate,rising,stable,TOO_WET
2026-04-25T09:33:55.758405+00:00,1777109635.7584052,286,660,98.24,45.33,97.91,46.2,wet,moderate,stable,stable,TOO_WET
2026-04-25T09:33:55.759018+00:00,1777109635.7590182,289,664,97.35,44.8,98.27,46.33,wet,moderate,stable,stable,TOO_WET
2026-04-25T09:33:55.759635+00:00,1777109635.7596347,294,668,95.88,44.27,98.68,46.47,wet,moderate,stable,stable,TOO_WET
2026-04-25T09:33:55.760874+00:00,1777109635.7608738,299,672,94.41,43.73,98.09,45.83,wet,moderate,falling,stable,TOO_WET
2026-04-25T09:33:55.761755+00:00,1777109635.761755,305,676,92.65,43.2,97.21,45.2,wet,moderate,falling,stable,TOO_WET
2026-04-25T09:33:57.120389+00:00,1777109637.1203887,283,634,99.12,48.8,97.1,45.37,wet,moderate,falling,stable,TOO_WET
2026-04-25T09:33:57.449682+00:00,1777109637.4496818,281,638,99.71,48.27,97.06,45.53,wet,moderate,stable,stable,TOO_WET
2026-04-25T09:33:57.451375+00:00,1777109637.4513745,280,644,100.0,47.47,97.17,45.73,wet,moderate,stable,stable,TOO_WET
2026-04-25T09:33:57.452483+00:00,1777109637.4524827,280,648,100.0,46.93,97.39,45.93,wet,moderate,rising,rising,TOO_WET
2026-04-25T09:33:57.453811+00:00,1777109637.4538107,283,656,99.12,45.87,97.61,46.07,wet,moderate,rising,stable,TOO_WET
2026-04-25T09:33:57.454772+00:00,1777109637.4547725,286,660,98.24,45.33,97.91,46.2,wet,moderate,stable,stable,TOO_WET
2026-04-25T09:33:57.456023+00:00,1777109637.4560225,289,664,97.35,44.8,98.27,46.33,wet,moderate,stable,stable,TOO_WET
2026-04-25T09:33:57.456836+00:00,1777109637.456836,294,668,95.88,44.27,98.68,46.47,wet,moderate,stable,stable,TOO_WET
2026-04-25T09:33:57.457637+00:00,1777109637.4576366,299,672,94.41,43.73,98.09,45.83,wet,moderate,falling,stable,TOO_WET
2026-04-25T09:33:57.458693+00:00,1777109637.4586928,305,676,92.65,43.2,97.21,45.2,wet,moderate,falling,stable,TOO_WET
2026-04-25T09:33:57.459419+00:00,1777109637.4594195,312,681,90.59,42.53,96.03,44.58,wet,light,falling,stable,TOO_WET
2026-04-25T09:33:59.070298+00:00,1777109639.0702977,281,638,99.71,48.27,95.99,44.75,wet,light,falling,stable,TOO_WET
2026-04-25T09:33:59.312076+00:00,1777109639.3120759,280,644,100.0,47.47,96.1,44.95,wet,light,stable,stable,TOO_WET
2026-04-25T09:33:59.313416+00:00,1777109639.3134158,280,648,100.0,46.93,96.32,45.15,wet,moderate,stable,stable,TOO_WET
2026-04-25T09:33:59.314808+00:00,1777109639.3148081,283,656,99.12,45.87,96.55,45.28,wet,moderate,rising,rising,TOO_WET
2026-04-25T09:33:59.315586+00:00,1777109639.3155863,286,660,98.24,45.33,96.84,45.42,wet,moderate,rising,stable,TOO_WET
2026-04-25T09:33:59.316237+00:00,1777109639.316237,289,664,97.35,44.8,97.21,45.55,wet,moderate,stable,stable,TOO_WET
2026-04-25T09:33:59.316986+00:00,1777109639.3169863,294,668,95.88,44.27,97.61,45.68,wet,moderate,stable,stable,TOO_WET
2026-04-25T09:33:59.318418+00:00,1777109639.318418,299,672,94.41,43.73,98.09,45.83,wet,moderate,falling,stable,TOO_WET
2026-04-25T09:33:59.319273+00:00,1777109639.3192732,305,676,92.65,43.2,97.21,45.2,wet,moderate,falling,stable,TOO_WET
2026-04-25T09:33:59.319977+00:00,1777109639.3199773,312,681,90.59,42.53,96.03,44.58,wet,light,falling,stable,TOO_WET
2026-04-25T09:34:00.709563+00:00,1777109640.7095635,281,638,99.71,48.27,95.99,44.75,wet,light,falling,stable,TOO_WET
2026-04-25T09:34:01.082103+00:00,1777109641.0821035,280,644,100.0,47.47,96.1,44.95,wet,light,stable,stable,TOO_WET
2026-04-25T09:34:01.083807+00:00,1777109641.083807,280,648,100.0,46.93,96.32,45.15,wet,moderate,stable,stable,TOO_WET
2026-04-25T09:34:01.084623+00:00,1777109641.0846233,283,656,99.12,45.87,96.55,45.28,wet,moderate,rising,rising,TOO_WET
2026-04-25T09:34:01.085879+00:00,1777109641.0858788,286,660,98.24,45.33,96.84,45.42,wet,moderate,rising,stable,TOO_WET
2026-04-25T09:34:01.086973+00:00,1777109641.086973,289,664,97.35,44.8,97.21,45.55,wet,moderate,stable,stable,TOO_WET
2026-04-25T09:34:01.087723+00:00,1777109641.0877235,294,668,95.88,44.27,97.61,45.68,wet,moderate,stable,stable,TOO_WET
2026-04-25T09:34:01.089208+00:00,1777109641.0892076,299,672,94.41,43.73,98.09,45.83,wet,moderate,falling,stable,TOO_WET
2026-04-25T09:34:01.089945+00:00,1777109641.0899448,305,676,92.65,43.2,97.21,45.2,wet,moderate,falling,stable,TOO_WET
2026-04-25T09:34:01.090960+00:00,1777109641.09096,312,681,90.59,42.53,96.03,44.58,wet,light,falling,stable,TOO_WET
2026-04-25T09:34:01.092055+00:00,1777109641.092055,319,685,88.53,42.0,94.6,43.97,wet,light,falling,stable,TOO_WET
2026-04-25T09:34:02.827874+00:00,1777109642.8278737,280,644,100.0,47.47,94.71,44.17,wet,light,falling,stable,TOO_WET
2026-04-25T09:34:03.171484+00:00,1777109643.1714838,280,648,100.0,46.93,94.93,44.37,wet,light,stable,stable,TOO_WET
2026-04-25T09:34:03.173200+00:00,1777109643.1732,283,656,99.12,45.87,95.15,44.5,wet,light,rising,stable,TOO_WET
2026-04-25T09:34:03.174195+00:00,1777109643.1741953,286,660,98.24,45.33,95.44,44.63,wet,light,rising,rising,TOO_WET
2026-04-25T09:34:03.175169+00:00,1777109643.175169,289,664,97.35,44.8,95.81,44.77,wet,light,rising,stable,TOO_WET
2026-04-25T09:34:03.175866+00:00,1777109643.175866,294,668,95.88,44.27,96.21,44.9,wet,light,stable,stable,TOO_WET
2026-04-25T09:34:03.176712+00:00,1777109643.1767118,299,672,94.41,43.73,96.69,45.05,wet,moderate,stable,stable,TOO_WET
2026-04-25T09:34:03.177755+00:00,1777109643.177755,305,676,92.65,43.2,97.21,45.2,wet,moderate,falling,stable,TOO_WET
2026-04-25T09:34:03.178419+00:00,1777109643.178419,312,681,90.59,42.53,96.03,44.58,wet,light,falling,stable,TOO_WET
2026-04-25T09:34:03.179151+00:00,1777109643.1791506,319,685,88.53,42.0,94.6,43.97,wet,light,falling,stable,TOO_WET
2026-04-25T09:34:04.360786+00:00,1777109644.360786,280,644,100.0,47.47,94.71,44.17,wet,light,falling,stable,TOO_WET
2026-04-25T09:34:04.600664+00:00,1777109644.6006644,280,648,100.0,46.93,94.93,44.37,wet,light,stable,stable,TOO_WET
2026-04-25T09:34:04.602390+00:00,1777109644.6023898,283,656,99.12,45.87,95.15,44.5,wet,light,rising,stable,TOO_WET
2026-04-25T09:34:04.603694+00:00,1777109644.6036944,286,660,98.24,45.33,95.44,44.63,wet,light,rising,rising,TOO_WET
2026-04-25T09:34:04.605398+00:00,1777109644.6053982,289,664,97.35,44.8,95.81,44.77,wet,light,rising,stable,TOO_WET
2026-04-25T09:34:04.606182+00:00,1777109644.6061819,294,668,95.88,44.27,96.21,44.9,wet,light,stable,stable,TOO_WET
2026-04-25T09:34:04.606942+00:00,1777109644.6069422,299,672,94.41,43.73,96.69,45.05,wet,moderate,stable,stable,TOO_WET
2026-04-25T09:34:04.607665+00:00,1777109644.6076653,305,676,92.65,43.2,97.21,45.2,wet,moderate,falling,stable,TOO_WET
2026-04-25T09:34:04.608393+00:00,1777109644.6083927,312,681,90.59,42.53,96.03,44.58,wet,light,falling,stable,TOO_WET
2026-04-25T09:34:04.609440+00:00,1777109644.60944,319,685,88.53,42.0,94.6,43.97,wet,light,falling,stable,TOO_WET
2026-04-25T09:34:05.909257+00:00,1777109645.9092567,280,644,100.0,47.47,94.71,44.17,wet,light,falling,stable,TOO_WET
2026-04-25T09:34:06.034948+00:00,1777109646.0349479,280,648,100.0,46.93,94.93,44.37,wet,light,stable,stable,TOO_WET
2026-04-25T09:34:06.036741+00:00,1777109646.0367415,283,656,99.12,45.87,95.15,44.5,wet,light,rising,stable,TOO_WET
2026-04-25T09:34:06.037764+00:00,1777109646.0377643,286,660,98.24,45.33,95.44,44.63,wet,light,rising,rising,TOO_WET
2026-04-25T09:34:06.038706+00:00,1777109646.038706,289,664,97.35,44.8,95.81,44.77,wet,light,rising,stable,TOO_WET
2026-04-25T09:34:06.039741+00:00,1777109646.0397406,294,668,95.88,44.27,96.21,44.9,wet,light,stable,stable,TOO_WET
2026-04-25T09:34:06.040535+00:00,1777109646.0405352,299,672,94.41,43.73,96.69,45.05,wet,moderate,stable,stable,TOO_WET
2026-04-25T09:34:06.041212+00:00,1777109646.0412118,305,676,92.65,43.2,97.21,45.2,wet,moderate,falling,stable,TOO_WET
2026-04-25T09:34:06.041999+00:00,1777109646.0419986,312,681,90.59,42.53,96.03,44.58,wet,light,falling,stable,TOO_WET
2026-04-25T09:34:06.042700+00:00,1777109646.0427,319,685,88.53,42.0,94.6,43.97,wet,light,falling,stable,TOO_WET
2026-04-25T09:34:06.043434+00:00,1777109646.043434,327,690,86.18,41.33,92.98,43.4,wet,light,falling,stable,TOO_WET
2026-04-25T09:34:07.732821+00:00,1777109647.732821,280,648,100.0,46.93,93.2,43.6,wet,light,falling,stable,TOO_WET
2026-04-25T09:34:08.136342+00:00,1777109648.1363423,283,656,99.12,45.87,93.42,43.73,wet,light,stable,stable,TOO_WET
2026-04-25T09:34:08.137788+00:00,1777109648.1377876,286,660,98.24,45.33,93.72,43.87,wet,light,rising,stable,TOO_WET
2026-04-25T09:34:08.139159+00:00,1777109648.1391592,289,664,97.35,44.8,94.08,44.0,wet,light,rising,rising,TOO_WET
2026-04-25T09:34:08.139916+00:00,1777109648.1399162,294,668,95.88,44.27,94.49,44.13,wet,light,rising,stable,TOO_WET
2026-04-25T09:34:08.140537+00:00,1777109648.140537,299,672,94.41,43.73,94.96,44.28,wet,light,rising,stable,TOO_WET
2026-04-25T09:34:08.141241+00:00,1777109648.141241,305,676,92.65,43.2,95.48,44.43,wet,light,stable,stable,TOO_WET
2026-04-25T09:34:08.141927+00:00,1777109648.1419275,312,681,90.59,42.53,96.03,44.58,wet,light,falling,stable,TOO_WET
2026-04-25T09:34:08.142604+00:00,1777109648.1426044,319,685,88.53,42.0,94.6,43.97,wet,light,falling,stable,TOO_WET
2026-04-25T09:34:08.143319+00:00,1777109648.1433194,327,690,86.18,41.33,92.98,43.4,wet,light,falling,stable,TOO_WET
2026-04-25T09:34:08.144075+00:00,1777109648.1440747,344,700,81.18,40.0,90.85,42.73,wet,light,falling,stable,TOO_WET
2026-04-25T09:34:09.249282+00:00,1777109649.2492824,283,656,99.12,45.87,91.07,42.87,wet,light,falling,stable,TOO_WET
2026-04-25T09:34:14.537902+00:00,1777109654.5379016,286,660,98.24,45.33,91.36,43.0,wet,light,stable,stable,TOO_WET
2026-04-25T09:34:15.509389+00:00,1777109655.5093894,289,664,97.35,44.8,91.73,43.13,wet,light,rising,stable,TOO_WET
2026-04-25T09:34:15.511022+00:00,1777109655.5110223,294,668,95.88,44.27,92.13,43.27,wet,light,rising,rising,TOO_WET
2026-04-25T09:34:15.511868+00:00,1777109655.5118685,299,672,94.41,43.73,92.61,43.42,wet,light,rising,stable,TOO_WET
2026-04-25T09:34:15.512599+00:00,1777109655.512599,305,676,92.65,43.2,93.13,43.57,wet,light,rising,stable,TOO_WET
2026-04-25T09:34:15.513356+00:00,1777109655.5133557,312,681,90.59,42.53,93.68,43.72,wet,light,stable,stable,TOO_WET
2026-04-25T09:34:15.514069+00:00,1777109655.5140688,319,685,88.53,42.0,94.6,43.97,wet,light,falling,stable,TOO_WET
2026-04-25T09:34:15.514860+00:00,1777109655.51486,327,690,86.18,41.33,92.98,43.4,wet,light,falling,stable,TOO_WET
2026-04-25T09:34:15.515514+00:00,1777109655.5155141,344,700,81.18,40.0,90.85,42.73,wet,light,falling,stable,TOO_WET
2026-04-25T09:34:15.516172+00:00,1777109655.5161722,364,709,75.29,38.8,88.09,41.98,wet,light,falling,stable,TOO_WET
2026-04-25T09:34:16.209622+00:00,1777109656.209622,286,660,98.24,45.33,88.38,42.12,wet,light,falling,stable,TOO_WET
2026-04-25T09:34:16.365785+00:00,1777109656.3657846,289,664,97.35,44.8,88.75,42.25,wet,light,stable,stable,TOO_WET
2026-04-25T09:34:16.367298+00:00,1777109656.367298,294,668,95.88,44.27,89.16,42.38,wet,light,rising,stable,TOO_WET
2026-04-25T09:34:16.368512+00:00,1777109656.368512,299,672,94.41,43.73,89.63,42.53,wet,light,rising,rising,TOO_WET
2026-04-25T09:34:16.369312+00:00,1777109656.3693123,305,676,92.65,43.2,90.15,42.68,wet,light,rising,stable,TOO_WET
2026-04-25T09:34:16.370084+00:00,1777109656.3700838,312,681,90.59,42.53,90.7,42.83,wet,light,rising,stable,TOO_WET
2026-04-25T09:34:16.370783+00:00,1777109656.370783,319,685,88.53,42.0,91.62,43.08,wet,light,stable,stable,TOO_WET
2026-04-25T09:34:16.371834+00:00,1777109656.371834,327,690,86.18,41.33,92.98,43.4,wet,light,falling,stable,TOO_WET
2026-04-25T09:34:16.372736+00:00,1777109656.3727357,344,700,81.18,40.0,90.85,42.73,wet,light,falling,stable,TOO_WET
2026-04-25T09:34:16.373606+00:00,1777109656.3736057,364,709,75.29,38.8,88.09,41.98,wet,light,falling,stable,TOO_WET
2026-04-25T09:34:16.374440+00:00,1777109656.3744397,375,714,72.06,38.13,85.11,41.22,wet,light,falling,falling,TOO_WET
2026-04-25T09:34:18.731684+00:00,1777109658.7316837,501,953,35.0,6.27,77.69,36.53,wet,light,falling,falling,
2026-04-25T09:34:18.838997+00:00,1777109658.838997,289,664,97.35,44.8,78.27,36.73,wet,light,falling,falling,
2026-04-25T09:34:18.840642+00:00,1777109658.8406425,294,668,95.88,44.27,78.93,36.95,wet,light,falling,falling,
2026-04-25T09:34:18.841683+00:00,1777109658.8416827,299,672,94.41,43.73,79.67,37.17,wet,light,stable,falling,
2026-04-25T09:34:18.842625+00:00,1777109658.8426251,305,676,92.65,43.2,80.48,37.4,wet,light,rising,rising,
2026-04-25T09:34:18.843519+00:00,1777109658.8435192,312,681,90.59,42.53,81.65,37.72,wet,light,rising,rising,
2026-04-25T09:34:18.844326+00:00,1777109658.8443255,319,685,88.53,42.0,83.31,38.12,wet,light,rising,rising,
2026-04-25T09:34:18.845131+00:00,1777109658.8451312,327,690,86.18,41.33,85.07,38.52,wet,light,rising,rising,TOO_WET
2026-04-25T09:34:18.846235+00:00,1777109658.8462348,344,700,81.18,40.0,90.85,42.73,wet,light,falling,stable,TOO_WET
2026-04-25T09:34:18.847028+00:00,1777109658.8470275,364,709,75.29,38.8,88.09,41.98,wet,light,falling,stable,TOO_WET
2026-04-25T09:34:18.847949+00:00,1777109658.8479493,375,714,72.06,38.13,85.11,41.22,wet,light,falling,falling,TOO_WET
2026-04-25T09:34:20.381352+00:00,1777109660.3813524,490,957,38.24,5.73,78.09,36.47,wet,light,falling,falling,
2026-04-25T09:34:21.295084+00:00,1777109661.2950835,289,664,97.35,44.8,78.68,36.66,wet,light,falling,falling,
2026-04-25T09:34:21.296608+00:00,1777109661.2966084,294,668,95.88,44.27,79.34,36.88,wet,light,falling,falling,
2026-04-25T09:34:21.297436+00:00,1777109661.2974362,299,672,94.41,43.73,80.07,37.1,wet,light,stable,falling,
2026-04-25T09:34:21.298502+00:00,1777109661.2985017,305,676,92.65,43.2,80.88,37.33,wet,light,rising,rising,
2026-04-25T09:34:21.299536+00:00,1777109661.299536,312,681,90.59,42.53,82.06,37.65,wet,light,rising,rising,
2026-04-25T09:34:21.300261+00:00,1777109661.3002613,319,685,88.53,42.0,83.71,38.05,wet,light,rising,rising,
2026-04-25T09:34:21.300993+00:00,1777109661.300993,327,690,86.18,41.33,85.48,38.45,wet,light,rising,rising,TOO_WET
2026-04-25T09:34:21.301755+00:00,1777109661.3017554,344,700,81.18,40.0,90.85,42.73,wet,light,falling,stable,TOO_WET
2026-04-25T09:34:21.302586+00:00,1777109661.3025863,364,709,75.29,38.8,88.09,41.98,wet,light,falling,stable,TOO_WET
2026-04-25T09:34:21.303786+00:00,1777109661.3037856,375,714,72.06,38.13,85.11,41.22,wet,light,falling,falling,TOO_WET
2026-04-25T09:34:24.751470+00:00,1777109664.7514696,466,963,45.29,4.93,78.97,36.37,wet,light,falling,falling,
2026-04-25T09:34:25.054861+00:00,1777109665.054861,289,664,97.35,44.8,79.56,36.56,wet,light,falling,falling,
2026-04-25T09:34:25.056663+00:00,1777109665.0566626,294,668,95.88,44.27,80.22,36.78,wet,light,falling,falling,
2026-04-25T09:34:25.057607+00:00,1777109665.057607,299,672,94.41,43.73,80.95,37.0,wet,light,rising,falling,
2026-04-25T09:34:25.058600+00:00,1777109665.0586002,305,676,92.65,43.2,81.76,37.23,wet,light,rising,rising,
2026-04-25T09:34:25.059829+00:00,1777109665.0598295,312,681,90.59,42.53,82.94,37.55,wet,light,rising,rising,
2026-04-25T09:34:25.060542+00:00,1777109665.0605423,319,685,88.53,42.0,84.59,37.95,wet,light,rising,rising,
2026-04-25T09:34:25.256202+00:00,1777109665.256202,327,690,86.18,41.33,86.36,38.35,wet,light,rising,rising,TOO_WET
2026-04-25T09:34:25.257739+00:00,1777109665.257739,344,700,81.18,40.0,90.85,42.73,wet,light,falling,stable,TOO_WET
2026-04-25T09:34:25.258626+00:00,1777109665.2586265,364,709,75.29,38.8,88.09,41.98,wet,light,falling,stable,TOO_WET
2026-04-25T09:34:25.259315+00:00,1777109665.2593148,375,714,72.06,38.13,85.11,41.22,wet,light,falling,falling,TOO_WET
2026-04-25T09:34:25.260122+00:00,1777109665.2601223,385,720,69.12,37.33,81.95,40.41,wet,light,falling,falling,
2026-04-25T09:34:27.529393+00:00,1777109667.5293934,294,668,95.88,44.27,82.35,40.55,wet,light,falling,stable,
2026-04-25T09:34:28.549200+00:00,1777109668.5492003,299,672,94.41,43.73,82.83,40.7,wet,light,stable,stable,
2026-04-25T09:34:28.550715+00:00,1777109668.5507154,305,676,92.65,43.2,83.35,40.85,wet,light,rising,stable,
2026-04-25T09:34:28.551560+00:00,1777109668.5515597,312,681,90.59,42.53,83.9,41.0,wet,light,rising,rising,
2026-04-25T09:34:28.552270+00:00,1777109668.5522702,319,685,88.53,42.0,84.82,41.25,wet,light,rising,rising,
2026-04-25T09:34:28.553004+00:00,1777109668.553004,327,690,86.18,41.33,86.18,41.56,wet,light,rising,stable,TOO_WET
2026-04-25T09:34:28.553726+00:00,1777109668.5537262,344,700,81.18,40.0,87.32,41.8,wet,light,stable,stable,TOO_WET
2026-04-25T09:34:28.554502+00:00,1777109668.5545025,364,709,75.29,38.8,88.09,41.98,wet,light,falling,stable,TOO_WET
2026-04-25T09:34:28.555383+00:00,1777109668.555383,375,714,72.06,38.13,85.11,41.22,wet,light,falling,falling,TOO_WET
2026-04-25T09:34:28.556446+00:00,1777109668.5564456,385,720,69.12,37.33,81.95,40.41,wet,light,falling,falling,
2026-04-25T09:34:28.557403+00:00,1777109668.5574026,397,725,65.59,36.67,78.57,39.6,wet,light,falling,falling,
2026-04-25T09:34:31.496228+00:00,1777109671.4962277,299,672,94.41,43.73,79.05,39.75,wet,light,falling,stable,
2026-04-25T09:34:31.656165+00:00,1777109671.6561646,305,676,92.65,43.2,79.56,39.9,wet,light,stable,stable,
2026-04-25T09:34:31.657983+00:00,1777109671.657983,312,681,90.59,42.53,80.11,40.05,wet,light,rising,stable,
2026-04-25T09:34:31.658828+00:00,1777109671.6588278,319,685,88.53,42.0,81.03,40.3,wet,light,rising,rising,
2026-04-25T09:34:31.659676+00:00,1777109671.659676,327,690,86.18,41.33,82.39,40.62,wet,light,rising,rising,
2026-04-25T09:34:31.660791+00:00,1777109671.6607914,344,700,81.18,40.0,83.53,40.85,wet,light,rising,stable,
2026-04-25T09:34:31.661490+00:00,1777109671.6614904,364,709,75.29,38.8,84.3,41.03,wet,light,falling,stable,
2026-04-25T09:34:31.662760+00:00,1777109671.6627595,375,714,72.06,38.13,85.11,41.22,wet,light,falling,falling,TOO_WET
2026-04-25T09:34:31.663719+00:00,1777109671.6637194,385,720,69.12,37.33,81.95,40.41,wet,light,falling,falling,
2026-04-25T09:34:31.664392+00:00,1777109671.664392,397,725,65.59,36.67,78.57,39.6,wet,light,falling,falling,
2026-04-25T09:34:32.776946+00:00,1777109672.7769456,299,672,94.41,43.73,79.05,39.75,wet,light,falling,stable,
2026-04-25T09:34:33.548088+00:00,1777109673.5480878,305,676,92.65,43.2,79.56,39.9,wet,light,stable,stable,
2026-04-25T09:34:33.549978+00:00,1777109673.5499775,312,681,90.59,42.53,80.11,40.05,wet,light,rising,stable,
2026-04-25T09:34:33.550728+00:00,1777109673.5507278,319,685,88.53,42.0,81.03,40.3,wet,light,rising,rising,
2026-04-25T09:34:33.551411+00:00,1777109673.5514107,327,690,86.18,41.33,82.39,40.62,wet,light,rising,rising,
2026-04-25T09:34:33.552113+00:00,1777109673.552113,344,700,81.18,40.0,83.53,40.85,wet,light,rising,stable,
2026-04-25T09:34:33.552809+00:00,1777109673.5528092,364,709,75.29,38.8,84.3,41.03,wet,light,falling,stable,
2026-04-25T09:34:33.553472+00:00,1777109673.5534718,375,714,72.06,38.13,85.11,41.22,wet,light,falling,falling,TOO_WET
2026-04-25T09:34:33.554185+00:00,1777109673.554185,385,720,69.12,37.33,81.95,40.41,wet,light,falling,falling,
2026-04-25T09:34:33.554812+00:00,1777109673.5548124,397,725,65.59,36.67,78.57,39.6,wet,light,falling,falling,
2026-04-25T09:34:33.555557+00:00,1777109673.555557,408,730,62.35,36.0,75.04,38.78,wet,light,falling,falling,
2026-04-25T09:34:35.994691+00:00,1777109675.994691,305,676,92.65,43.2,75.55,38.93,wet,light,falling,stable,
2026-04-25T09:34:36.447206+00:00,1777109676.4472065,312,681,90.59,42.53,76.1,39.08,wet,light,rising,stable,
2026-04-25T09:34:36.510204+00:00,1777109676.5102036,319,685,88.53,42.0,77.02,39.33,wet,light,rising,rising,
2026-04-25T09:34:36.511765+00:00,1777109676.5117645,327,690,86.18,41.33,78.38,39.65,wet,light,rising,rising,
2026-04-25T09:34:36.512653+00:00,1777109676.5126526,344,700,81.18,40.0,79.52,39.88,wet,light,rising,rising,
2026-04-25T09:34:36.513541+00:00,1777109676.513541,364,709,75.29,38.8,80.3,40.07,wet,light,rising,stable,
2026-04-25T09:34:36.514328+00:00,1777109676.5143285,375,714,72.06,38.13,81.1,40.25,wet,light,falling,stable,
2026-04-25T09:34:36.515084+00:00,1777109676.5150843,385,720,69.12,37.33,81.95,40.41,wet,light,falling,falling,
2026-04-25T09:34:36.515858+00:00,1777109676.515858,397,725,65.59,36.67,78.57,39.6,wet,light,falling,falling,
2026-04-25T09:34:36.516618+00:00,1777109676.5166178,408,730,62.35,36.0,75.04,38.78,wet,light,falling,falling,
2026-04-25T09:34:36.517375+00:00,1777109676.5173748,420,735,58.82,35.33,71.32,37.95,optimal,light,falling,falling,
2026-04-25T09:34:37.801404+00:00,1777109677.8014038,312,681,90.59,42.53,71.88,38.1,optimal,light,falling,stable,
2026-04-25T09:34:38.001859+00:00,1777109678.0018592,319,685,88.53,42.0,72.79,38.35,optimal,light,rising,stable,
2026-04-25T09:34:38.003346+00:00,1777109678.0033462,327,690,86.18,41.33,74.16,38.66,optimal,light,rising,rising,
2026-04-25T09:34:38.004410+00:00,1777109678.00441,344,700,81.18,40.0,75.3,38.9,wet,light,rising,rising,
2026-04-25T09:34:38.005352+00:00,1777109678.0053525,364,709,75.29,38.8,76.07,39.08,wet,light,rising,stable,
2026-04-25T09:34:38.006113+00:00,1777109678.0061126,375,714,72.06,38.13,76.88,39.27,wet,light,rising,stable,
2026-04-25T09:34:38.006938+00:00,1777109678.0069375,385,720,69.12,37.33,77.72,39.43,wet,light,falling,stable,
2026-04-25T09:34:38.007818+00:00,1777109678.007818,397,725,65.59,36.67,78.57,39.6,wet,light,falling,falling,
2026-04-25T09:34:38.008869+00:00,1777109678.008869,408,730,62.35,36.0,75.04,38.78,wet,light,falling,falling,
2026-04-25T09:34:38.009790+00:00,1777109678.0097897,420,735,58.82,35.33,71.32,37.95,optimal,light,falling,falling,
2026-04-25T09:34:38.010645+00:00,1777109678.0106447,431,741,55.59,34.53,67.5,37.1,optimal,light,falling,stable,
2026-04-25T09:34:40.813818+00:00,1777109680.8138182,374,985,72.35,2.0,66.4,32.35,optimal,light,falling,falling,
2026-04-25T09:34:41.095354+00:00,1777109681.0953536,319,685,88.53,42.0,68.05,32.75,optimal,light,stable,falling,
2026-04-25T09:34:41.096783+00:00,1777109681.0967832,327,690,86.18,41.33,69.82,33.15,optimal,light,rising,falling,
2026-04-25T09:34:41.097986+00:00,1777109681.0979862,344,700,81.18,40.0,71.32,33.48,optimal,light,rising,falling,
2026-04-25T09:34:41.098804+00:00,1777109681.0988045,364,709,75.29,38.8,72.54,33.75,optimal,light,rising,rising,
2026-04-25T09:34:41.100160+00:00,1777109681.10016,375,714,72.06,38.13,73.75,34.02,optimal,light,rising,rising,
2026-04-25T09:34:41.101128+00:00,1777109681.1011279,385,720,69.12,37.33,75.04,34.27,wet,light,stable,rising,
2026-04-25T09:34:41.102165+00:00,1777109681.1021655,397,725,65.59,36.67,76.29,34.53,wet,light,falling,rising,
2026-04-25T09:34:41.103054+00:00,1777109681.1030536,408,730,62.35,36.0,75.04,38.78,wet,light,falling,falling,
2026-04-25T09:34:41.104015+00:00,1777109681.1040146,420,735,58.82,35.33,71.32,37.95,optimal,light,falling,falling,
2026-04-25T09:34:41.104976+00:00,1777109681.1049764,431,741,55.59,34.53,67.5,37.1,optimal,light,falling,stable,
2026-04-25T09:34:42.340276+00:00,1777109682.3402765,363,987,75.59,1.73,66.8,32.31,optimal,light,falling,falling,
2026-04-25T09:34:42.799391+00:00,1777109682.7993906,319,685,88.53,42.0,68.46,32.72,optimal,light,stable,falling,
2026-04-25T09:34:42.800909+00:00,1777109682.800909,327,690,86.18,41.33,70.22,33.12,optimal,light,rising,falling,
2026-04-25T09:34:42.801805+00:00,1777109682.8018053,344,700,81.18,40.0,71.73,33.45,optimal,light,rising,falling,
2026-04-25T09:34:42.802624+00:00,1777109682.8026237,364,709,75.29,38.8,72.94,33.71,optimal,light,rising,rising,
2026-04-25T09:34:42.803604+00:00,1777109682.803604,375,714,72.06,38.13,74.16,33.98,optimal,light,rising,rising,
2026-04-25T09:34:42.804534+00:00,1777109682.804534,385,720,69.12,37.33,75.44,34.23,wet,light,stable,rising,
2026-04-25T09:34:42.805578+00:00,1777109682.8055778,397,725,65.59,36.67,76.69,34.5,wet,light,falling,rising,
2026-04-25T09:34:42.806327+00:00,1777109682.8063273,408,730,62.35,36.0,75.04,38.78,wet,light,falling,falling,
2026-04-25T09:34:42.806979+00:00,1777109682.8069787,420,735,58.82,35.33,71.32,37.95,optimal,light,falling,falling,
2026-04-25T09:34:42.808023+00:00,1777109682.8080232,431,741,55.59,34.53,67.5,37.1,optimal,light,falling,stable,
2026-04-25T09:34:48.714351+00:00,1777109688.7143507,353,989,78.53,1.47,67.17,32.28,optimal,light,falling,falling,
2026-04-25T09:34:48.831508+00:00,1777109688.8315077,344,990,81.18,1.33,67.91,27.6,optimal,light,stable,falling,
2026-04-25T09:34:48.833191+00:00,1777109688.8331912,335,992,83.82,1.07,69.38,22.97,optimal,light,rising,falling,
2026-04-25T09:34:48.834478+00:00,1777109688.8344781,319,685,88.53,42.0,71.8,23.55,optimal,light,rising,falling,
2026-04-25T09:34:48.835693+00:00,1777109688.8356931,327,690,86.18,41.33,74.38,24.13,optimal,light,rising,falling,
2026-04-25T09:34:48.836766+00:00,1777109688.836766,344,700,81.18,40.0,76.73,24.63,wet,light,rising,rising,
2026-04-25T09:34:48.837488+00:00,1777109688.8374882,364,709,75.29,38.8,78.79,25.07,wet,light,rising,rising,
2026-04-25T09:34:48.838165+00:00,1777109688.8381653,375,714,72.06,38.13,80.85,25.52,wet,light,falling,rising,
2026-04-25T09:34:48.838924+00:00,1777109688.8389242,385,720,69.12,37.33,79.67,30.0,wet,light,falling,rising,
2026-04-25T09:34:48.839650+00:00,1777109688.8396497,397,725,65.59,36.67,77.72,34.42,wet,light,falling,rising,
2026-04-25T09:34:48.840355+00:00,1777109688.840355,408,730,62.35,36.0,75.04,38.78,wet,light,falling,falling,
2026-04-25T09:34:48.841503+00:00,1777109688.841503,420,735,58.82,35.33,71.32,37.95,optimal,light,falling,falling,
2026-04-25T09:34:48.842388+00:00,1777109688.8423882,431,741,55.59,34.53,67.5,37.1,optimal,light,falling,stable,
2026-04-25T09:34:48.843164+00:00,1777109688.843164,443,746,52.06,33.87,63.86,36.33,optimal,light,falling,stable,
2026-04-25T09:34:50.066446+00:00,1777109690.0664458,327,690,86.18,41.33,65.22,36.65,optimal,light,falling,stable,
2026-04-25T09:34:51.114179+00:00,1777109691.114179,344,700,81.18,40.0,66.36,36.88,optimal,light,rising,stable,
2026-04-25T09:34:51.115138+00:00,1777109691.115138,364,709,75.29,38.8,67.13,37.07,optimal,light,rising,stable,
2026-04-25T09:34:51.115682+00:00,1777109691.115682,375,714,72.06,38.13,67.94,37.25,optimal,light,rising,rising,
2026-04-25T09:34:51.116152+00:00,1777109691.1161518,385,720,69.12,37.33,68.79,37.41,optimal,light,rising,stable,
2026-04-25T09:34:51.116575+00:00,1777109691.1165752,397,725,65.59,36.67,69.63,37.58,optimal,light,stable,stable,
2026-04-25T09:34:51.116979+00:00,1777109691.1169791,408,730,62.35,36.0,70.48,37.77,optimal,light,falling,stable,
2026-04-25T09:34:51.117373+00:00,1777109691.1173728,420,735,58.82,35.33,71.32,37.95,optimal,light,falling,falling,
2026-04-25T09:34:51.117742+00:00,1777109691.1177418,431,741,55.59,34.53,67.5,37.1,optimal,light,falling,stable,
2026-04-25T09:34:51.118117+00:00,1777109691.1181173,443,746,52.06,33.87,63.86,36.33,optimal,light,falling,stable,
2026-04-25T09:34:51.118482+00:00,1777109691.118482,455,751,48.53,33.2,60.52,35.63,optimal,light,falling,stable,
2026-04-25T09:34:58.773945+00:00,1777109698.773945,318,995,88.82,0.67,62.61,30.95,optimal,light,stable,falling,
2026-04-25T09:34:59.406451+00:00,1777109699.4064512,311,996,90.88,0.53,65.33,26.35,optimal,light,rising,falling,
2026-04-25T09:34:59.407897+00:00,1777109699.4078972,304,997,92.94,0.4,68.75,21.82,optimal,light,rising,falling,
2026-04-25T09:34:59.408927+00:00,1777109699.4089267,299,998,94.41,0.27,72.76,17.35,optimal,light,rising,falling,
2026-04-25T09:34:59.409449+00:00,1777109699.4094486,344,700,81.18,40.0,75.55,17.93,wet,light,rising,falling,
2026-04-25T09:34:59.409851+00:00,1777109699.409851,364,709,75.29,38.8,78.01,18.47,wet,light,rising,stable,
2026-04-25T09:34:59.410440+00:00,1777109699.4104404,375,714,72.06,38.13,80.51,19.0,wet,light,stable,rising,
2026-04-25T09:34:59.410980+00:00,1777109699.4109797,385,720,69.12,37.33,83.09,19.52,wet,light,falling,rising,
2026-04-25T09:34:59.411419+00:00,1777109699.4114194,397,725,65.59,36.67,80.18,24.02,wet,light,falling,rising,
2026-04-25T09:34:59.411802+00:00,1777109699.4118018,408,730,62.35,36.0,76.62,28.45,wet,light,falling,rising,
2026-04-25T09:34:59.412169+00:00,1777109699.4121685,420,735,58.82,35.33,72.35,32.82,optimal,light,falling,rising,
2026-04-25T09:34:59.412538+00:00,1777109699.4125383,431,741,55.59,34.53,67.5,37.1,optimal,light,falling,stable,
2026-04-25T09:34:59.412938+00:00,1777109699.4129376,443,746,52.06,33.87,63.86,36.33,optimal,light,falling,stable,
2026-04-25T09:34:59.413298+00:00,1777109699.4132977,455,751,48.53,33.2,60.52,35.63,optimal,light,falling,stable,
2026-04-25T09:34:59.413663+00:00,1777109699.4136634,467,757,45.0,32.4,57.13,34.92,optimal,light,falling,stable,
2026-04-25T09:35:00.006423+00:00,1777109700.0064235,364,709,75.29,38.8,57.9,35.1,optimal,light,falling,stable,
2026-04-25T09:35:04.417467+00:00,1777109704.4174666,375,714,72.06,38.13,58.71,35.28,optimal,light,rising,stable,
2026-04-25T09:35:04.632407+00:00,1777109704.6324072,385,720,69.12,37.33,59.56,35.45,optimal,light,rising,stable,
2026-04-25T09:35:04.633408+00:00,1777109704.6334078,397,725,65.59,36.67,60.41,35.62,optimal,light,rising,rising,
2026-04-25T09:35:04.633908+00:00,1777109704.6339078,408,730,62.35,36.0,61.25,35.8,optimal,light,rising,stable,
2026-04-25T09:35:04.634433+00:00,1777109704.634433,420,735,58.82,35.33,62.09,35.98,optimal,light,rising,stable,
2026-04-25T09:35:04.634845+00:00,1777109704.634845,431,741,55.59,34.53,62.98,36.15,optimal,light,falling,stable,
2026-04-25T09:35:04.635227+00:00,1777109704.6352274,443,746,52.06,33.87,63.86,36.33,optimal,light,falling,stable,
2026-04-25T09:35:04.635592+00:00,1777109704.6355925,455,751,48.53,33.2,60.52,35.63,optimal,light,falling,stable,
2026-04-25T09:35:04.635967+00:00,1777109704.635967,467,757,45.0,32.4,57.13,34.92,optimal,light,falling,stable,
2026-04-25T09:35:04.636350+00:00,1777109704.6363497,479,762,41.47,31.73,53.68,34.22,optimal,light,falling,stable,
2026-04-25T09:35:11.774332+00:00,1777109711.7743316,283,999,99.12,0.13,57.87,29.65,optimal,light,stable,falling,
2026-04-25T09:35:12.502358+00:00,1777109712.502358,281,999,99.71,0.13,62.54,25.16,optimal,light,rising,falling,
2026-04-25T09:35:12.503709+00:00,1777109712.5037088,280,999,100.0,0.13,67.69,20.77,optimal,light,rising,falling,
2026-04-25T09:35:12.504509+00:00,1777109712.5045092,375,714,72.06,38.13,69.74,21.21,optimal,light,rising,falling,
2026-04-25T09:35:12.505219+00:00,1777109712.5052192,385,720,69.12,37.33,71.88,21.65,optimal,light,rising,falling,
2026-04-25T09:35:12.505932+00:00,1777109712.5059319,397,725,65.59,36.67,74.01,22.08,optimal,light,rising,rising,
2026-04-25T09:35:12.506594+00:00,1777109712.506594,408,730,62.35,36.0,76.18,22.53,wet,light,falling,rising,
2026-04-25T09:35:12.507339+00:00,1777109712.5073388,420,735,58.82,35.33,78.35,22.98,wet,light,falling,rising,
2026-04-25T09:35:12.508330+00:00,1777109712.5083299,431,741,55.59,34.53,72.91,27.28,optimal,light,falling,rising,
2026-04-25T09:35:12.509013+00:00,1777109712.5090132,443,746,52.06,33.87,66.95,31.5,optimal,light,falling,rising,
2026-04-25T09:35:12.509717+00:00,1777109712.5097165,455,751,48.53,33.2,60.52,35.63,optimal,light,falling,stable,
2026-04-25T09:35:12.510406+00:00,1777109712.5104063,467,757,45.0,32.4,57.13,34.92,optimal,light,falling,stable,
2026-04-25T09:35:12.511145+00:00,1777109712.5111446,479,762,41.47,31.73,53.68,34.22,optimal,light,falling,stable,
2026-04-25T09:35:12.511844+00:00,1777109712.5118444,491,768,37.94,30.93,50.22,33.5,optimal,light,falling,stable,
2026-04-25T09:35:18.533858+00:00,1777109718.5338576,280,999,100.0,0.13,54.93,29.02,optimal,light,stable,falling,
2026-04-25T09:35:18.789016+00:00,1777109718.7890165,281,998,99.71,0.27,60.04,24.63,optimal,light,rising,falling,
2026-04-25T09:35:18.790771+00:00,1777109718.7907708,284,997,98.82,0.4,65.44,20.37,optimal,light,rising,falling,
2026-04-25T09:35:18.791930+00:00,1777109718.79193,385,720,69.12,37.33,67.57,20.8,optimal,light,rising,falling,
2026-04-25T09:35:18.792644+00:00,1777109718.7926435,397,725,65.59,36.67,69.71,21.23,optimal,light,rising,falling,
2026-04-25T09:35:18.793279+00:00,1777109718.7932787,408,730,62.35,36.0,71.88,21.68,optimal,light,rising,rising,
2026-04-25T09:35:18.794468+00:00,1777109718.7944677,420,735,58.82,35.33,74.04,22.13,optimal,light,falling,rising,
2026-04-25T09:35:18.795220+00:00,1777109718.7952204,431,741,55.59,34.53,76.25,22.58,wet,light,falling,rising,
2026-04-25T09:35:18.796365+00:00,1777109718.7963645,443,746,52.06,33.87,70.26,26.8,optimal,light,falling,rising,
2026-04-25T09:35:18.797060+00:00,1777109718.7970598,455,751,48.53,33.2,63.86,30.92,optimal,light,falling,rising,
2026-04-25T09:35:18.797678+00:00,1777109718.7976775,467,757,45.0,32.4,57.13,34.92,optimal,light,falling,stable,
2026-04-25T09:35:18.798298+00:00,1777109718.7982976,479,762,41.47,31.73,53.68,34.22,optimal,light,falling,stable,
2026-04-25T09:35:18.799307+00:00,1777109718.7993073,491,768,37.94,30.93,50.22,33.5,optimal,light,falling,stable,
2026-04-25T09:35:19.920413+00:00,1777109719.9204135,385,720,69.12,37.33,51.07,33.66,optimal,light,falling,stable,
2026-04-25T09:35:20.064091+00:00,1777109720.0640912,397,725,65.59,36.67,51.91,33.83,optimal,light,rising,stable,
2026-04-25T09:35:20.065962+00:00,1777109720.0659623,408,730,62.35,36.0,52.76,34.02,optimal,light,rising,stable,
2026-04-25T09:35:20.066731+00:00,1777109720.0667315,420,735,58.82,35.33,53.6,34.2,optimal,light,rising,rising,
2026-04-25T09:35:20.068097+00:00,1777109720.068097,431,741,55.59,34.53,54.48,34.37,optimal,light,rising,stable,
2026-04-25T09:35:20.068867+00:00,1777109720.068867,443,746,52.06,33.87,55.37,34.55,optimal,light,rising,stable,
2026-04-25T09:35:20.069534+00:00,1777109720.0695336,455,751,48.53,33.2,56.25,34.73,optimal,light,falling,stable,
2026-04-25T09:35:20.070586+00:00,1777109720.0705864,467,757,45.0,32.4,57.13,34.92,optimal,light,falling,stable,
2026-04-25T09:35:20.071856+00:00,1777109720.0718558,479,762,41.47,31.73,53.68,34.22,optimal,light,falling,stable,
2026-04-25T09:35:20.072623+00:00,1777109720.072623,491,768,37.94,30.93,50.22,33.5,optimal,light,falling,stable,
2026-04-25T09:35:20.073473+00:00,1777109720.0734735,502,773,34.71,30.27,46.77,32.78,optimal,light,falling,stable,
2026-04-25T09:35:26.334494+00:00,1777109726.3344944,290,995,97.06,0.67,51.55,28.45,optimal,light,stable,falling,
2026-04-25T09:35:26.393872+00:00,1777109726.3938718,295,994,95.59,0.8,56.55,24.23,optimal,light,rising,falling,
2026-04-25T09:35:26.395598+00:00,1777109726.395598,300,993,94.12,0.93,61.8,20.12,optimal,light,rising,falling,
2026-04-25T09:35:26.396468+00:00,1777109726.3964682,397,725,65.59,36.67,63.94,20.55,optimal,light,rising,falling,
2026-04-25T09:35:26.397341+00:00,1777109726.397341,408,730,62.35,36.0,66.1,21.0,optimal,light,rising,falling,
2026-04-25T09:35:26.398747+00:00,1777109726.398747,420,735,58.82,35.33,68.27,21.45,optimal,light,rising,rising,
2026-04-25T09:35:26.399561+00:00,1777109726.3995612,431,741,55.59,34.53,70.48,21.9,optimal,light,falling,rising,
2026-04-25T09:35:26.400292+00:00,1777109726.400292,443,746,52.06,33.87,72.65,22.35,optimal,light,falling,rising,
2026-04-25T09:35:26.401025+00:00,1777109726.4010248,455,751,48.53,33.2,66.58,26.42,optimal,light,falling,rising,
2026-04-25T09:35:26.401657+00:00,1777109726.401657,467,757,45.0,32.4,60.26,30.37,optimal,light,falling,rising,
2026-04-25T09:35:26.402276+00:00,1777109726.4022758,479,762,41.47,31.73,53.68,34.22,optimal,light,falling,stable,
2026-04-25T09:35:26.402899+00:00,1777109726.4028993,491,768,37.94,30.93,50.22,33.5,optimal,light,falling,stable,
2026-04-25T09:35:26.403633+00:00,1777109726.403633,502,773,34.71,30.27,46.77,32.78,optimal,light,falling,stable,
2026-04-25T09:35:26.404705+00:00,1777109726.4047053,513,779,31.47,29.47,43.35,32.05,low,light,falling,stable,
2026-04-25T09:35:27.516890+00:00,1777109727.5168896,408,730,62.35,36.0,44.19,32.23,low,light,falling,stable,
2026-04-25T09:35:27.811511+00:00,1777109727.8115106,420,735,58.82,35.33,45.04,32.42,optimal,light,rising,stable,
2026-04-25T09:35:27.868812+00:00,1777109727.8688116,431,741,55.59,34.53,45.92,32.58,optimal,light,rising,stable,
2026-04-25T09:35:27.870146+00:00,1777109727.8701458,443,746,52.06,33.87,46.8,32.77,optimal,light,rising,rising,
2026-04-25T09:35:27.871133+00:00,1777109727.8711333,455,751,48.53,33.2,47.68,32.95,optimal,light,rising,stable,
2026-04-25T09:35:27.872929+00:00,1777109727.8729293,467,757,45.0,32.4,48.57,33.13,optimal,light,rising,stable,
2026-04-25T09:35:27.873879+00:00,1777109727.8738787,479,762,41.47,31.73,49.41,33.32,optimal,light,falling,stable,
2026-04-25T09:35:27.874700+00:00,1777109727.8747,491,768,37.94,30.93,50.22,33.5,optimal,light,falling,stable,
2026-04-25T09:35:27.875434+00:00,1777109727.8754344,502,773,34.71,30.27,46.77,32.78,optimal,light,falling,stable,
2026-04-25T09:35:27.876136+00:00,1777109727.8761363,513,779,31.47,29.47,43.35,32.05,low,light,falling,stable,
2026-04-25T09:35:27.876840+00:00,1777109727.8768404,524,784,28.24,28.8,39.93,31.33,low,light,falling,stable,
2026-04-25T09:35:29.176218+00:00,1777109729.1762183,420,735,58.82,35.33,40.77,31.52,low,light,falling,stable,
2026-04-25T09:35:29.262063+00:00,1777109729.2620625,431,741,55.59,34.53,41.66,31.68,low,light,rising,stable,
2026-04-25T09:35:29.264071+00:00,1777109729.2640715,443,746,52.06,33.87,42.54,31.87,low,light,rising,stable,
2026-04-25T09:35:29.264969+00:00,1777109729.2649689,455,751,48.53,33.2,43.42,32.05,low,light,rising,rising,
2026-04-25T09:35:29.266026+00:00,1777109729.2660255,467,757,45.0,32.4,44.3,32.23,low,light,rising,stable,
2026-04-25T09:35:29.266702+00:00,1777109729.2667024,479,762,41.47,31.73,45.15,32.42,optimal,light,rising,stable,
2026-04-25T09:35:29.267963+00:00,1777109729.267963,491,768,37.94,30.93,45.96,32.6,optimal,light,falling,stable,
2026-04-25T09:35:29.268782+00:00,1777109729.268782,502,773,34.71,30.27,46.77,32.78,optimal,light,falling,stable,
2026-04-25T09:35:29.269469+00:00,1777109729.2694693,513,779,31.47,29.47,43.35,32.05,low,light,falling,stable,
2026-04-25T09:35:29.270087+00:00,1777109729.270087,524,784,28.24,28.8,39.93,31.33,low,light,falling,stable,
2026-04-25T09:35:29.271131+00:00,1777109729.271131,545,796,22.06,27.2,36.18,30.5,low,light,falling,falling,
2026-04-25T09:35:36.918903+00:00,1777109736.9189026,321,988,87.94,1.6,41.1,26.55,low,light,stable,falling,
2026-04-25T09:35:37.570145+00:00,1777109737.5701451,329,986,85.59,1.87,46.18,22.73,optimal,light,rising,falling,
2026-04-25T09:35:37.572056+00:00,1777109737.5720558,337,984,83.24,2.13,51.4,19.03,optimal,light,rising,falling,
2026-04-25T09:35:37.573167+00:00,1777109737.5731668,431,741,55.59,34.53,53.6,19.48,optimal,light,rising,falling,
2026-04-25T09:35:37.574121+00:00,1777109737.5741215,443,746,52.06,33.87,55.77,19.93,optimal,light,rising,falling,
2026-04-25T09:35:37.575186+00:00,1777109737.5751863,455,751,48.53,33.2,57.91,20.4,optimal,light,rising,rising,
2026-04-25T09:35:37.575947+00:00,1777109737.575947,467,757,45.0,32.4,60.0,20.85,optimal,light,falling,rising,
2026-04-25T09:35:37.576714+00:00,1777109737.5767138,479,762,41.47,31.73,62.43,21.42,optimal,light,falling,rising,
2026-04-25T09:35:37.577438+00:00,1777109737.5774384,491,768,37.94,30.93,56.18,25.08,optimal,light,falling,rising,
2026-04-25T09:35:37.578141+00:00,1777109737.5781407,502,773,34.71,30.27,49.82,28.63,optimal,light,falling,rising,
2026-04-25T09:35:37.578747+00:00,1777109737.5787468,513,779,31.47,29.47,43.35,32.05,low,light,falling,stable,
2026-04-25T09:35:37.579541+00:00,1777109737.5795407,524,784,28.24,28.8,39.93,31.33,low,light,falling,stable,
2026-04-25T09:35:37.580461+00:00,1777109737.5804608,545,796,22.06,27.2,36.18,30.5,low,light,falling,falling,
2026-04-25T09:35:37.581356+00:00,1777109737.581356,554,801,19.41,26.53,32.54,29.67,low,light,falling,falling,
2026-04-25T09:35:39.100441+00:00,1777109739.1004415,443,746,52.06,33.87,33.42,29.85,low,light,falling,stable,
2026-04-25T09:35:39.376836+00:00,1777109739.376836,455,751,48.53,33.2,34.3,30.03,low,light,stable,stable,
2026-04-25T09:35:39.378705+00:00,1777109739.3787048,467,757,45.0,32.4,35.19,30.22,low,light,rising,stable,
2026-04-25T09:35:39.379556+00:00,1777109739.3795562,479,762,41.47,31.73,36.03,30.4,low,light,rising,rising,
2026-04-25T09:35:39.380376+00:00,1777109739.3803763,491,768,37.94,30.93,36.84,30.58,low,light,rising,stable,
2026-04-25T09:35:39.381108+00:00,1777109739.3811083,502,773,34.71,30.27,37.65,30.77,low,light,rising,stable,
2026-04-25T09:35:39.381856+00:00,1777109739.381856,513,779,31.47,29.47,38.82,31.05,low,light,falling,stable,
2026-04-25T09:35:39.382807+00:00,1777109739.382807,524,784,28.24,28.8,39.93,31.33,low,light,falling,stable,
2026-04-25T09:35:39.383476+00:00,1777109739.3834765,545,796,22.06,27.2,36.18,30.5,low,light,falling,falling,
2026-04-25T09:35:39.384617+00:00,1777109739.3846166,554,801,19.41,26.53,32.54,29.67,low,light,falling,falling,
2026-04-25T09:35:39.385314+00:00,1777109739.3853137,563,807,16.76,25.73,29.01,28.83,low,light,falling,falling,
2026-04-25T09:35:40.520061+00:00,1777109740.5200615,455,751,48.53,33.2,29.89,29.02,low,light,falling,stable,
2026-04-25T09:35:40.621151+00:00,1777109740.6211512,467,757,45.0,32.4,30.77,29.2,low,light,rising,stable,
2026-04-25T09:35:40.622638+00:00,1777109740.6226382,479,762,41.47,31.73,31.62,29.38,low,light,rising,stable,
2026-04-25T09:35:40.623472+00:00,1777109740.6234722,491,768,37.94,30.93,32.43,29.57,low,light,rising,rising,
2026-04-25T09:35:40.624832+00:00,1777109740.624832,502,773,34.71,30.27,33.23,29.75,low,light,rising,rising,
2026-04-25T09:35:40.625787+00:00,1777109740.6257865,513,779,31.47,29.47,34.41,30.03,low,light,rising,stable,
2026-04-25T09:35:40.627040+00:00,1777109740.62704,524,784,28.24,28.8,35.52,30.32,low,light,falling,stable,
2026-04-25T09:35:40.627940+00:00,1777109740.6279402,545,796,22.06,27.2,36.18,30.5,low,light,falling,falling,
2026-04-25T09:35:40.628625+00:00,1777109740.6286254,554,801,19.41,26.53,32.54,29.67,low,light,falling,falling,
2026-04-25T09:35:40.629296+00:00,1777109740.6292963,563,807,16.76,25.73,29.01,28.83,low,light,falling,falling,
2026-04-25T09:35:40.630004+00:00,1777109740.6300044,572,812,14.12,25.07,25.59,28.0,low,light,falling,falling,
2026-04-25T09:35:41.787974+00:00,1777109741.7879744,467,757,45.0,32.4,26.47,28.18,low,light,falling,stable,
2026-04-25T09:35:41.846497+00:00,1777109741.8464973,479,762,41.47,31.73,27.32,28.37,low,light,rising,stable,
2026-04-25T09:35:41.848385+00:00,1777109741.8483846,491,768,37.94,30.93,28.12,28.55,low,light,rising,stable,
2026-04-25T09:35:41.849182+00:00,1777109741.8491821,502,773,34.71,30.27,28.93,28.73,low,light,rising,rising,
2026-04-25T09:35:41.850607+00:00,1777109741.8506072,513,779,31.47,29.47,30.11,29.02,low,light,rising,rising,
2026-04-25T09:35:41.851331+00:00,1777109741.8513315,524,784,28.24,28.8,31.21,29.3,low,light,rising,stable,
2026-04-25T09:35:41.851993+00:00,1777109741.8519933,545,796,22.06,27.2,31.88,29.48,low,light,falling,stable,
2026-04-25T09:35:41.852883+00:00,1777109741.8528826,554,801,19.41,26.53,32.54,29.67,low,light,falling,falling,
2026-04-25T09:35:41.853668+00:00,1777109741.8536682,563,807,16.76,25.73,29.01,28.83,low,light,falling,falling,
2026-04-25T09:35:41.854470+00:00,1777109741.8544695,572,812,14.12,25.07,25.59,28.0,low,light,falling,falling,
2026-04-25T09:35:41.855126+00:00,1777109741.8551264,580,818,11.76,24.27,22.32,27.17,dry,light,falling,falling,TOO_DRY
2026-04-25T09:35:43.013004+00:00,1777109743.0130036,479,762,41.47,31.73,23.16,27.35,dry,light,falling,stable,TOO_DRY
2026-04-25T09:35:43.131268+00:00,1777109743.1312675,491,768,37.94,30.93,23.97,27.53,dry,light,rising,stable,TOO_DRY
2026-04-25T09:35:43.132789+00:00,1777109743.1327887,502,773,34.71,30.27,24.78,27.72,dry,light,rising,rising,TOO_DRY
2026-04-25T09:35:43.133535+00:00,1777109743.1335351,513,779,31.47,29.47,25.95,28.0,low,light,rising,rising,
2026-04-25T09:35:43.134823+00:00,1777109743.1348228,524,784,28.24,28.8,27.06,28.28,low,light,rising,rising,
2026-04-25T09:35:43.135579+00:00,1777109743.1355789,545,796,22.06,27.2,27.72,28.47,low,light,stable,stable,
2026-04-25T09:35:43.136387+00:00,1777109743.1363873,554,801,19.41,26.53,28.38,28.65,low,light,falling,stable,
2026-04-25T09:35:43.137774+00:00,1777109743.137774,563,807,16.76,25.73,29.01,28.83,low,light,falling,falling,
2026-04-25T09:35:43.139284+00:00,1777109743.1392841,572,812,14.12,25.07,25.59,28.0,low,light,falling,falling,
2026-04-25T09:35:43.140113+00:00,1777109743.1401129,580,818,11.76,24.27,22.32,27.17,dry,light,falling,falling,TOO_DRY
2026-04-25T09:35:43.140851+00:00,1777109743.1408515,587,824,9.71,23.47,19.19,26.32,dry,light,falling,falling,TOO_DRY
2026-04-25T09:35:44.133843+00:00,1777109744.1338427,491,768,37.94,30.93,20.0,26.5,dry,light,falling,stable,TOO_DRY
2026-04-25T09:35:44.186859+00:00,1777109744.1868587,502,773,34.71,30.27,20.81,26.68,dry,light,rising,stable,TOO_DRY
2026-04-25T09:35:44.188240+00:00,1777109744.18824,513,779,31.47,29.47,21.98,26.97,dry,light,rising,rising,TOO_DRY
2026-04-25T09:35:44.189749+00:00,1777109744.189749,524,784,28.24,28.8,23.09,27.25,dry,light,rising,rising,TOO_DRY
2026-04-25T09:35:44.190453+00:00,1777109744.1904526,545,796,22.06,27.2,23.75,27.43,dry,light,rising,stable,TOO_DRY
2026-04-25T09:35:44.191097+00:00,1777109744.1910975,554,801,19.41,26.53,24.41,27.62,dry,light,stable,stable,TOO_DRY
2026-04-25T09:35:44.191708+00:00,1777109744.1917083,563,807,16.76,25.73,25.04,27.8,low,light,falling,stable,
2026-04-25T09:35:44.192421+00:00,1777109744.192421,572,812,14.12,25.07,25.59,28.0,low,light,falling,falling,
2026-04-25T09:35:44.193075+00:00,1777109744.1930747,580,818,11.76,24.27,22.32,27.17,dry,light,falling,falling,TOO_DRY
2026-04-25T09:35:44.193683+00:00,1777109744.1936827,587,824,9.71,23.47,19.19,26.32,dry,light,falling,falling,TOO_DRY
2026-04-25T09:35:44.194301+00:00,1777109744.194301,594,829,7.65,22.8,16.21,25.48,dry,light,falling,falling,TOO_DRY
2026-04-25T09:35:50.595914+00:00,1777109750.5959141,388,971,68.24,3.87,21.21,22.37,dry,light,rising,falling,TOO_DRY
2026-04-25T09:35:50.673391+00:00,1777109750.6733906,399,968,65.0,4.27,26.58,19.5,low,light,rising,falling,
2026-04-25T09:35:50.675277+00:00,1777109750.6752768,411,965,61.47,4.67,31.84,16.77,low,light,rising,falling,
2026-04-25T09:35:50.676771+00:00,1777109750.676771,502,773,34.71,30.27,34.08,17.34,low,light,rising,falling,
2026-04-25T09:35:50.677550+00:00,1777109750.67755,513,779,31.47,29.47,36.25,17.89,low,light,rising,stable,
2026-04-25T09:35:50.678643+00:00,1777109750.6786427,524,784,28.24,28.8,38.31,18.45,low,light,stable,rising,
2026-04-25T09:35:50.679820+00:00,1777109750.6798198,545,796,22.06,27.2,39.85,18.92,low,light,falling,rising,
2026-04-25T09:35:50.680599+00:00,1777109750.680599,554,801,19.41,26.53,41.32,19.39,low,light,falling,rising,
2026-04-25T09:35:50.681332+00:00,1777109750.6813319,563,807,16.76,25.73,34.89,22.12,low,light,falling,rising,
2026-04-25T09:35:50.682049+00:00,1777109750.6820488,572,812,14.12,25.07,28.53,24.72,low,light,falling,stable,
2026-04-25T09:35:50.682706+00:00,1777109750.6827059,580,818,11.76,24.27,22.32,27.17,dry,light,falling,falling,TOO_DRY
2026-04-25T09:35:50.684147+00:00,1777109750.6841466,587,824,9.71,23.47,19.19,26.32,dry,light,falling,falling,TOO_DRY
2026-04-25T09:35:50.685373+00:00,1777109750.6853726,594,829,7.65,22.8,16.21,25.48,dry,light,falling,falling,TOO_DRY
2026-04-25T09:35:50.686033+00:00,1777109750.6860335,600,835,5.88,22.0,13.42,24.63,dry,light,falling,stable,TOO_DRY
2026-04-25T09:35:51.836500+00:00,1777109751.8365004,513,779,31.47,29.47,14.6,24.92,dry,light,stable,stable,TOO_DRY
2026-04-25T09:35:51.883900+00:00,1777109751.8839002,524,784,28.24,28.8,15.7,25.2,dry,light,rising,stable,TOO_DRY
2026-04-25T09:35:51.885683+00:00,1777109751.8856826,545,796,22.06,27.2,16.36,25.38,dry,light,rising,stable,TOO_DRY
2026-04-25T09:35:51.886705+00:00,1777109751.8867047,554,801,19.41,26.53,17.02,25.57,dry,light,rising,rising,TOO_DRY
2026-04-25T09:35:51.887501+00:00,1777109751.8875008,563,807,16.76,25.73,17.65,25.75,dry,light,rising,stable,TOO_DRY
2026-04-25T09:35:51.888680+00:00,1777109751.88868,572,812,14.12,25.07,18.2,25.95,dry,light,stable,stable,TOO_DRY
2026-04-25T09:35:51.889480+00:00,1777109751.8894796,580,818,11.76,24.27,18.71,26.13,dry,light,falling,stable,TOO_DRY
2026-04-25T09:35:51.890261+00:00,1777109751.890261,587,824,9.71,23.47,19.19,26.32,dry,light,falling,falling,TOO_DRY
2026-04-25T09:35:51.890974+00:00,1777109751.890974,594,829,7.65,22.8,16.21,25.48,dry,light,falling,falling,TOO_DRY
2026-04-25T09:35:51.891734+00:00,1777109751.8917344,600,835,5.88,22.0,13.42,24.63,dry,light,falling,stable,TOO_DRY
2026-04-25T09:35:51.892411+00:00,1777109751.8924105,605,840,4.41,21.33,11.21,23.9,dry,light,falling,stable,TOO_DRY
2026-04-25T09:35:53.112181+00:00,1777109753.1121812,524,784,28.24,28.8,12.32,24.18,dry,light,stable,stable,TOO_DRY
2026-04-25T09:35:53.218935+00:00,1777109753.2189355,545,796,22.06,27.2,12.98,24.37,dry,light,rising,stable,TOO_DRY
2026-04-25T09:35:53.220495+00:00,1777109753.220495,554,801,19.41,26.53,13.64,24.55,dry,light,rising,stable,TOO_DRY
2026-04-25T09:35:53.221300+00:00,1777109753.2212996,563,807,16.76,25.73,14.27,24.73,dry,light,rising,rising,TOO_DRY
2026-04-25T09:35:53.222100+00:00,1777109753.2221005,572,812,14.12,25.07,14.82,24.93,dry,light,rising,stable,TOO_DRY
2026-04-25T09:35:53.223158+00:00,1777109753.2231584,580,818,11.76,24.27,15.33,25.12,dry,light,stable,stable,TOO_DRY
2026-04-25T09:35:53.224020+00:00,1777109753.2240198,587,824,9.71,23.47,15.81,25.3,dry,light,falling,stable,TOO_DRY
2026-04-25T09:35:53.224894+00:00,1777109753.2248938,594,829,7.65,22.8,16.21,25.48,dry,light,falling,falling,TOO_DRY
2026-04-25T09:35:53.225821+00:00,1777109753.2258213,600,835,5.88,22.0,13.42,24.63,dry,light,falling,stable,TOO_DRY
2026-04-25T09:35:53.226866+00:00,1777109753.226866,605,840,4.41,21.33,11.21,23.9,dry,light,falling,stable,TOO_DRY
2026-04-25T09:36:01.848077+00:00,1777109761.848077,446,955,51.18,6.0,15.18,21.33,dry,light,rising,falling,TOO_DRY
2026-04-25T09:36:01.953099+00:00,1777109761.9530995,458,952,47.65,6.4,19.04,18.92,dry,light,rising,falling,TOO_DRY
2026-04-25T09:36:01.953937+00:00,1777109761.9539368,470,948,44.12,6.93,22.79,16.65,dry,light,rising,falling,TOO_DRY
2026-04-25T09:36:01.954364+00:00,1777109761.9543638,524,784,28.24,28.8,24.86,17.22,dry,light,rising,falling,TOO_DRY
2026-04-25T09:36:01.954777+00:00,1777109761.9547765,545,796,22.06,27.2,26.4,17.68,low,light,rising,stable,
2026-04-25T09:36:01.955218+00:00,1777109761.9552176,554,801,19.41,26.53,27.87,18.15,low,light,stable,rising,
2026-04-25T09:36:01.955608+00:00,1777109761.9556084,563,807,16.76,25.73,29.23,18.61,low,light,falling,rising,
2026-04-25T09:36:01.955978+00:00,1777109761.9559784,572,812,14.12,25.07,30.44,19.08,low,light,falling,rising,
2026-04-25T09:36:01.956359+00:00,1777109761.9563587,580,818,11.76,24.27,25.52,21.37,low,light,falling,rising,
2026-04-25T09:36:01.956859+00:00,1777109761.9568594,587,824,9.71,23.47,20.77,23.5,dry,light,falling,stable,TOO_DRY
2026-04-25T09:36:01.957382+00:00,1777109761.957382,594,829,7.65,22.8,16.21,25.48,dry,light,falling,falling,TOO_DRY
2026-04-25T09:36:01.957773+00:00,1777109761.9577732,600,835,5.88,22.0,13.42,24.63,dry,light,falling,stable,TOO_DRY
2026-04-25T09:36:01.958144+00:00,1777109761.9581444,605,840,4.41,21.33,11.21,23.9,dry,light,falling,stable,TOO_DRY
2026-04-25T09:36:01.958515+00:00,1777109761.9585154,609,846,3.24,20.53,9.19,23.15,dry,light,falling,stable,TOO_DRY
2026-04-25T09:36:03.485399+00:00,1777109763.4853985,545,796,22.06,27.2,9.85,23.33,dry,light,stable,stable,TOO_DRY
2026-04-25T09:36:03.850830+00:00,1777109763.85083,554,801,19.41,26.53,10.52,23.52,dry,light,rising,stable,TOO_DRY
2026-04-25T09:36:03.851998+00:00,1777109763.8519976,563,807,16.76,25.73,11.14,23.7,dry,light,rising,stable,TOO_DRY
2026-04-25T09:36:03.852528+00:00,1777109763.8525276,572,812,14.12,25.07,11.69,23.9,dry,light,rising,rising,TOO_DRY
2026-04-25T09:36:03.853006+00:00,1777109763.8530061,580,818,11.76,24.27,12.21,24.08,dry,light,rising,stable,TOO_DRY
2026-04-25T09:36:03.853592+00:00,1777109763.853592,587,824,9.71,23.47,12.68,24.27,dry,light,stable,stable,TOO_DRY
2026-04-25T09:36:03.853992+00:00,1777109763.8539922,594,829,7.65,22.8,13.09,24.45,dry,light,falling,stable,TOO_DRY
2026-04-25T09:36:03.854366+00:00,1777109763.8543663,600,835,5.88,22.0,13.42,24.63,dry,light,falling,stable,TOO_DRY
2026-04-25T09:36:03.854734+00:00,1777109763.8547344,605,840,4.41,21.33,11.21,23.9,dry,light,falling,stable,TOO_DRY
2026-04-25T09:36:03.855191+00:00,1777109763.8551912,609,846,3.24,20.53,9.19,23.15,dry,light,falling,stable,TOO_DRY
2026-04-25T09:36:03.855597+00:00,1777109763.8555965,616,856,1.18,19.2,7.24,22.33,dry,light,falling,falling,TOO_DRY
2026-04-25T09:36:04.696524+00:00,1777109764.6965237,554,801,19.41,26.53,7.91,22.52,dry,light,stable,stable,TOO_DRY
2026-04-25T09:36:04.762933+00:00,1777109764.7629325,563,807,16.76,25.73,8.53,22.7,dry,light,rising,stable,TOO_DRY
2026-04-25T09:36:04.763651+00:00,1777109764.763651,572,812,14.12,25.07,9.08,22.9,dry,light,rising,stable,TOO_DRY
2026-04-25T09:36:04.764281+00:00,1777109764.7642808,580,818,11.76,24.27,9.6,23.08,dry,light,rising,rising,TOO_DRY
2026-04-25T09:36:04.764731+00:00,1777109764.7647314,587,824,9.71,23.47,10.07,23.27,dry,light,rising,stable,TOO_DRY
2026-04-25T09:36:04.765138+00:00,1777109764.765138,594,829,7.65,22.8,10.48,23.45,dry,light,stable,stable,TOO_DRY
2026-04-25T09:36:04.765531+00:00,1777109764.7655308,600,835,5.88,22.0,10.81,23.63,dry,light,falling,stable,TOO_DRY
2026-04-25T09:36:04.766008+00:00,1777109764.7660081,605,840,4.41,21.33,11.21,23.9,dry,light,falling,stable,TOO_DRY
2026-04-25T09:36:04.766405+00:00,1777109764.7664049,609,846,3.24,20.53,9.19,23.15,dry,light,falling,stable,TOO_DRY
2026-04-25T09:36:04.766779+00:00,1777109764.7667787,616,856,1.18,19.2,7.24,22.33,dry,light,falling,falling,TOO_DRY
2026-04-25T09:36:04.767148+00:00,1777109764.7671483,619,867,0.29,17.73,5.52,21.42,dry,light,falling,falling,TOO_DRY
2026-04-25T09:36:06.106299+00:00,1777109766.106299,563,807,16.76,25.73,6.14,21.6,dry,light,stable,stable,TOO_DRY
2026-04-25T09:36:06.478967+00:00,1777109766.478967,572,812,14.12,25.07,6.69,21.8,dry,light,stable,stable,TOO_DRY
2026-04-25T09:36:06.480378+00:00,1777109766.480378,580,818,11.76,24.27,7.21,21.98,dry,light,rising,stable,TOO_DRY
2026-04-25T09:36:06.480805+00:00,1777109766.4808047,587,824,9.71,23.47,7.68,22.17,dry,light,rising,rising,TOO_DRY
2026-04-25T09:36:06.481178+00:00,1777109766.4811776,594,829,7.65,22.8,8.09,22.35,dry,light,rising,rising,TOO_DRY
2026-04-25T09:36:06.481646+00:00,1777109766.4816458,600,835,5.88,22.0,8.42,22.53,dry,light,stable,stable,TOO_DRY
2026-04-25T09:36:06.482114+00:00,1777109766.4821143,605,840,4.41,21.33,8.82,22.8,dry,light,falling,stable,TOO_DRY
2026-04-25T09:36:06.482505+00:00,1777109766.4825048,609,846,3.24,20.53,9.19,23.15,dry,light,falling,stable,TOO_DRY
2026-04-25T09:36:06.482901+00:00,1777109766.4829013,616,856,1.18,19.2,7.24,22.33,dry,light,falling,falling,TOO_DRY
2026-04-25T09:36:06.483269+00:00,1777109766.483269,619,867,0.29,17.73,5.52,21.42,dry,light,falling,falling,TOO_DRY
2026-04-25T09:36:06.483640+00:00,1777109766.4836404,619,872,0.29,17.07,4.08,20.52,dry,light,falling,falling,TOO_DRY
2026-04-25T09:36:08.513900+00:00,1777109768.5138996,516,932,30.59,9.07,6.69,18.72,dry,light,stable,falling,TOO_DRY
2026-04-25T09:36:09.012330+00:00,1777109769.01233,572,812,14.12,25.07,7.5,19.0,dry,light,rising,falling,TOO_DRY
2026-04-25T09:36:09.013829+00:00,1777109769.0138285,580,818,11.76,24.27,8.23,19.28,dry,light,rising,stable,TOO_DRY
2026-04-25T09:36:09.014704+00:00,1777109769.0147045,587,824,9.71,23.47,8.9,19.55,dry,light,rising,stable,TOO_DRY
2026-04-25T09:36:09.015120+00:00,1777109769.0151196,594,829,7.65,22.8,9.45,19.84,dry,light,stable,rising,TOO_DRY
2026-04-25T09:36:09.015872+00:00,1777109769.0158718,600,835,5.88,22.0,10.04,20.18,dry,light,stable,rising,TOO_DRY
2026-04-25T09:36:09.016253+00:00,1777109769.0162535,605,840,4.41,21.33,10.55,20.63,dry,light,falling,rising,TOO_DRY
2026-04-25T09:36:09.016687+00:00,1777109769.0166874,609,846,3.24,20.53,10.92,21.07,dry,light,falling,stable,TOO_DRY
2026-04-25T09:36:09.017075+00:00,1777109769.0170746,616,856,1.18,19.2,7.24,22.33,dry,light,falling,falling,TOO_DRY
2026-04-25T09:36:09.017655+00:00,1777109769.0176554,619,867,0.29,17.73,5.52,21.42,dry,light,falling,falling,TOO_DRY
2026-04-25T09:36:16.607161+00:00,1777109776.6071606,527,928,27.35,9.6,7.46,19.58,dry,light,stable,falling,TOO_DRY
2026-04-25T09:36:16.802741+00:00,1777109776.8027406,537,924,24.41,10.13,9.3,17.91,dry,light,rising,falling,TOO_DRY
2026-04-25T09:36:16.803816+00:00,1777109776.8038156,547,919,21.47,10.8,11.03,16.41,dry,light,rising,falling,TOO_DRY
2026-04-25T09:36:16.804247+00:00,1777109776.8042471,556,915,18.82,11.33,12.65,15.08,dry,light,rising,falling,TOO_DRY
2026-04-25T09:36:16.804629+00:00,1777109776.8046288,572,812,14.12,25.07,13.86,15.55,dry,light,rising,stable,TOO_DRY
2026-04-25T09:36:16.805146+00:00,1777109776.8051465,580,818,11.76,24.27,14.93,16.02,dry,light,rising,rising,TOO_DRY
2026-04-25T09:36:16.805562+00:00,1777109776.805562,587,824,9.71,23.47,15.99,16.55,dry,light,falling,rising,TOO_DRY
2026-04-25T09:36:16.805942+00:00,1777109776.8059416,594,829,7.65,22.8,16.91,17.18,dry,light,falling,rising,TOO_DRY
2026-04-25T09:36:16.806311+00:00,1777109776.8063114,600,835,5.88,22.0,14.23,18.73,dry,light,falling,rising,TOO_DRY
2026-04-25T09:36:16.806731+00:00,1777109776.806731,605,840,4.41,21.33,11.73,20.13,dry,light,falling,rising,TOO_DRY
2026-04-25T09:36:16.807102+00:00,1777109776.8071024,609,846,3.24,20.53,9.45,21.35,dry,light,falling,stable,TOO_DRY
2026-04-25T09:36:16.807502+00:00,1777109776.8075023,616,856,1.18,19.2,7.24,22.33,dry,light,falling,falling,TOO_DRY
2026-04-25T09:36:16.807874+00:00,1777109776.8078737,619,867,0.29,17.73,5.52,21.42,dry,light,falling,falling,TOO_DRY
2026-04-25T09:36:16.808236+00:00,1777109776.808236,619,872,0.29,17.07,4.08,20.52,dry,light,falling,falling,TOO_DRY
2026-04-25T09:36:16.808622+00:00,1777109776.8086221,619,878,0.29,16.27,2.9,19.62,dry,light,falling,falling,TOO_DRY
2026-04-25T09:36:18.625389+00:00,1777109778.625389,565,910,16.18,12.0,3.97,18.27,dry,light,stable,falling,TOO_DRY
2026-04-25T09:36:18.874194+00:00,1777109778.8741937,580,818,11.76,24.27,4.71,18.55,dry,light,rising,stable,TOO_DRY
2026-04-25T09:36:19.158391+00:00,1777109779.158391,587,824,9.71,23.47,5.37,18.82,dry,light,rising,stable,TOO_DRY
2026-04-25T09:36:19.159325+00:00,1777109779.1593246,594,829,7.65,22.8,5.92,19.1,dry,light,rising,rising,TOO_DRY
2026-04-25T09:36:19.159887+00:00,1777109779.159887,600,835,5.88,22.0,6.51,19.45,dry,light,rising,rising,TOO_DRY
2026-04-25T09:36:19.160351+00:00,1777109779.160351,605,840,4.41,21.33,7.02,19.9,dry,light,stable,rising,TOO_DRY
2026-04-25T09:36:19.160803+00:00,1777109779.1608026,609,846,3.24,20.53,7.39,20.33,dry,light,falling,stable,TOO_DRY
2026-04-25T09:36:19.161266+00:00,1777109779.1612659,616,856,1.18,19.2,7.5,20.7,dry,light,falling,stable,TOO_DRY
2026-04-25T09:36:19.161644+00:00,1777109779.1616437,619,867,0.29,17.73,5.52,21.42,dry,light,falling,falling,TOO_DRY
2026-04-25T09:36:19.162014+00:00,1777109779.1620135,619,872,0.29,17.07,4.08,20.52,dry,light,falling,falling,TOO_DRY
2026-04-25T09:36:19.162376+00:00,1777109779.162376,619,878,0.29,16.27,2.9,19.62,dry,light,falling,falling,TOO_DRY
2026-04-25T09:36:27.114622+00:00,1777109787.1146219,574,905,13.53,12.67,3.64,18.35,dry,light,stable,falling,TOO_DRY
2026-04-25T09:36:27.362220+00:00,1777109787.36222,582,900,11.18,13.33,4.3,17.27,dry,light,rising,falling,TOO_DRY
2026-04-25T09:36:27.363733+00:00,1777109787.363733,589,896,9.12,13.87,4.89,16.33,dry,light,rising,falling,TOO_DRY
2026-04-25T09:36:27.364163+00:00,1777109787.364163,595,891,7.35,14.53,5.4,15.58,dry,light,rising,falling,TOO_DRY
2026-04-25T09:36:27.364849+00:00,1777109787.3648489,580,818,11.76,24.27,6.73,16.22,dry,light,rising,stable,TOO_DRY
2026-04-25T09:36:27.365248+00:00,1777109787.3652484,587,824,9.71,23.47,7.9,16.93,dry,light,rising,rising,TOO_DRY
2026-04-25T09:36:27.365678+00:00,1777109787.3656778,594,829,7.65,22.8,8.82,17.65,dry,light,stable,rising,TOO_DRY
2026-04-25T09:36:27.366426+00:00,1777109787.3664255,600,835,5.88,22.0,9.52,18.37,dry,light,stable,rising,TOO_DRY
2026-04-25T09:36:27.366920+00:00,1777109787.3669195,605,840,4.41,21.33,8.38,19.45,dry,light,stable,rising,TOO_DRY
2026-04-25T09:36:27.367319+00:00,1777109787.3673189,609,846,3.24,20.53,7.39,20.35,dry,light,falling,stable,TOO_DRY
2026-04-25T09:36:27.367869+00:00,1777109787.3678694,616,856,1.18,19.2,6.4,21.02,dry,light,falling,stable,TOO_DRY
2026-04-25T09:36:27.368294+00:00,1777109787.3682935,619,867,0.29,17.73,5.52,21.42,dry,light,falling,falling,TOO_DRY
2026-04-25T09:36:27.368676+00:00,1777109787.3686764,619,872,0.29,17.07,4.08,20.52,dry,light,falling,falling,TOO_DRY
2026-04-25T09:36:27.369059+00:00,1777109787.3690588,619,878,0.29,16.27,2.9,19.62,dry,light,falling,falling,TOO_DRY
2026-04-25T09:36:29.090947+00:00,1777109789.090947,580,818,11.76,24.27,3.42,19.8,dry,light,stable,stable,TOO_DRY
2026-04-25T09:36:29.487271+00:00,1777109789.4872713,587,824,9.71,23.47,3.9,19.98,dry,light,rising,stable,TOO_DRY
2026-04-25T09:36:29.488253+00:00,1777109789.488253,594,829,7.65,22.8,4.3,20.17,dry,light,rising,rising,TOO_DRY
2026-04-25T09:36:29.488777+00:00,1777109789.4887767,600,835,5.88,22.0,4.63,20.35,dry,light,rising,rising,TOO_DRY
2026-04-25T09:36:29.489383+00:00,1777109789.489383,605,840,4.41,21.33,5.04,20.62,dry,light,rising,rising,TOO_DRY
2026-04-25T09:36:29.489872+00:00,1777109789.489872,609,846,3.24,20.53,5.4,20.97,dry,light,stable,stable,TOO_DRY
2026-04-25T09:36:29.490314+00:00,1777109789.490314,616,856,1.18,19.2,5.52,21.23,dry,light,falling,stable,TOO_DRY
2026-04-25T09:36:29.490703+00:00,1777109789.490703,619,867,0.29,17.73,5.52,21.42,dry,light,falling,falling,TOO_DRY
2026-04-25T09:36:29.491181+00:00,1777109789.491181,619,872,0.29,17.07,4.08,20.52,dry,light,falling,falling,TOO_DRY
2026-04-25T09:36:29.491653+00:00,1777109789.4916532,619,878,0.29,16.27,2.9,19.62,dry,light,falling,falling,TOO_DRY
2026-04-25T09:36:29.492028+00:00,1777109789.4920282,618,883,0.59,15.6,2.02,18.72,dry,light,falling,falling,TOO_DRY
2026-04-25T09:36:31.034428+00:00,1777109791.0344284,587,824,9.71,23.47,2.5,18.9,dry,light,stable,stable,TOO_DRY
2026-04-25T09:36:32.052519+00:00,1777109792.0525193,594,829,7.65,22.8,2.91,19.08,dry,light,rising,stable,TOO_DRY
2026-04-25T09:36:32.053412+00:00,1777109792.0534124,600,835,5.88,22.0,3.24,19.27,dry,light,rising,rising,TOO_DRY
2026-04-25T09:36:32.053966+00:00,1777109792.0539656,605,840,4.41,21.33,3.64,19.53,dry,light,rising,rising,TOO_DRY
2026-04-25T09:36:32.054384+00:00,1777109792.0543835,609,846,3.24,20.53,4.01,19.88,dry,light,stable,rising,TOO_DRY
2026-04-25T09:36:32.054751+00:00,1777109792.054751,616,856,1.18,19.2,4.12,20.15,dry,light,stable,stable,TOO_DRY
2026-04-25T09:36:32.055116+00:00,1777109792.055116,619,867,0.29,17.73,4.12,20.33,dry,light,falling,stable,TOO_DRY
2026-04-25T09:36:32.055485+00:00,1777109792.055485,619,872,0.29,17.07,4.08,20.52,dry,light,falling,falling,TOO_DRY
2026-04-25T09:36:32.055891+00:00,1777109792.055891,619,878,0.29,16.27,2.9,19.62,dry,light,falling,falling,TOO_DRY
2026-04-25T09:36:32.056277+00:00,1777109792.0562766,618,883,0.59,15.6,2.02,18.72,dry,light,falling,falling,TOO_DRY
2026-04-25T09:36:32.056774+00:00,1777109792.056774,613,893,2.06,14.27,1.54,17.75,dry,light,stable,falling,TOO_DRY
2026-04-25T09:36:32.322899+00:00,1777109792.3228986,594,829,7.65,22.8,1.95,17.93,dry,light,stable,stable,TOO_DRY
2026-04-25T09:36:32.580588+00:00,1777109792.5805876,600,835,5.88,22.0,2.28,18.12,dry,light,rising,stable,TOO_DRY
2026-04-25T09:36:32.581522+00:00,1777109792.5815225,605,840,4.41,21.33,2.68,18.38,dry,light,rising,rising,TOO_DRY
2026-04-25T09:36:32.581981+00:00,1777109792.581981,609,846,3.24,20.53,3.05,18.73,dry,light,rising,rising,TOO_DRY
2026-04-25T09:36:32.582438+00:00,1777109792.5824385,616,856,1.18,19.2,3.16,19.0,dry,light,stable,rising,TOO_DRY
2026-04-25T09:36:32.582869+00:00,1777109792.5828686,619,867,0.29,17.73,3.16,19.18,dry,light,stable,stable,TOO_DRY
2026-04-25T09:36:32.583290+00:00,1777109792.5832903,619,872,0.29,17.07,3.12,19.37,dry,light,falling,stable,TOO_DRY
2026-04-25T09:36:32.583676+00:00,1777109792.5836759,619,878,0.29,16.27,2.9,19.62,dry,light,falling,falling,TOO_DRY
2026-04-25T09:36:32.584038+00:00,1777109792.5840378,618,883,0.59,15.6,2.02,18.72,dry,light,falling,falling,TOO_DRY
2026-04-25T09:36:32.584399+00:00,1777109792.5843985,613,893,2.06,14.27,1.54,17.75,dry,light,stable,falling,TOO_DRY
2026-04-25T09:36:34.394424+00:00,1777109794.3944237,614,870,1.76,17.33,1.21,17.25,dry,light,stable,stable,TOO_DRY
2026-04-25T09:36:34.529441+00:00,1777109794.529441,594,829,7.65,22.8,1.76,17.53,dry,light,stable,stable,TOO_DRY
2026-04-25T09:36:34.530600+00:00,1777109794.5305996,600,835,5.88,22.0,2.35,17.88,dry,light,rising,stable,TOO_DRY
2026-04-25T09:36:34.531150+00:00,1777109794.53115,605,840,4.41,21.33,2.87,18.33,dry,light,rising,rising,TOO_DRY
2026-04-25T09:36:34.531741+00:00,1777109794.5317407,609,846,3.24,20.53,3.23,18.77,dry,light,rising,rising,TOO_DRY
2026-04-25T09:36:34.532261+00:00,1777109794.5322607,616,856,1.18,19.2,3.35,19.13,dry,light,stable,rising,TOO_DRY
2026-04-25T09:36:34.532887+00:00,1777109794.5328875,619,867,0.29,17.73,3.31,19.4,dry,light,stable,stable,TOO_DRY
2026-04-25T09:36:34.533307+00:00,1777109794.5333073,619,872,0.29,17.07,3.09,19.75,dry,light,falling,stable,TOO_DRY
2026-04-25T09:36:34.533744+00:00,1777109794.533744,619,878,0.29,16.27,2.9,19.62,dry,light,falling,falling,TOO_DRY
2026-04-25T09:36:34.534189+00:00,1777109794.5341887,618,883,0.59,15.6,2.02,18.72,dry,light,falling,falling,TOO_DRY
2026-04-25T09:36:40.722162+00:00,1777109800.7221622,616,865,1.18,18.0,1.43,18.22,dry,light,stable,stable,TOO_DRY
2026-04-25T09:36:41.890183+00:00,1777109801.890183,618,860,0.59,18.67,0.96,17.88,dry,light,stable,stable,TOO_DRY
2026-04-25T09:36:41.891685+00:00,1777109801.8916845,619,854,0.29,19.47,0.59,17.75,dry,light,stable,stable,TOO_DRY
2026-04-25T09:36:41.892125+00:00,1777109801.892125,594,829,7.65,22.8,1.4,18.2,dry,light,stable,rising,TOO_DRY
2026-04-25T09:36:41.892521+00:00,1777109801.8925207,600,835,5.88,22.0,2.1,18.73,dry,light,rising,rising,TOO_DRY
2026-04-25T09:36:41.893403+00:00,1777109801.893403,605,840,4.41,21.33,2.61,19.27,dry,light,rising,rising,TOO_DRY
2026-04-25T09:36:41.893846+00:00,1777109801.8938456,609,846,3.24,20.53,2.98,19.8,dry,light,rising,rising,TOO_DRY
2026-04-25T09:36:41.894331+00:00,1777109801.8943312,616,856,1.18,19.2,3.05,20.25,dry,light,stable,stable,TOO_DRY
2026-04-25T09:36:41.894757+00:00,1777109801.8947568,619,867,0.29,17.73,2.94,20.22,dry,light,stable,stable,TOO_DRY
2026-04-25T09:36:41.895179+00:00,1777109801.8951788,619,872,0.29,17.07,2.9,20.02,dry,light,falling,stable,TOO_DRY
2026-04-25T09:36:41.895724+00:00,1777109801.8957236,619,878,0.29,16.27,2.9,19.62,dry,light,falling,falling,TOO_DRY
2026-04-25T09:36:41.896102+00:00,1777109801.8961024,618,883,0.59,15.6,2.02,18.72,dry,light,falling,falling,TOO_DRY
2026-04-25T09:36:41.896465+00:00,1777109801.8964653,613,893,2.06,14.27,1.54,17.75,dry,light,stable,falling,TOO_DRY
2026-04-25T09:36:42.813073+00:00,1777109802.8130734,594,829,7.65,22.8,1.95,17.93,dry,light,stable,stable,TOO_DRY
2026-04-25T09:36:43.121545+00:00,1777109803.121545,600,835,5.88,22.0,2.28,18.12,dry,light,rising,stable,TOO_DRY
2026-04-25T09:36:43.122534+00:00,1777109803.1225336,605,840,4.41,21.33,2.68,18.38,dry,light,rising,rising,TOO_DRY
2026-04-25T09:36:43.122960+00:00,1777109803.1229603,609,846,3.24,20.53,3.05,18.73,dry,light,rising,rising,TOO_DRY
2026-04-25T09:36:43.123375+00:00,1777109803.1233747,616,856,1.18,19.2,3.16,19.0,dry,light,stable,rising,TOO_DRY
2026-04-25T09:36:43.123933+00:00,1777109803.123933,619,867,0.29,17.73,3.16,19.18,dry,light,stable,stable,TOO_DRY
2026-04-25T09:36:43.124418+00:00,1777109803.1244183,619,872,0.29,17.07,3.12,19.37,dry,light,falling,stable,TOO_DRY
2026-04-25T09:36:43.124854+00:00,1777109803.1248536,619,878,0.29,16.27,2.9,19.62,dry,light,falling,falling,TOO_DRY
2026-04-25T09:36:43.125237+00:00,1777109803.125237,618,883,0.59,15.6,2.02,18.72,dry,light,falling,falling,TOO_DRY
2026-04-25T09:36:43.125645+00:00,1777109803.1256452,613,893,2.06,14.27,1.54,17.75,dry,light,stable,falling,TOO_DRY
2026-04-25T09:36:43.126031+00:00,1777109803.1260312,609,898,3.24,13.6,1.4,16.78,dry,light,stable,falling,TOO_DRY
2026-04-25T09:36:44.360034+00:00,1777109804.3600335,600,835,5.88,22.0,1.73,16.97,dry,light,stable,stable,TOO_DRY
2026-04-25T09:36:44.411856+00:00,1777109804.4118557,605,840,4.41,21.33,2.13,17.23,dry,light,rising,stable,TOO_DRY
2026-04-25T09:36:44.412683+00:00,1777109804.4126832,609,846,3.24,20.53,2.5,17.58,dry,light,rising,rising,TOO_DRY
2026-04-25T09:36:44.413273+00:00,1777109804.4132733,616,856,1.18,19.2,2.61,17.85,dry,light,stable,rising,TOO_DRY
2026-04-25T09:36:44.413677+00:00,1777109804.4136767,619,867,0.29,17.73,2.61,18.03,dry,light,stable,rising,TOO_DRY
2026-04-25T09:36:44.414241+00:00,1777109804.4142408,619,872,0.29,17.07,2.57,18.22,dry,light,stable,stable,TOO_DRY
2026-04-25T09:36:44.414617+00:00,1777109804.414617,619,878,0.29,16.27,2.35,18.47,dry,light,falling,stable,TOO_DRY
2026-04-25T09:36:44.414994+00:00,1777109804.4149942,618,883,0.59,15.6,2.02,18.72,dry,light,falling,falling,TOO_DRY
2026-04-25T09:36:44.415363+00:00,1777109804.415363,613,893,2.06,14.27,1.54,17.75,dry,light,stable,falling,TOO_DRY
2026-04-25T09:36:44.415819+00:00,1777109804.4158192,609,898,3.24,13.6,1.4,16.78,dry,light,stable,falling,TOO_DRY
2026-04-25T09:36:44.416351+00:00,1777109804.4163506,605,902,4.41,13.07,1.54,15.85,dry,light,stable,falling,TOO_DRY
2026-04-25T09:36:46.153193+00:00,1777109806.1531925,605,840,4.41,21.33,1.95,16.12,dry,light,rising,stable,TOO_DRY
2026-04-25T09:36:46.298923+00:00,1777109806.298923,609,846,3.24,20.53,2.32,16.47,dry,light,rising,stable,TOO_DRY
2026-04-25T09:36:46.299753+00:00,1777109806.2997534,616,856,1.18,19.2,2.43,16.73,dry,light,stable,rising,TOO_DRY
2026-04-25T09:36:46.300292+00:00,1777109806.3002915,619,867,0.29,17.73,2.43,16.92,dry,light,stable,rising,TOO_DRY
2026-04-25T09:36:46.300757+00:00,1777109806.3007567,619,872,0.29,17.07,2.39,17.1,dry,light,stable,rising,TOO_DRY
2026-04-25T09:36:46.301180+00:00,1777109806.3011801,619,878,0.29,16.27,2.17,17.35,dry,light,falling,stable,TOO_DRY
2026-04-25T09:36:46.301572+00:00,1777109806.3015716,618,883,0.59,15.6,1.84,17.6,dry,light,stable,stable,TOO_DRY
2026-04-25T09:36:46.302021+00:00,1777109806.3020213,613,893,2.06,14.27,1.54,17.75,dry,light,stable,falling,TOO_DRY
2026-04-25T09:36:46.302391+00:00,1777109806.3023908,609,898,3.24,13.6,1.4,16.78,dry,light,stable,falling,TOO_DRY
2026-04-25T09:36:46.302886+00:00,1777109806.3028855,605,902,4.41,13.07,1.54,15.85,dry,light,stable,falling,TOO_DRY
2026-04-25T09:36:54.704351+00:00,1777109814.7043507,615,832,1.47,22.4,1.58,16.25,dry,light,stable,stable,TOO_DRY
2026-04-25T09:36:55.030327+00:00,1777109815.030327,612,827,2.35,23.07,1.84,16.92,dry,light,stable,stable,TOO_DRY
2026-04-25T09:36:55.031220+00:00,1777109815.0312202,608,821,3.53,23.87,2.24,17.77,dry,light,stable,rising,TOO_DRY
2026-04-25T09:36:55.031685+00:00,1777109815.031685,603,816,5.0,24.53,2.83,18.8,dry,light,stable,rising,TOO_DRY
2026-04-25T09:36:55.032079+00:00,1777109815.0320785,605,840,4.41,21.33,3.31,19.52,dry,light,stable,rising,TOO_DRY
2026-04-25T09:36:55.032475+00:00,1777109815.0324745,609,846,3.24,20.53,3.46,20.3,dry,light,stable,rising,TOO_DRY
2026-04-25T09:36:55.032851+00:00,1777109815.0328507,616,856,1.18,19.2,3.2,21.0,dry,light,stable,stable,TOO_DRY
2026-04-25T09:36:55.033231+00:00,1777109815.0332315,619,867,0.29,17.73,2.68,21.58,dry,light,stable,falling,TOO_DRY
2026-04-25T09:36:55.033652+00:00,1777109815.033652,619,872,0.29,17.07,2.54,20.92,dry,light,stable,falling,TOO_DRY
2026-04-25T09:36:55.034222+00:00,1777109815.0342216,619,878,0.29,16.27,2.28,20.07,dry,light,falling,falling,TOO_DRY
2026-04-25T09:36:55.034783+00:00,1777109815.0347826,618,883,0.59,15.6,1.91,19.03,dry,light,falling,falling,TOO_DRY
2026-04-25T09:36:55.035208+00:00,1777109815.0352077,613,893,2.06,14.27,1.54,17.75,dry,light,stable,falling,TOO_DRY
2026-04-25T09:36:55.035757+00:00,1777109815.0357566,609,898,3.24,13.6,1.4,16.78,dry,light,stable,falling,TOO_DRY
2026-04-25T09:36:55.036253+00:00,1777109815.0362532,605,902,4.41,13.07,1.54,15.85,dry,light,stable,falling,TOO_DRY
2026-04-25T09:37:02.722881+00:00,1777109822.7228806,598,810,6.47,25.33,2.21,16.62,dry,light,rising,stable,TOO_DRY
2026-04-25T09:37:03.009367+00:00,1777109823.0093668,592,804,8.24,26.13,3.2,17.67,dry,light,rising,rising,TOO_DRY
2026-04-25T09:37:03.010408+00:00,1777109823.010408,585,799,10.29,26.8,4.45,18.88,dry,light,rising,rising,TOO_DRY
2026-04-25T09:37:03.010855+00:00,1777109823.0108554,577,793,12.65,27.6,5.99,20.3,dry,light,rising,rising,TOO_DRY
2026-04-25T09:37:03.402883+00:00,1777109823.402883,605,840,4.41,21.33,6.47,21.02,dry,light,rising,rising,TOO_DRY
2026-04-25T09:37:03.404255+00:00,1777109823.4042552,609,846,3.24,20.53,6.62,21.8,dry,light,stable,rising,TOO_DRY
2026-04-25T09:37:03.404886+00:00,1777109823.4048862,616,856,1.18,19.2,6.36,22.5,dry,light,stable,stable,TOO_DRY
2026-04-25T09:37:03.405329+00:00,1777109823.405329,619,867,0.29,17.73,5.85,23.08,dry,light,falling,falling,TOO_DRY
2026-04-25T09:37:03.405730+00:00,1777109823.4057302,619,872,0.29,17.07,5.07,22.05,dry,light,falling,falling,TOO_DRY
2026-04-25T09:37:03.406141+00:00,1777109823.4061406,619,878,0.29,16.27,4.08,20.82,dry,light,falling,falling,TOO_DRY
2026-04-25T09:37:03.406617+00:00,1777109823.4066167,618,883,0.59,15.6,2.87,19.42,dry,light,falling,falling,TOO_DRY
2026-04-25T09:37:03.406991+00:00,1777109823.406991,613,893,2.06,14.27,1.54,17.75,dry,light,stable,falling,TOO_DRY
2026-04-25T09:37:03.407401+00:00,1777109823.4074013,609,898,3.24,13.6,1.4,16.78,dry,light,stable,falling,TOO_DRY
2026-04-25T09:37:03.407820+00:00,1777109823.4078195,605,902,4.41,13.07,1.54,15.85,dry,light,stable,falling,TOO_DRY
2026-04-25T09:37:04.625570+00:00,1777109824.6255698,605,840,4.41,21.33,1.95,16.12,dry,light,rising,stable,TOO_DRY
2026-04-25T09:37:04.731075+00:00,1777109824.7310746,609,846,3.24,20.53,2.32,16.47,dry,light,rising,stable,TOO_DRY
2026-04-25T09:37:04.731990+00:00,1777109824.73199,616,856,1.18,19.2,2.43,16.73,dry,light,stable,rising,TOO_DRY
2026-04-25T09:37:04.732582+00:00,1777109824.7325819,619,867,0.29,17.73,2.43,16.92,dry,light,stable,rising,TOO_DRY
2026-04-25T09:37:04.733071+00:00,1777109824.7330709,619,872,0.29,17.07,2.39,17.1,dry,light,stable,rising,TOO_DRY
2026-04-25T09:37:04.733499+00:00,1777109824.7334993,619,878,0.29,16.27,2.17,17.35,dry,light,falling,stable,TOO_DRY
2026-04-25T09:37:04.733967+00:00,1777109824.7339666,618,883,0.59,15.6,1.84,17.6,dry,light,stable,stable,TOO_DRY
2026-04-25T09:37:04.734405+00:00,1777109824.7344046,613,893,2.06,14.27,1.54,17.75,dry,light,stable,falling,TOO_DRY
2026-04-25T09:37:04.734795+00:00,1777109824.734795,609,898,3.24,13.6,1.4,16.78,dry,light,stable,falling,TOO_DRY
2026-04-25T09:37:04.735167+00:00,1777109824.7351673,605,902,4.41,13.07,1.54,15.85,dry,light,stable,falling,TOO_DRY
2026-04-25T09:37:04.735573+00:00,1777109824.735573,599,907,6.18,12.4,2.17,15.0,dry,light,rising,falling,TOO_DRY
2026-04-25T09:37:12.138294+00:00,1777109832.1382945,560,782,17.65,29.07,4.34,16.42,dry,light,rising,stable,TOO_DRY
2026-04-25T09:37:12.209039+00:00,1777109832.2090392,551,777,20.29,29.73,6.84,18.0,dry,light,rising,rising,TOO_DRY
2026-04-25T09:37:12.210512+00:00,1777109832.2105124,541,771,23.24,30.53,9.71,19.78,dry,light,rising,rising,TOO_DRY
2026-04-25T09:37:12.211088+00:00,1777109832.2110882,609,846,3.24,20.53,10.04,20.4,dry,light,rising,rising,TOO_DRY
2026-04-25T09:37:12.211494+00:00,1777109832.2114942,616,856,1.18,19.2,9.93,21.02,dry,light,rising,rising,TOO_DRY
2026-04-25T09:37:12.211867+00:00,1777109832.211867,619,867,0.29,17.73,9.56,21.53,dry,light,falling,stable,TOO_DRY
2026-04-25T09:37:12.212324+00:00,1777109832.2123244,619,872,0.29,17.07,9.04,22.03,dry,light,falling,falling,TOO_DRY
2026-04-25T09:37:12.212755+00:00,1777109832.212755,619,878,0.29,16.27,8.31,22.52,dry,light,falling,falling,TOO_DRY
2026-04-25T09:37:12.213256+00:00,1777109832.2132556,618,883,0.59,15.6,6.18,20.83,dry,light,falling,falling,TOO_DRY
2026-04-25T09:37:12.213684+00:00,1777109832.2136836,613,893,2.06,14.27,3.9,18.9,dry,light,falling,falling,TOO_DRY
2026-04-25T09:37:12.214187+00:00,1777109832.2141867,609,898,3.24,13.6,1.4,16.78,dry,light,stable,falling,TOO_DRY
2026-04-25T09:37:12.214628+00:00,1777109832.2146275,605,902,4.41,13.07,1.54,15.85,dry,light,stable,falling,TOO_DRY
2026-04-25T09:37:12.215022+00:00,1777109832.2150216,599,907,6.18,12.4,2.17,15.0,dry,light,rising,falling,TOO_DRY
2026-04-25T09:37:12.215389+00:00,1777109832.2153895,593,912,7.94,11.73,3.12,14.25,dry,none,rising,falling,TOO_DRY
2026-04-25T09:37:13.733784+00:00,1777109833.733784,616,856,1.18,19.2,3.24,14.52,dry,none,rising,stable,TOO_DRY
2026-04-25T09:37:14.003652+00:00,1777109834.0036523,619,867,0.29,17.73,3.24,14.7,dry,none,stable,stable,TOO_DRY
2026-04-25T09:37:14.004637+00:00,1777109834.0046368,619,872,0.29,17.07,3.2,14.88,dry,none,stable,rising,TOO_DRY
2026-04-25T09:37:14.005172+00:00,1777109834.005172,619,878,0.29,16.27,2.98,15.13,dry,light,falling,rising,TOO_DRY
2026-04-25T09:37:14.005571+00:00,1777109834.0055711,618,883,0.59,15.6,2.65,15.38,dry,light,falling,stable,TOO_DRY
2026-04-25T09:37:14.006035+00:00,1777109834.006035,613,893,2.06,14.27,2.35,15.53,dry,light,falling,stable,TOO_DRY
2026-04-25T09:37:14.006557+00:00,1777109834.0065567,609,898,3.24,13.6,1.99,15.68,dry,light,stable,stable,TOO_DRY
2026-04-25T09:37:14.007050+00:00,1777109834.0070503,605,902,4.41,13.07,1.54,15.85,dry,light,stable,falling,TOO_DRY
2026-04-25T09:37:14.007547+00:00,1777109834.0075474,599,907,6.18,12.4,2.17,15.0,dry,light,rising,falling,TOO_DRY
2026-04-25T09:37:14.007994+00:00,1777109834.0079937,593,912,7.94,11.73,3.12,14.25,dry,none,rising,falling,TOO_DRY
2026-04-25T09:37:22.769226+00:00,1777109842.769226,510,754,32.35,32.8,7.13,16.22,dry,light,rising,stable,TOO_DRY
2026-04-25T09:37:22.856400+00:00,1777109842.8564,498,749,35.88,33.47,11.58,18.37,dry,light,rising,rising,TOO_DRY
2026-04-25T09:37:22.857558+00:00,1777109842.8575585,487,744,39.12,34.13,16.4,20.68,dry,light,rising,rising,TOO_DRY
2026-04-25T09:37:22.858093+00:00,1777109842.858093,475,738,42.65,34.93,21.47,23.27,dry,light,rising,rising,TOO_DRY
2026-04-25T09:37:22.858598+00:00,1777109842.8585975,616,856,1.18,19.2,21.21,23.97,dry,light,rising,rising,TOO_DRY
2026-04-25T09:37:22.859090+00:00,1777109842.8590896,619,867,0.29,17.73,20.7,24.55,dry,light,stable,rising,TOO_DRY
2026-04-25T09:37:22.859502+00:00,1777109842.8595016,619,872,0.29,17.07,19.96,25.13,dry,light,falling,falling,TOO_DRY
2026-04-25T09:37:22.860110+00:00,1777109842.8601096,619,878,0.29,16.27,19.01,25.7,dry,light,falling,falling,TOO_DRY
2026-04-25T09:37:22.860577+00:00,1777109842.8605766,618,883,0.59,15.6,15.04,23.55,dry,light,falling,falling,TOO_DRY
2026-04-25T09:37:22.861063+00:00,1777109842.861063,613,893,2.06,14.27,10.81,21.15,dry,light,falling,falling,TOO_DRY
2026-04-25T09:37:22.861470+00:00,1777109842.8614702,609,898,3.24,13.6,6.32,18.58,dry,light,falling,falling,TOO_DRY
2026-04-25T09:37:22.861838+00:00,1777109842.8618376,605,902,4.41,13.07,1.54,15.85,dry,light,stable,falling,TOO_DRY
2026-04-25T09:37:22.862198+00:00,1777109842.8621984,599,907,6.18,12.4,2.17,15.0,dry,light,rising,falling,TOO_DRY
2026-04-25T09:37:22.862567+00:00,1777109842.862567,593,912,7.94,11.73,3.12,14.25,dry,none,rising,falling,TOO_DRY
2026-04-25T09:37:24.190346+00:00,1777109844.190346,616,856,1.18,19.2,3.24,14.52,dry,none,rising,stable,TOO_DRY
2026-04-25T09:37:24.386653+00:00,1777109844.3866527,619,867,0.29,17.73,3.24,14.7,dry,none,stable,stable,TOO_DRY
2026-04-25T09:37:24.388016+00:00,1777109844.3880165,619,872,0.29,17.07,3.2,14.88,dry,none,stable,rising,TOO_DRY
2026-04-25T09:37:24.388448+00:00,1777109844.3884482,619,878,0.29,16.27,2.98,15.13,dry,light,falling,rising,TOO_DRY
2026-04-25T09:37:24.388837+00:00,1777109844.3888373,618,883,0.59,15.6,2.65,15.38,dry,light,falling,stable,TOO_DRY
2026-04-25T09:37:24.389219+00:00,1777109844.3892188,613,893,2.06,14.27,2.35,15.53,dry,light,falling,stable,TOO_DRY
2026-04-25T09:37:24.389688+00:00,1777109844.3896875,609,898,3.24,13.6,1.99,15.68,dry,light,stable,stable,TOO_DRY
2026-04-25T09:37:24.390050+00:00,1777109844.39005,605,902,4.41,13.07,1.54,15.85,dry,light,stable,falling,TOO_DRY
2026-04-25T09:37:24.390405+00:00,1777109844.3904047,599,907,6.18,12.4,2.17,15.0,dry,light,rising,falling,TOO_DRY
2026-04-25T09:37:24.390876+00:00,1777109844.3908756,593,912,7.94,11.73,3.12,14.25,dry,none,rising,falling,TOO_DRY
2026-04-25T09:37:24.391318+00:00,1777109844.391318,587,916,9.71,11.2,4.3,13.52,dry,none,rising,stable,TOO_DRY
2026-04-25T09:37:26.241285+00:00,1777109846.2412853,619,867,0.29,17.73,4.3,13.7,dry,none,rising,stable,TOO_DRY
2026-04-25T09:37:26.333471+00:00,1777109846.3334706,619,872,0.29,17.07,4.27,13.88,dry,none,stable,stable,TOO_DRY
2026-04-25T09:37:26.334547+00:00,1777109846.3345473,619,878,0.29,16.27,4.04,14.13,dry,none,stable,stable,TOO_DRY
2026-04-25T09:37:26.335083+00:00,1777109846.3350835,618,883,0.59,15.6,3.71,14.38,dry,none,falling,rising,TOO_DRY
2026-04-25T09:37:26.335493+00:00,1777109846.3354926,613,893,2.06,14.27,3.42,14.53,dry,none,falling,stable,TOO_DRY
2026-04-25T09:37:26.335865+00:00,1777109846.3358648,609,898,3.24,13.6,3.05,14.68,dry,none,falling,stable,TOO_DRY
2026-04-25T09:37:26.336535+00:00,1777109846.3365347,605,902,4.41,13.07,2.61,14.85,dry,none,stable,stable,TOO_DRY
2026-04-25T09:37:26.336947+00:00,1777109846.3369474,599,907,6.18,12.4,2.17,15.0,dry,light,rising,falling,TOO_DRY
2026-04-25T09:37:26.337327+00:00,1777109846.3373268,593,912,7.94,11.73,3.12,14.25,dry,none,rising,falling,TOO_DRY
2026-04-25T09:37:26.337697+00:00,1777109846.3376968,587,916,9.71,11.2,4.3,13.52,dry,none,rising,stable,TOO_DRY
2026-04-25T09:37:26.338112+00:00,1777109846.3381124,579,921,12.06,10.53,5.77,12.8,dry,none,rising,stable,TOO_DRY
2026-04-25T09:37:27.762662+00:00,1777109847.762662,619,872,0.29,17.07,5.74,12.98,dry,none,rising,stable,TOO_DRY
2026-04-25T09:37:27.971961+00:00,1777109847.9719605,619,878,0.29,16.27,5.52,13.23,dry,none,stable,stable,TOO_DRY
2026-04-25T09:37:27.973027+00:00,1777109847.9730275,618,883,0.59,15.6,5.18,13.48,dry,none,falling,stable,TOO_DRY
2026-04-25T09:37:27.973502+00:00,1777109847.9735017,613,893,2.06,14.27,4.89,13.63,dry,none,falling,rising,TOO_DRY
2026-04-25T09:37:27.974091+00:00,1777109847.974091,609,898,3.24,13.6,4.52,13.78,dry,none,falling,stable,TOO_DRY
2026-04-25T09:37:27.974557+00:00,1777109847.9745572,605,902,4.41,13.07,4.08,13.95,dry,none,falling,stable,TOO_DRY
2026-04-25T09:37:27.974973+00:00,1777109847.9749734,599,907,6.18,12.4,3.64,14.1,dry,none,stable,stable,TOO_DRY
2026-04-25T09:37:27.975383+00:00,1777109847.975383,593,912,7.94,11.73,3.12,14.25,dry,none,rising,falling,TOO_DRY
2026-04-25T09:37:27.975977+00:00,1777109847.9759767,587,916,9.71,11.2,4.3,13.52,dry,none,rising,stable,TOO_DRY
2026-04-25T09:37:27.976477+00:00,1777109847.9764767,579,921,12.06,10.53,5.77,12.8,dry,none,rising,stable,TOO_DRY
2026-04-25T09:37:27.976915+00:00,1777109847.9769146,571,925,14.41,10.0,7.5,12.1,dry,none,rising,stable,TOO_DRY
2026-04-25T09:37:31.052756+00:00,1777109851.0527556,619,878,0.29,16.27,7.28,12.35,dry,none,rising,stable,TOO_DRY
2026-04-25T09:37:31.252323+00:00,1777109851.2523232,618,883,0.59,15.6,6.95,12.6,dry,none,stable,stable,TOO_DRY
2026-04-25T09:37:31.253552+00:00,1777109851.2535517,613,893,2.06,14.27,6.66,12.75,dry,none,falling,stable,TOO_DRY
2026-04-25T09:37:31.254110+00:00,1777109851.2541096,609,898,3.24,13.6,6.29,12.9,dry,none,falling,rising,TOO_DRY
2026-04-25T09:37:31.254518+00:00,1777109851.2545178,605,902,4.41,13.07,5.85,13.07,dry,none,falling,stable,TOO_DRY
2026-04-25T09:37:31.254897+00:00,1777109851.2548966,599,907,6.18,12.4,5.41,13.22,dry,none,stable,stable,TOO_DRY
2026-04-25T09:37:31.255296+00:00,1777109851.255296,593,912,7.94,11.73,4.89,13.37,dry,none,stable,stable,TOO_DRY
2026-04-25T09:37:31.255694+00:00,1777109851.2556937,587,916,9.71,11.2,4.3,13.52,dry,none,rising,stable,TOO_DRY
2026-04-25T09:37:31.256058+00:00,1777109851.2560585,579,921,12.06,10.53,5.77,12.8,dry,none,rising,stable,TOO_DRY
2026-04-25T09:37:31.256415+00:00,1777109851.2564151,571,925,14.41,10.0,7.5,12.1,dry,none,rising,stable,TOO_DRY
2026-04-25T09:37:32.397566+00:00,1777109852.3975663,416,712,60.0,38.4,14.74,15.12,dry,light,rising,rising,TOO_DRY
2026-04-25T09:37:32.481923+00:00,1777109852.4819226,619,878,0.29,16.27,14.38,15.45,dry,light,rising,rising,TOO_DRY
2026-04-25T09:37:32.483361+00:00,1777109852.4833605,618,883,0.59,15.6,13.9,15.77,dry,light,rising,rising,TOO_DRY
2026-04-25T09:37:32.484448+00:00,1777109852.4844484,613,893,2.06,14.27,13.38,16.0,dry,light,rising,rising,TOO_DRY
2026-04-25T09:37:32.485469+00:00,1777109852.4854686,609,898,3.24,13.6,12.79,16.23,dry,light,falling,stable,TOO_DRY
2026-04-25T09:37:32.486478+00:00,1777109852.486478,605,902,4.41,13.07,12.13,16.47,dry,light,falling,falling,TOO_DRY
2026-04-25T09:37:32.487559+00:00,1777109852.4875593,599,907,6.18,12.4,11.4,16.7,dry,light,falling,falling,TOO_DRY
2026-04-25T09:37:32.488587+00:00,1777109852.4885874,593,912,7.94,11.73,10.59,16.92,dry,light,falling,falling,TOO_DRY
2026-04-25T09:37:32.489616+00:00,1777109852.4896157,587,916,9.71,11.2,4.3,13.52,dry,none,rising,stable,TOO_DRY
2026-04-25T09:37:32.490623+00:00,1777109852.4906228,579,921,12.06,10.53,5.77,12.8,dry,none,rising,stable,TOO_DRY
2026-04-25T09:37:32.491647+00:00,1777109852.4916475,571,925,14.41,10.0,7.5,12.1,dry,none,rising,stable,TOO_DRY
2026-04-25T09:37:40.042732+00:00,1777109860.042732,404,707,63.53,39.07,15.19,15.2,dry,light,rising,rising,TOO_DRY
2026-04-25T09:37:40.211980+00:00,1777109860.2119799,393,702,66.76,39.73,23.12,18.47,dry,light,rising,rising,TOO_DRY
2026-04-25T09:37:40.212964+00:00,1777109860.2129643,382,697,70.0,40.4,31.32,21.88,low,light,rising,rising,
2026-04-25T09:37:40.213490+00:00,1777109860.2134902,619,878,0.29,16.27,30.59,22.37,low,light,rising,rising,
2026-04-25T09:37:40.213923+00:00,1777109860.2139225,618,883,0.59,15.6,29.67,22.85,low,light,rising,rising,
2026-04-25T09:37:40.214350+00:00,1777109860.2143495,613,893,2.06,14.27,28.71,23.23,low,light,falling,falling,
2026-04-25T09:37:40.214761+00:00,1777109860.2147605,609,898,3.24,13.6,27.61,23.62,low,light,falling,falling,
2026-04-25T09:37:40.215137+00:00,1777109860.2151365,605,902,4.41,13.07,26.36,24.0,low,light,falling,falling,
2026-04-25T09:37:40.215497+00:00,1777109860.2154975,599,907,6.18,12.4,19.19,20.67,dry,light,falling,falling,TOO_DRY
2026-04-25T09:37:40.215856+00:00,1777109860.2158558,593,912,7.94,11.73,11.84,17.17,dry,light,falling,falling,TOO_DRY
2026-04-25T09:37:40.216212+00:00,1777109860.216212,587,916,9.71,11.2,4.3,13.52,dry,none,rising,stable,TOO_DRY
2026-04-25T09:37:40.216579+00:00,1777109860.2165794,579,921,12.06,10.53,5.77,12.8,dry,none,rising,stable,TOO_DRY
2026-04-25T09:37:40.216941+00:00,1777109860.2169409,571,925,14.41,10.0,7.5,12.1,dry,none,rising,stable,TOO_DRY
2026-04-25T09:37:40.217333+00:00,1777109860.217333,563,930,16.76,9.33,9.34,11.48,dry,none,rising,stable,TOO_DRY
2026-04-25T09:37:41.716270+00:00,1777109861.71627,618,883,0.59,15.6,9.01,11.73,dry,none,rising,stable,TOO_DRY
2026-04-25T09:37:41.962935+00:00,1777109861.9629347,613,893,2.06,14.27,8.71,11.88,dry,none,stable,stable,TOO_DRY
2026-04-25T09:37:41.964206+00:00,1777109861.9642055,609,898,3.24,13.6,8.35,12.03,dry,none,falling,stable,TOO_DRY
2026-04-25T09:37:41.964629+00:00,1777109861.9646294,605,902,4.41,13.07,7.91,12.2,dry,none,falling,rising,TOO_DRY
2026-04-25T09:37:41.965150+00:00,1777109861.9651496,599,907,6.18,12.4,7.46,12.35,dry,none,falling,stable,TOO_DRY
2026-04-25T09:37:41.965656+00:00,1777109861.9656558,593,912,7.94,11.73,6.95,12.5,dry,none,falling,stable,TOO_DRY
2026-04-25T09:37:41.966110+00:00,1777109861.9661098,587,916,9.71,11.2,6.36,12.65,dry,none,stable,stable,TOO_DRY
2026-04-25T09:37:41.966499+00:00,1777109861.966499,579,921,12.06,10.53,5.77,12.8,dry,none,rising,stable,TOO_DRY
2026-04-25T09:37:41.966871+00:00,1777109861.9668713,571,925,14.41,10.0,7.5,12.1,dry,none,rising,stable,TOO_DRY
2026-04-25T09:37:41.967295+00:00,1777109861.967295,563,930,16.76,9.33,9.34,11.48,dry,none,rising,stable,TOO_DRY
2026-04-25T09:37:50.088991+00:00,1777109870.0889914,351,683,79.12,42.27,18.82,15.07,dry,light,rising,rising,TOO_DRY
2026-04-25T09:37:50.197788+00:00,1777109870.1977885,341,679,82.06,42.8,28.53,18.78,low,light,rising,rising,
2026-04-25T09:37:50.198760+00:00,1777109870.1987603,333,674,84.41,43.47,38.31,22.67,low,light,rising,rising,
2026-04-25T09:37:50.199271+00:00,1777109870.1992712,618,883,0.59,15.6,37.39,23.15,low,light,rising,rising,
2026-04-25T09:37:50.199767+00:00,1777109870.199767,613,893,2.06,14.27,36.43,23.53,low,light,rising,rising,
2026-04-25T09:37:50.200157+00:00,1777109870.200157,609,898,3.24,13.6,35.33,23.92,low,light,falling,falling,
2026-04-25T09:37:50.200564+00:00,1777109870.2005637,605,902,4.41,13.07,34.08,24.3,low,light,falling,falling,
2026-04-25T09:37:50.200933+00:00,1777109870.2009335,599,907,6.18,12.4,32.76,24.68,low,light,falling,falling,
2026-04-25T09:37:50.201298+00:00,1777109870.2012975,593,912,7.94,11.73,23.86,20.87,dry,light,falling,falling,TOO_DRY
2026-04-25T09:37:50.201658+00:00,1777109870.201658,587,916,9.71,11.2,14.82,16.92,dry,light,falling,falling,TOO_DRY
2026-04-25T09:37:50.202014+00:00,1777109870.2020137,579,921,12.06,10.53,5.77,12.8,dry,none,rising,stable,TOO_DRY
2026-04-25T09:37:50.202462+00:00,1777109870.202462,571,925,14.41,10.0,7.5,12.1,dry,none,rising,stable,TOO_DRY
2026-04-25T09:37:50.202831+00:00,1777109870.2028313,563,930,16.76,9.33,9.34,11.48,dry,none,rising,stable,TOO_DRY
2026-04-25T09:37:52.042330+00:00,1777109872.0423295,618,883,0.59,15.6,9.01,11.73,dry,none,rising,stable,TOO_DRY
2026-04-25T09:37:52.476252+00:00,1777109872.4762523,613,893,2.06,14.27,8.71,11.88,dry,none,stable,stable,TOO_DRY
2026-04-25T09:37:52.477660+00:00,1777109872.4776604,609,898,3.24,13.6,8.35,12.03,dry,none,falling,stable,TOO_DRY
2026-04-25T09:37:52.478165+00:00,1777109872.478165,605,902,4.41,13.07,7.91,12.2,dry,none,falling,rising,TOO_DRY
2026-04-25T09:37:52.479230+00:00,1777109872.4792302,599,907,6.18,12.4,7.46,12.35,dry,none,falling,stable,TOO_DRY
2026-04-25T09:37:52.480414+00:00,1777109872.4804137,593,912,7.94,11.73,6.95,12.5,dry,none,falling,stable,TOO_DRY
2026-04-25T09:37:52.480875+00:00,1777109872.4808753,587,916,9.71,11.2,6.36,12.65,dry,none,stable,stable,TOO_DRY
2026-04-25T09:37:52.481259+00:00,1777109872.481259,579,921,12.06,10.53,5.77,12.8,dry,none,rising,stable,TOO_DRY
2026-04-25T09:37:52.481622+00:00,1777109872.4816225,571,925,14.41,10.0,7.5,12.1,dry,none,rising,stable,TOO_DRY
2026-04-25T09:37:52.481983+00:00,1777109872.4819834,563,930,16.76,9.33,9.34,11.48,dry,none,rising,stable,TOO_DRY
2026-04-25T09:37:52.482351+00:00,1777109872.4823506,553,934,19.71,8.8,11.4,10.88,dry,none,rising,stable,TOO_DRY
2026-04-25T09:37:54.296311+00:00,1777109874.2963114,613,893,2.06,14.27,11.1,11.03,dry,none,rising,stable,TOO_DRY
2026-04-25T09:37:54.667549+00:00,1777109874.6675487,609,898,3.24,13.6,10.74,11.18,dry,none,stable,stable,TOO_DRY
2026-04-25T09:37:54.668739+00:00,1777109874.6687393,605,902,4.41,13.07,10.29,11.35,dry,none,falling,stable,TOO_DRY
2026-04-25T09:37:54.669834+00:00,1777109874.6698341,599,907,6.18,12.4,9.85,11.5,dry,none,falling,rising,TOO_DRY
2026-04-25T09:37:54.670600+00:00,1777109874.6706,593,912,7.94,11.73,9.34,11.65,dry,none,falling,stable,TOO_DRY
2026-04-25T09:37:54.671160+00:00,1777109874.67116,587,916,9.71,11.2,8.75,11.8,dry,none,falling,stable,TOO_DRY
2026-04-25T09:37:54.671594+00:00,1777109874.6715944,579,921,12.06,10.53,8.16,11.95,dry,none,stable,stable,TOO_DRY
2026-04-25T09:37:54.671967+00:00,1777109874.6719673,571,925,14.41,10.0,7.5,12.1,dry,none,rising,stable,TOO_DRY
2026-04-25T09:37:54.672337+00:00,1777109874.6723366,563,930,16.76,9.33,9.34,11.48,dry,none,rising,stable,TOO_DRY
2026-04-25T09:37:54.672697+00:00,1777109874.672697,553,934,19.71,8.8,11.4,10.88,dry,none,rising,stable,TOO_DRY
2026-04-25T09:37:54.673055+00:00,1777109874.6730552,544,938,22.35,8.27,13.64,10.28,dry,none,rising,stable,TOO_DRY
2026-04-25T09:37:55.665632+00:00,1777109875.6656318,609,898,3.24,13.6,13.27,10.43,dry,none,rising,stable,TOO_DRY
2026-04-25T09:37:55.746572+00:00,1777109875.7465723,605,902,4.41,13.07,12.83,10.6,dry,none,stable,stable,TOO_DRY
2026-04-25T09:37:55.747979+00:00,1777109875.747979,599,907,6.18,12.4,12.39,10.75,dry,none,falling,stable,TOO_DRY
2026-04-25T09:37:55.748435+00:00,1777109875.748435,593,912,7.94,11.73,11.88,10.9,dry,none,falling,rising,TOO_DRY
2026-04-25T09:37:55.748983+00:00,1777109875.7489834,587,916,9.71,11.2,11.29,11.05,dry,none,falling,stable,TOO_DRY
2026-04-25T09:37:55.749377+00:00,1777109875.749377,579,921,12.06,10.53,10.7,11.2,dry,none,falling,stable,TOO_DRY
2026-04-25T09:37:55.749795+00:00,1777109875.7497954,571,925,14.41,10.0,10.04,11.35,dry,none,stable,stable,TOO_DRY
2026-04-25T09:37:55.750185+00:00,1777109875.7501848,563,930,16.76,9.33,9.34,11.48,dry,none,rising,stable,TOO_DRY
2026-04-25T09:37:55.750829+00:00,1777109875.750829,553,934,19.71,8.8,11.4,10.88,dry,none,rising,stable,TOO_DRY
2026-04-25T09:37:55.751332+00:00,1777109875.7513323,544,938,22.35,8.27,13.64,10.28,dry,none,rising,stable,TOO_DRY
2026-04-25T09:37:55.751801+00:00,1777109875.7518005,534,942,25.29,7.73,16.03,9.7,dry,none,rising,stable,TOO_DRY
2026-04-25T09:37:57.227936+00:00,1777109877.227936,605,902,4.41,13.07,15.59,9.87,dry,none,rising,stable,TOO_DRY
2026-04-25T09:37:57.365538+00:00,1777109877.365538,599,907,6.18,12.4,15.15,10.02,dry,none,stable,stable,TOO_DRY
2026-04-25T09:37:57.367024+00:00,1777109877.3670244,593,912,7.94,11.73,14.63,10.17,dry,none,falling,stable,TOO_DRY
2026-04-25T09:37:57.367593+00:00,1777109877.3675928,587,916,9.71,11.2,14.04,10.32,dry,none,falling,rising,TOO_DRY
2026-04-25T09:37:57.368091+00:00,1777109877.3680909,579,921,12.06,10.53,13.46,10.47,dry,none,falling,stable,TOO_DRY
2026-04-25T09:37:57.368546+00:00,1777109877.3685465,571,925,14.41,10.0,12.79,10.62,dry,none,falling,stable,TOO_DRY
2026-04-25T09:37:57.368937+00:00,1777109877.368937,563,930,16.76,9.33,12.1,10.75,dry,none,stable,stable,TOO_DRY
2026-04-25T09:37:57.369317+00:00,1777109877.3693168,553,934,19.71,8.8,11.4,10.88,dry,none,rising,stable,TOO_DRY
2026-04-25T09:37:57.369697+00:00,1777109877.369697,544,938,22.35,8.27,13.64,10.28,dry,none,rising,stable,TOO_DRY
2026-04-25T09:37:57.370062+00:00,1777109877.3700616,534,942,25.29,7.73,16.03,9.7,dry,none,rising,stable,TOO_DRY
2026-04-25T09:38:04.956835+00:00,1777109884.9568348,292,650,96.47,46.67,27.09,14.07,low,none,rising,rising,
2026-04-25T09:38:05.049277+00:00,1777109885.049277,288,646,97.65,47.2,38.09,18.57,low,light,rising,rising,
2026-04-25T09:38:05.050888+00:00,1777109885.0508878,285,643,98.53,47.6,48.9,23.2,optimal,light,rising,rising,
2026-04-25T09:38:05.756605+00:00,1777109885.756605,605,902,4.41,13.07,47.65,23.58,optimal,light,rising,rising,
2026-04-25T09:38:05.757894+00:00,1777109885.757894,599,907,6.18,12.4,46.32,23.97,optimal,light,rising,rising,
2026-04-25T09:38:05.758341+00:00,1777109885.7583408,593,912,7.94,11.73,44.85,24.33,low,light,falling,falling,
2026-04-25T09:38:05.758965+00:00,1777109885.7589645,587,916,9.71,11.2,43.27,24.7,low,light,falling,falling,
2026-04-25T09:38:05.759476+00:00,1777109885.7594764,579,921,12.06,10.53,41.62,25.05,low,light,falling,falling,
2026-04-25T09:38:05.759868+00:00,1777109885.7598684,571,925,14.41,10.0,31.36,20.47,low,light,falling,falling,
2026-04-25T09:38:05.760244+00:00,1777109885.760244,563,930,16.76,9.33,21.25,15.73,dry,light,falling,falling,TOO_DRY
2026-04-25T09:38:05.760621+00:00,1777109885.7606206,553,934,19.71,8.8,11.4,10.88,dry,none,rising,stable,TOO_DRY
2026-04-25T09:38:05.761117+00:00,1777109885.761117,544,938,22.35,8.27,13.64,10.28,dry,none,rising,stable,TOO_DRY
2026-04-25T09:38:05.761707+00:00,1777109885.7617066,534,942,25.29,7.73,16.03,9.7,dry,none,rising,stable,TOO_DRY
2026-04-25T09:38:07.617329+00:00,1777109887.6173286,605,902,4.41,13.07,15.59,9.87,dry,none,rising,stable,TOO_DRY
2026-04-25T09:38:07.698290+00:00,1777109887.6982903,599,907,6.18,12.4,15.15,10.02,dry,none,stable,stable,TOO_DRY
2026-04-25T09:38:07.699090+00:00,1777109887.6990898,593,912,7.94,11.73,14.63,10.17,dry,none,falling,stable,TOO_DRY
2026-04-25T09:38:07.699515+00:00,1777109887.6995153,587,916,9.71,11.2,14.04,10.32,dry,none,falling,rising,TOO_DRY
2026-04-25T09:38:07.699911+00:00,1777109887.6999106,579,921,12.06,10.53,13.46,10.47,dry,none,falling,stable,TOO_DRY
2026-04-25T09:38:07.700463+00:00,1777109887.7004628,571,925,14.41,10.0,12.79,10.62,dry,none,falling,stable,TOO_DRY
2026-04-25T09:38:07.700891+00:00,1777109887.7008915,563,930,16.76,9.33,12.1,10.75,dry,none,stable,stable,TOO_DRY
2026-04-25T09:38:07.701269+00:00,1777109887.7012687,553,934,19.71,8.8,11.4,10.88,dry,none,rising,stable,TOO_DRY
2026-04-25T09:38:07.701769+00:00,1777109887.7017689,544,938,22.35,8.27,13.64,10.28,dry,none,rising,stable,TOO_DRY
2026-04-25T09:38:07.702234+00:00,1777109887.702234,534,942,25.29,7.73,16.03,9.7,dry,none,rising,stable,TOO_DRY
2026-04-25T09:38:09.079841+00:00,1777109889.0798414,605,902,4.41,13.07,15.59,9.87,dry,none,rising,stable,TOO_DRY
2026-04-25T09:38:09.193788+00:00,1777109889.1937878,599,907,6.18,12.4,15.15,10.02,dry,none,stable,stable,TOO_DRY
2026-04-25T09:38:09.194763+00:00,1777109889.1947632,593,912,7.94,11.73,14.63,10.17,dry,none,falling,stable,TOO_DRY
2026-04-25T09:38:09.195199+00:00,1777109889.1951995,587,916,9.71,11.2,14.04,10.32,dry,none,falling,rising,TOO_DRY
2026-04-25T09:38:09.195635+00:00,1777109889.1956348,579,921,12.06,10.53,13.46,10.47,dry,none,falling,stable,TOO_DRY
2026-04-25T09:38:09.196015+00:00,1777109889.1960151,571,925,14.41,10.0,12.79,10.62,dry,none,falling,stable,TOO_DRY
2026-04-25T09:38:09.196403+00:00,1777109889.1964028,563,930,16.76,9.33,12.1,10.75,dry,none,stable,stable,TOO_DRY
2026-04-25T09:38:09.196784+00:00,1777109889.1967845,553,934,19.71,8.8,11.4,10.88,dry,none,rising,stable,TOO_DRY
2026-04-25T09:38:09.197228+00:00,1777109889.1972277,544,938,22.35,8.27,13.64,10.28,dry,none,rising,stable,TOO_DRY
2026-04-25T09:38:09.197611+00:00,1777109889.1976109,534,942,25.29,7.73,16.03,9.7,dry,none,rising,stable,TOO_DRY
2026-04-25T09:38:17.837671+00:00,1777109897.8376713,280,630,100.0,49.33,27.54,14.4,low,none,rising,rising,
2026-04-25T09:38:19.098136+00:00,1777109899.0981357,280,627,100.0,49.73,38.82,19.21,low,light,rising,rising,
2026-04-25T09:38:19.099117+00:00,1777109899.099117,282,624,99.41,50.13,49.74,24.16,optimal,light,rising,rising,
2026-04-25T09:38:19.099685+00:00,1777109899.099685,605,902,4.41,13.07,48.49,24.55,optimal,light,rising,rising,
2026-04-25T09:38:19.646507+00:00,1777109899.6465065,599,907,6.18,12.4,47.17,24.93,optimal,light,rising,rising,
2026-04-25T09:38:19.647423+00:00,1777109899.6474226,593,912,7.94,11.73,45.7,25.3,optimal,light,falling,falling,
2026-04-25T09:38:19.647984+00:00,1777109899.6479836,587,916,9.71,11.2,44.12,25.66,low,light,falling,falling,
2026-04-25T09:38:19.648409+00:00,1777109899.6484087,579,921,12.06,10.53,42.46,26.02,low,light,falling,falling,
2026-04-25T09:38:19.649060+00:00,1777109899.6490595,571,925,14.41,10.0,31.77,21.1,low,light,falling,falling,
2026-04-25T09:38:19.649636+00:00,1777109899.649636,563,930,16.76,9.33,21.36,16.05,dry,light,falling,falling,TOO_DRY
2026-04-25T09:38:19.650045+00:00,1777109899.6500454,553,934,19.71,8.8,11.4,10.88,dry,none,rising,stable,TOO_DRY
2026-04-25T09:38:19.650603+00:00,1777109899.6506028,544,938,22.35,8.27,13.64,10.28,dry,none,rising,stable,TOO_DRY
2026-04-25T09:38:19.650985+00:00,1777109899.6509848,534,942,25.29,7.73,16.03,9.7,dry,none,rising,stable,TOO_DRY
2026-04-25T09:38:26.566423+00:00,1777109906.5664232,292,617,96.47,51.07,27.09,14.62,low,none,rising,rising,
2026-04-25T09:38:27.287465+00:00,1777109907.2874646,296,615,95.29,51.33,37.79,19.63,low,light,rising,rising,
2026-04-25T09:38:27.288440+00:00,1777109907.2884402,302,613,93.53,51.6,47.98,24.77,optimal,light,rising,rising,
2026-04-25T09:38:27.288946+00:00,1777109907.288946,605,902,4.41,13.07,46.73,25.15,optimal,light,rising,rising,
2026-04-25T09:38:27.289367+00:00,1777109907.2893667,599,907,6.18,12.4,45.4,25.53,optimal,light,rising,rising,
2026-04-25T09:38:27.290323+00:00,1777109907.2903233,593,912,7.94,11.73,43.93,25.9,low,light,falling,falling,
2026-04-25T09:38:27.291019+00:00,1777109907.2910194,587,916,9.71,11.2,42.35,26.27,low,light,falling,falling,
2026-04-25T09:38:27.291445+00:00,1777109907.2914445,579,921,12.06,10.53,40.7,26.62,low,light,falling,falling,
2026-04-25T09:38:27.291869+00:00,1777109907.2918687,571,925,14.41,10.0,30.44,21.48,low,light,falling,falling,
2026-04-25T09:38:27.293275+00:00,1777109907.2932754,563,930,16.76,9.33,20.62,16.23,dry,light,falling,falling,TOO_DRY
2026-04-25T09:38:27.294101+00:00,1777109907.294101,553,934,19.71,8.8,11.4,10.88,dry,none,rising,stable,TOO_DRY
2026-04-25T09:38:27.294587+00:00,1777109907.294587,544,938,22.35,8.27,13.64,10.28,dry,none,rising,stable,TOO_DRY
2026-04-25T09:38:27.294982+00:00,1777109907.294982,534,942,25.29,7.73,16.03,9.7,dry,none,rising,stable,TOO_DRY
2026-04-25T09:38:28.120819+00:00,1777109908.1208186,605,902,4.41,13.07,15.59,9.87,dry,none,rising,stable,TOO_DRY
2026-04-25T09:38:28.282791+00:00,1777109908.2827914,599,907,6.18,12.4,15.15,10.02,dry,none,stable,stable,TOO_DRY
2026-04-25T09:38:28.283760+00:00,1777109908.2837596,593,912,7.94,11.73,14.63,10.17,dry,none,falling,stable,TOO_DRY
2026-04-25T09:38:28.285168+00:00,1777109908.2851677,587,916,9.71,11.2,14.04,10.32,dry,none,falling,rising,TOO_DRY
2026-04-25T09:38:28.285709+00:00,1777109908.2857091,579,921,12.06,10.53,13.46,10.47,dry,none,falling,stable,TOO_DRY
2026-04-25T09:38:28.286246+00:00,1777109908.2862456,571,925,14.41,10.0,12.79,10.62,dry,none,falling,stable,TOO_DRY
2026-04-25T09:38:28.286756+00:00,1777109908.2867556,563,930,16.76,9.33,12.1,10.75,dry,none,stable,stable,TOO_DRY
2026-04-25T09:38:28.287143+00:00,1777109908.287143,553,934,19.71,8.8,11.4,10.88,dry,none,rising,stable,TOO_DRY
2026-04-25T09:38:28.287520+00:00,1777109908.2875204,544,938,22.35,8.27,13.64,10.28,dry,none,rising,stable,TOO_DRY
2026-04-25T09:38:28.288138+00:00,1777109908.2881377,534,942,25.29,7.73,16.03,9.7,dry,none,rising,stable,TOO_DRY
2026-04-25T09:38:29.415776+00:00,1777109909.4157763,605,902,4.41,13.07,15.59,9.87,dry,none,rising,stable,TOO_DRY
2026-04-25T09:38:29.523220+00:00,1777109909.5232198,599,907,6.18,12.4,15.15,10.02,dry,none,stable,stable,TOO_DRY
2026-04-25T09:38:29.524105+00:00,1777109909.5241046,593,912,7.94,11.73,14.63,10.17,dry,none,falling,stable,TOO_DRY
2026-04-25T09:38:29.524596+00:00,1777109909.524596,587,916,9.71,11.2,14.04,10.32,dry,none,falling,rising,TOO_DRY
2026-04-25T09:38:29.525024+00:00,1777109909.525024,579,921,12.06,10.53,13.46,10.47,dry,none,falling,stable,TOO_DRY
2026-04-25T09:38:29.525416+00:00,1777109909.5254157,571,925,14.41,10.0,12.79,10.62,dry,none,falling,stable,TOO_DRY
2026-04-25T09:38:29.525791+00:00,1777109909.5257914,563,930,16.76,9.33,12.1,10.75,dry,none,stable,stable,TOO_DRY
2026-04-25T09:38:29.526158+00:00,1777109909.5261579,553,934,19.71,8.8,11.4,10.88,dry,none,rising,stable,TOO_DRY
2026-04-25T09:38:29.526658+00:00,1777109909.5266578,544,938,22.35,8.27,13.64,10.28,dry,none,rising,stable,TOO_DRY
2026-04-25T09:38:29.527073+00:00,1777109909.527073,534,942,25.29,7.73,16.03,9.7,dry,none,rising,stable,TOO_DRY
2026-04-25T09:38:29.527462+00:00,1777109909.5274625,523,946,28.53,7.2,18.6,9.13,dry,none,rising,stable,TOO_DRY
2026-04-25T09:38:32.092551+00:00,1777109912.092551,599,907,6.18,12.4,18.16,9.28,dry,none,rising,stable,TOO_DRY
2026-04-25T09:38:32.217504+00:00,1777109912.2175035,593,912,7.94,11.73,17.65,9.43,dry,none,stable,stable,TOO_DRY
2026-04-25T09:38:32.219100+00:00,1777109912.2191002,587,916,9.71,11.2,17.06,9.58,dry,none,falling,stable,TOO_DRY
2026-04-25T09:38:32.219651+00:00,1777109912.2196507,579,921,12.06,10.53,16.47,9.73,dry,none,falling,rising,TOO_DRY
2026-04-25T09:38:32.220065+00:00,1777109912.2200654,571,925,14.41,10.0,15.81,9.88,dry,none,falling,stable,TOO_DRY
2026-04-25T09:38:32.220464+00:00,1777109912.2204645,563,930,16.76,9.33,15.11,10.02,dry,none,falling,stable,TOO_DRY
2026-04-25T09:38:32.220935+00:00,1777109912.2209349,553,934,19.71,8.8,14.41,10.15,dry,none,stable,stable,TOO_DRY
2026-04-25T09:38:32.221332+00:00,1777109912.2213316,544,938,22.35,8.27,13.64,10.28,dry,none,rising,stable,TOO_DRY
2026-04-25T09:38:32.221706+00:00,1777109912.2217064,534,942,25.29,7.73,16.03,9.7,dry,none,rising,stable,TOO_DRY
2026-04-25T09:38:32.222076+00:00,1777109912.2220757,523,946,28.53,7.2,18.6,9.13,dry,none,rising,stable,TOO_DRY
2026-04-25T09:38:32.596958+00:00,1777109912.5969582,599,907,6.18,12.4,18.16,9.28,dry,none,rising,stable,TOO_DRY
2026-04-25T09:38:33.020866+00:00,1777109913.0208657,593,912,7.94,11.73,17.65,9.43,dry,none,stable,stable,TOO_DRY
2026-04-25T09:38:33.021855+00:00,1777109913.021855,587,916,9.71,11.2,17.06,9.58,dry,none,falling,stable,TOO_DRY
2026-04-25T09:38:33.022671+00:00,1777109913.0226705,579,921,12.06,10.53,16.47,9.73,dry,none,falling,rising,TOO_DRY
2026-04-25T09:38:33.023207+00:00,1777109913.0232067,571,925,14.41,10.0,15.81,9.88,dry,none,falling,stable,TOO_DRY
2026-04-25T09:38:33.023721+00:00,1777109913.0237207,563,930,16.76,9.33,15.11,10.02,dry,none,falling,stable,TOO_DRY
2026-04-25T09:38:33.024154+00:00,1777109913.0241537,553,934,19.71,8.8,14.41,10.15,dry,none,stable,stable,TOO_DRY
2026-04-25T09:38:33.024590+00:00,1777109913.0245905,544,938,22.35,8.27,13.64,10.28,dry,none,rising,stable,TOO_DRY
2026-04-25T09:38:33.024960+00:00,1777109913.0249603,534,942,25.29,7.73,16.03,9.7,dry,none,rising,stable,TOO_DRY
2026-04-25T09:38:33.025332+00:00,1777109913.0253322,523,946,28.53,7.2,18.6,9.13,dry,none,rising,stable,TOO_DRY
2026-04-25T09:38:33.025697+00:00,1777109913.0256968,512,950,31.76,6.67,21.36,8.57,dry,none,rising,stable,TOO_DRY
2026-04-25T09:38:34.638641+00:00,1777109914.6386409,331,606,85.0,52.53,30.48,13.82,low,none,rising,rising,
2026-04-25T09:38:34.863142+00:00,1777109914.8631415,593,912,7.94,11.73,29.67,14.03,low,none,rising,rising,
2026-04-25T09:38:34.864133+00:00,1777109914.8641326,587,916,9.71,11.2,28.79,14.27,low,none,rising,rising,
2026-04-25T09:38:34.864623+00:00,1777109914.864623,579,921,12.06,10.53,27.83,14.48,low,none,stable,rising,
2026-04-25T09:38:34.865239+00:00,1777109914.8652394,571,925,14.41,10.0,26.84,14.7,low,none,falling,falling,
2026-04-25T09:38:34.865646+00:00,1777109914.8656456,563,930,16.76,9.33,25.77,14.9,low,none,falling,falling,
2026-04-25T09:38:34.866504+00:00,1777109914.8665042,553,934,19.71,8.8,24.67,15.1,dry,light,falling,falling,TOO_DRY
2026-04-25T09:38:34.867095+00:00,1777109914.8670945,544,938,22.35,8.27,23.49,15.3,dry,light,falling,falling,TOO_DRY
2026-04-25T09:38:34.867481+00:00,1777109914.867481,534,942,25.29,7.73,16.03,9.7,dry,none,rising,stable,TOO_DRY
2026-04-25T09:38:34.868002+00:00,1777109914.8680024,523,946,28.53,7.2,18.6,9.13,dry,none,rising,stable,TOO_DRY
2026-04-25T09:38:34.868399+00:00,1777109914.8683991,512,950,31.76,6.67,21.36,8.57,dry,none,rising,stable,TOO_DRY
2026-04-25T09:38:36.815801+00:00,1777109916.8158011,340,604,82.35,52.8,30.14,13.85,low,none,rising,rising,
2026-04-25T09:38:37.728044+00:00,1777109917.7280443,593,912,7.94,11.73,29.34,14.07,low,none,rising,rising,
2026-04-25T09:38:37.729361+00:00,1777109917.7293606,587,916,9.71,11.2,28.45,14.3,low,none,rising,rising,
2026-04-25T09:38:37.729803+00:00,1777109917.729803,579,921,12.06,10.53,27.5,14.52,low,none,stable,rising,
2026-04-25T09:38:37.730343+00:00,1777109917.7303429,571,925,14.41,10.0,26.51,14.73,low,none,falling,falling,
2026-04-25T09:38:37.730970+00:00,1777109917.7309701,563,930,16.76,9.33,25.44,14.93,low,none,falling,falling,
2026-04-25T09:38:37.731425+00:00,1777109917.7314248,553,934,19.71,8.8,24.34,15.13,dry,light,falling,falling,TOO_DRY
2026-04-25T09:38:37.731874+00:00,1777109917.7318735,544,938,22.35,8.27,23.16,15.33,dry,light,falling,falling,TOO_DRY
2026-04-25T09:38:37.732253+00:00,1777109917.7322526,534,942,25.29,7.73,16.03,9.7,dry,none,rising,stable,TOO_DRY
2026-04-25T09:38:37.732628+00:00,1777109917.7326279,523,946,28.53,7.2,18.6,9.13,dry,none,rising,stable,TOO_DRY
2026-04-25T09:38:37.732988+00:00,1777109917.732988,512,950,31.76,6.67,21.36,8.57,dry,none,rising,stable,TOO_DRY
2026-04-25T09:38:39.551453+00:00,1777109919.5514529,593,912,7.94,11.73,20.84,8.72,dry,none,rising,stable,TOO_DRY
2026-04-25T09:38:39.914120+00:00,1777109919.9141202,587,916,9.71,11.2,20.26,8.87,dry,none,stable,stable,TOO_DRY
2026-04-25T09:38:39.915215+00:00,1777109919.9152153,579,921,12.06,10.53,19.67,9.02,dry,none,falling,stable,TOO_DRY
2026-04-25T09:38:39.915729+00:00,1777109919.9157286,571,925,14.41,10.0,19.01,9.17,dry,none,falling,rising,TOO_DRY
2026-04-25T09:38:39.916176+00:00,1777109919.9161756,563,930,16.76,9.33,18.31,9.3,dry,none,falling,stable,TOO_DRY
2026-04-25T09:38:39.916561+00:00,1777109919.9165614,553,934,19.71,8.8,17.61,9.43,dry,none,falling,stable,TOO_DRY
2026-04-25T09:38:39.917084+00:00,1777109919.917084,544,938,22.35,8.27,16.84,9.57,dry,none,stable,stable,TOO_DRY
2026-04-25T09:38:39.917643+00:00,1777109919.917643,534,942,25.29,7.73,16.03,9.7,dry,none,rising,stable,TOO_DRY
2026-04-25T09:38:39.918080+00:00,1777109919.91808,523,946,28.53,7.2,18.6,9.13,dry,none,rising,stable,TOO_DRY
2026-04-25T09:38:39.918480+00:00,1777109919.9184804,512,950,31.76,6.67,21.36,8.57,dry,none,rising,stable,TOO_DRY
2026-04-25T09:38:39.918867+00:00,1777109919.9188666,478,960,41.76,5.33,25.07,7.92,low,none,rising,stable,
2026-04-25T09:38:47.899574+00:00,1777109927.8995743,369,601,73.82,53.2,32.5,13.32,low,none,rising,rising,
2026-04-25T09:38:48.155228+00:00,1777109928.155228,380,601,70.59,53.2,39.23,18.8,low,light,rising,rising,
2026-04-25T09:38:48.156355+00:00,1777109928.1563547,391,600,67.35,53.33,45.18,24.37,optimal,light,rising,rising,
2026-04-25T09:38:48.156868+00:00,1777109928.1568675,587,916,9.71,11.2,43.6,24.73,low,light,rising,rising,
2026-04-25T09:38:48.677237+00:00,1777109928.6772368,579,921,12.06,10.53,41.95,25.08,low,light,falling,rising,
2026-04-25T09:38:48.678175+00:00,1777109928.6781747,571,925,14.41,10.0,40.18,25.43,low,light,falling,falling,
2026-04-25T09:38:48.678769+00:00,1777109928.6787689,563,930,16.76,9.33,38.31,25.77,low,light,falling,falling,
2026-04-25T09:38:48.679203+00:00,1777109928.6792028,553,934,19.71,8.8,35.55,26.2,low,light,falling,falling,
2026-04-25T09:38:48.679599+00:00,1777109928.6795993,544,938,22.35,8.27,29.12,20.58,low,light,falling,falling,
2026-04-25T09:38:48.680114+00:00,1777109928.680114,534,942,25.29,7.73,23.45,14.9,dry,none,falling,falling,TOO_DRY
2026-04-25T09:38:48.680527+00:00,1777109928.6805274,523,946,28.53,7.2,18.6,9.13,dry,none,rising,stable,TOO_DRY
2026-04-25T09:38:48.680979+00:00,1777109928.6809788,512,950,31.76,6.67,21.36,8.57,dry,none,rising,stable,TOO_DRY
2026-04-25T09:38:48.681463+00:00,1777109928.6814625,478,960,41.76,5.33,25.07,7.92,low,none,rising,stable,
2026-04-25T09:38:49.554220+00:00,1777109929.5542202,587,916,9.71,11.2,24.48,8.07,dry,none,rising,stable,TOO_DRY
2026-04-25T09:38:49.694534+00:00,1777109929.6945336,579,921,12.06,10.53,23.9,8.22,dry,none,stable,stable,TOO_DRY
2026-04-25T09:38:49.695430+00:00,1777109929.6954298,571,925,14.41,10.0,23.23,8.37,dry,none,falling,stable,TOO_DRY
2026-04-25T09:38:49.696028+00:00,1777109929.696028,563,930,16.76,9.33,22.54,8.5,dry,none,falling,rising,TOO_DRY
2026-04-25T09:38:49.696506+00:00,1777109929.696506,553,934,19.71,8.8,21.84,8.63,dry,none,falling,stable,TOO_DRY
2026-04-25T09:38:49.696893+00:00,1777109929.6968935,544,938,22.35,8.27,21.07,8.77,dry,none,falling,stable,TOO_DRY
2026-04-25T09:38:49.697372+00:00,1777109929.6973724,534,942,25.29,7.73,20.26,8.9,dry,none,stable,stable,TOO_DRY
2026-04-25T09:38:49.697767+00:00,1777109929.6977673,523,946,28.53,7.2,18.6,9.13,dry,none,rising,stable,TOO_DRY
2026-04-25T09:38:49.698272+00:00,1777109929.6982722,512,950,31.76,6.67,21.36,8.57,dry,none,rising,stable,TOO_DRY
2026-04-25T09:38:49.698762+00:00,1777109929.6987624,478,960,41.76,5.33,25.07,7.92,low,none,rising,stable,
2026-04-25T09:38:52.256982+00:00,1777109932.2569816,587,916,9.71,11.2,24.48,8.07,dry,none,rising,stable,TOO_DRY
2026-04-25T09:38:52.317799+00:00,1777109932.317799,579,921,12.06,10.53,23.9,8.22,dry,none,stable,stable,TOO_DRY
2026-04-25T09:38:52.318708+00:00,1777109932.3187084,571,925,14.41,10.0,23.23,8.37,dry,none,falling,stable,TOO_DRY
2026-04-25T09:38:52.319639+00:00,1777109932.3196387,563,930,16.76,9.33,22.54,8.5,dry,none,falling,rising,TOO_DRY
2026-04-25T09:38:52.320353+00:00,1777109932.3203528,553,934,19.71,8.8,21.84,8.63,dry,none,falling,stable,TOO_DRY
2026-04-25T09:38:52.320742+00:00,1777109932.320742,544,938,22.35,8.27,21.07,8.77,dry,none,falling,stable,TOO_DRY
2026-04-25T09:38:52.321234+00:00,1777109932.3212335,534,942,25.29,7.73,20.26,8.9,dry,none,stable,stable,TOO_DRY
2026-04-25T09:38:52.321965+00:00,1777109932.3219652,523,946,28.53,7.2,18.6,9.13,dry,none,rising,stable,TOO_DRY
2026-04-25T09:38:52.322480+00:00,1777109932.3224804,512,950,31.76,6.67,21.36,8.57,dry,none,rising,stable,TOO_DRY
2026-04-25T09:38:52.322893+00:00,1777109932.3228931,478,960,41.76,5.33,25.07,7.92,low,none,rising,stable,
2026-04-25T09:38:53.683515+00:00,1777109933.683515,587,916,9.71,11.2,24.48,8.07,dry,none,rising,stable,TOO_DRY
2026-04-25T09:38:53.733987+00:00,1777109933.7339866,579,921,12.06,10.53,23.9,8.22,dry,none,stable,stable,TOO_DRY
2026-04-25T09:38:53.735431+00:00,1777109933.7354314,571,925,14.41,10.0,23.23,8.37,dry,none,falling,stable,TOO_DRY
2026-04-25T09:38:53.735872+00:00,1777109933.735872,563,930,16.76,9.33,22.54,8.5,dry,none,falling,rising,TOO_DRY
2026-04-25T09:38:53.736251+00:00,1777109933.7362506,553,934,19.71,8.8,21.84,8.63,dry,none,falling,stable,TOO_DRY
2026-04-25T09:38:53.736721+00:00,1777109933.7367206,544,938,22.35,8.27,21.07,8.77,dry,none,falling,stable,TOO_DRY
2026-04-25T09:38:53.737141+00:00,1777109933.737141,534,942,25.29,7.73,20.26,8.9,dry,none,stable,stable,TOO_DRY
2026-04-25T09:38:53.737508+00:00,1777109933.7375083,523,946,28.53,7.2,18.6,9.13,dry,none,rising,stable,TOO_DRY
2026-04-25T09:38:53.737901+00:00,1777109933.737901,512,950,31.76,6.67,21.36,8.57,dry,none,rising,stable,TOO_DRY
2026-04-25T09:38:53.738273+00:00,1777109933.7382734,478,960,41.76,5.33,25.07,7.92,low,none,rising,stable,
2026-04-25T09:38:55.536638+00:00,1777109935.5366383,587,916,9.71,11.2,24.48,8.07,dry,none,rising,stable,TOO_DRY
2026-04-25T09:38:55.737454+00:00,1777109935.737454,579,921,12.06,10.53,23.9,8.22,dry,none,stable,stable,TOO_DRY
2026-04-25T09:38:55.738483+00:00,1777109935.7384834,571,925,14.41,10.0,23.23,8.37,dry,none,falling,stable,TOO_DRY
2026-04-25T09:38:55.739012+00:00,1777109935.7390122,563,930,16.76,9.33,22.54,8.5,dry,none,falling,rising,TOO_DRY
2026-04-25T09:38:55.739578+00:00,1777109935.7395778,553,934,19.71,8.8,21.84,8.63,dry,none,falling,stable,TOO_DRY
2026-04-25T09:38:55.740016+00:00,1777109935.7400165,544,938,22.35,8.27,21.07,8.77,dry,none,falling,stable,TOO_DRY
2026-04-25T09:38:55.740398+00:00,1777109935.740398,534,942,25.29,7.73,20.26,8.9,dry,none,stable,stable,TOO_DRY
2026-04-25T09:38:55.740793+00:00,1777109935.740793,523,946,28.53,7.2,18.6,9.13,dry,none,rising,stable,TOO_DRY
2026-04-25T09:38:55.741333+00:00,1777109935.7413332,512,950,31.76,6.67,21.36,8.57,dry,none,rising,stable,TOO_DRY
2026-04-25T09:38:55.741816+00:00,1777109935.7418158,478,960,41.76,5.33,25.07,7.92,low,none,rising,stable,
2026-04-25T09:38:56.864787+00:00,1777109936.8647866,587,916,9.71,11.2,24.48,8.07,dry,none,rising,stable,TOO_DRY
2026-04-25T09:38:56.962162+00:00,1777109936.962162,579,921,12.06,10.53,23.9,8.22,dry,none,stable,stable,TOO_DRY
2026-04-25T09:38:56.963706+00:00,1777109936.9637063,571,925,14.41,10.0,23.23,8.37,dry,none,falling,stable,TOO_DRY
2026-04-25T09:38:56.964336+00:00,1777109936.9643364,563,930,16.76,9.33,22.54,8.5,dry,none,falling,rising,TOO_DRY
2026-04-25T09:38:56.964876+00:00,1777109936.9648757,553,934,19.71,8.8,21.84,8.63,dry,none,falling,stable,TOO_DRY
2026-04-25T09:38:56.965361+00:00,1777109936.9653609,544,938,22.35,8.27,21.07,8.77,dry,none,falling,stable,TOO_DRY
2026-04-25T09:38:56.965753+00:00,1777109936.9657528,534,942,25.29,7.73,20.26,8.9,dry,none,stable,stable,TOO_DRY
2026-04-25T09:38:56.966122+00:00,1777109936.966122,523,946,28.53,7.2,18.6,9.13,dry,none,rising,stable,TOO_DRY
2026-04-25T09:38:56.966484+00:00,1777109936.966484,512,950,31.76,6.67,21.36,8.57,dry,none,rising,stable,TOO_DRY
2026-04-25T09:38:56.966849+00:00,1777109936.9668486,478,960,41.76,5.33,25.07,7.92,low,none,rising,stable,
2026-04-25T09:38:58.392999+00:00,1777109938.392999,587,916,9.71,11.2,24.48,8.07,dry,none,rising,stable,TOO_DRY
2026-04-25T09:38:58.504003+00:00,1777109938.5040033,579,921,12.06,10.53,23.9,8.22,dry,none,stable,stable,TOO_DRY
2026-04-25T09:38:58.505045+00:00,1777109938.5050454,571,925,14.41,10.0,23.23,8.37,dry,none,falling,stable,TOO_DRY
2026-04-25T09:38:58.505503+00:00,1777109938.5055034,563,930,16.76,9.33,22.54,8.5,dry,none,falling,rising,TOO_DRY
2026-04-25T09:38:58.505972+00:00,1777109938.5059724,553,934,19.71,8.8,21.84,8.63,dry,none,falling,stable,TOO_DRY
2026-04-25T09:38:58.506469+00:00,1777109938.506469,544,938,22.35,8.27,21.07,8.77,dry,none,falling,stable,TOO_DRY
2026-04-25T09:38:58.507001+00:00,1777109938.5070012,534,942,25.29,7.73,20.26,8.9,dry,none,stable,stable,TOO_DRY
2026-04-25T09:38:58.507553+00:00,1777109938.507553,523,946,28.53,7.2,18.6,9.13,dry,none,rising,stable,TOO_DRY
2026-04-25T09:38:58.508031+00:00,1777109938.5080307,512,950,31.76,6.67,21.36,8.57,dry,none,rising,stable,TOO_DRY
2026-04-25T09:38:58.508405+00:00,1777109938.5084052,478,960,41.76,5.33,25.07,7.92,low,none,rising,stable,
2026-04-25T09:38:58.508773+00:00,1777109938.508773,454,967,48.82,4.4,29.37,7.22,low,none,rising,stable,
2026-04-25T09:38:59.776513+00:00,1777109939.7765126,579,921,12.06,10.53,28.79,7.37,low,none,rising,stable,
2026-04-25T09:39:00.169780+00:00,1777109940.1697805,571,925,14.41,10.0,28.12,7.52,low,none,stable,stable,
2026-04-25T09:39:00.170753+00:00,1777109940.1707532,563,930,16.76,9.33,27.42,7.65,low,none,falling,stable,
2026-04-25T09:39:00.171420+00:00,1777109940.17142,553,934,19.71,8.8,26.73,7.78,low,none,falling,rising,
2026-04-25T09:39:00.172118+00:00,1777109940.1721182,544,938,22.35,8.27,25.95,7.92,low,none,falling,stable,
2026-04-25T09:39:00.172617+00:00,1777109940.172617,534,942,25.29,7.73,25.14,8.05,low,none,falling,stable,
2026-04-25T09:39:00.173018+00:00,1777109940.1730175,523,946,28.53,7.2,23.49,8.28,dry,none,stable,stable,TOO_DRY
2026-04-25T09:39:00.173405+00:00,1777109940.173405,512,950,31.76,6.67,21.36,8.57,dry,none,rising,stable,TOO_DRY
2026-04-25T09:39:00.173773+00:00,1777109940.1737728,478,960,41.76,5.33,25.07,7.92,low,none,rising,stable,
2026-04-25T09:39:00.174325+00:00,1777109940.174325,454,967,48.82,4.4,29.37,7.22,low,none,rising,stable,
2026-04-25T09:39:01.590826+00:00,1777109941.5908256,579,921,12.06,10.53,28.79,7.37,low,none,rising,stable,
2026-04-25T09:39:01.978904+00:00,1777109941.9789038,571,925,14.41,10.0,28.12,7.52,low,none,stable,stable,
2026-04-25T09:39:01.979851+00:00,1777109941.979851,563,930,16.76,9.33,27.42,7.65,low,none,falling,stable,
2026-04-25T09:39:01.980300+00:00,1777109941.9803004,553,934,19.71,8.8,26.73,7.78,low,none,falling,rising,
2026-04-25T09:39:01.981325+00:00,1777109941.981325,544,938,22.35,8.27,25.95,7.92,low,none,falling,stable,
2026-04-25T09:39:01.982361+00:00,1777109941.9823606,534,942,25.29,7.73,25.14,8.05,low,none,falling,stable,
2026-04-25T09:39:01.982862+00:00,1777109941.982862,523,946,28.53,7.2,23.49,8.28,dry,none,stable,stable,TOO_DRY
2026-04-25T09:39:01.983249+00:00,1777109941.983249,512,950,31.76,6.67,21.36,8.57,dry,none,rising,stable,TOO_DRY
2026-04-25T09:39:01.983783+00:00,1777109941.983783,478,960,41.76,5.33,25.07,7.92,low,none,rising,stable,
2026-04-25T09:39:01.984166+00:00,1777109941.9841664,454,967,48.82,4.4,29.37,7.22,low,none,rising,stable,
2026-04-25T09:39:01.984535+00:00,1777109941.9845347,442,970,52.35,4.0,33.82,6.55,low,none,rising,stable,
2026-04-25T09:39:04.286144+00:00,1777109944.2861445,496,602,36.47,53.07,35.92,12.08,low,none,rising,rising,
2026-04-25T09:39:04.681254+00:00,1777109944.6812544,571,925,14.41,10.0,34.92,12.3,low,none,rising,rising,
2026-04-25T09:39:04.682497+00:00,1777109944.6824965,563,930,16.76,9.33,33.86,12.5,low,none,falling,rising,
2026-04-25T09:39:04.683410+00:00,1777109944.68341,553,934,19.71,8.8,32.76,12.7,low,none,falling,rising,
2026-04-25T09:39:04.684003+00:00,1777109944.6840029,544,938,22.35,8.27,31.58,12.9,low,none,falling,falling,
2026-04-25T09:39:04.684422+00:00,1777109944.6844225,534,942,25.29,7.73,29.52,13.2,low,none,falling,falling,
2026-04-25T09:39:04.684912+00:00,1777109944.684912,523,946,28.53,7.2,26.98,13.55,low,none,falling,falling,
2026-04-25T09:39:04.685294+00:00,1777109944.6852937,512,950,31.76,6.67,24.41,13.88,dry,none,rising,falling,TOO_DRY
2026-04-25T09:39:04.685748+00:00,1777109944.6857479,478,960,41.76,5.33,25.07,7.92,low,none,rising,stable,
2026-04-25T09:39:04.686174+00:00,1777109944.6861742,454,967,48.82,4.4,29.37,7.22,low,none,rising,stable,
2026-04-25T09:39:05.659439+00:00,1777109945.6594388,571,925,14.41,10.0,29.08,7.3,low,none,rising,stable,
2026-04-25T09:39:05.808947+00:00,1777109945.808947,563,930,16.76,9.33,28.71,7.37,low,none,rising,stable,
2026-04-25T09:39:05.809868+00:00,1777109945.8098683,553,934,19.71,8.8,28.38,7.43,low,none,falling,stable,
2026-04-25T09:39:05.810382+00:00,1777109945.8103821,544,938,22.35,8.27,28.01,7.5,low,none,falling,rising,
2026-04-25T09:39:05.810841+00:00,1777109945.8108413,534,942,25.29,7.73,27.61,7.57,low,none,falling,stable,
2026-04-25T09:39:05.811278+00:00,1777109945.8112779,523,946,28.53,7.2,27.2,7.63,low,none,falling,stable,
2026-04-25T09:39:05.812027+00:00,1777109945.8120275,512,950,31.76,6.67,25.95,7.8,low,none,stable,stable,
2026-04-25T09:39:05.812434+00:00,1777109945.8124342,478,960,41.76,5.33,25.07,7.92,low,none,rising,stable,
2026-04-25T09:39:05.812807+00:00,1777109945.8128066,454,967,48.82,4.4,29.37,7.22,low,none,rising,stable,
2026-04-25T09:39:05.813213+00:00,1777109945.8132133,442,970,52.35,4.0,33.82,6.55,low,none,rising,stable,
2026-04-25T09:39:05.813590+00:00,1777109945.8135896,430,972,55.88,3.73,38.34,5.92,low,none,rising,falling,
2026-04-25T09:39:07.085037+00:00,1777109947.0850375,563,930,16.76,9.33,37.64,6.05,low,none,rising,stable,
2026-04-25T09:39:07.456782+00:00,1777109947.456782,553,934,19.71,8.8,36.95,6.18,low,none,stable,stable,
2026-04-25T09:39:07.458017+00:00,1777109947.4580173,544,938,22.35,8.27,36.17,6.32,low,none,falling,stable,
2026-04-25T09:39:07.458502+00:00,1777109947.4585016,534,942,25.29,7.73,35.37,6.45,low,none,falling,rising,
2026-04-25T09:39:07.459235+00:00,1777109947.4592354,523,946,28.53,7.2,33.71,6.68,low,none,falling,stable,
2026-04-25T09:39:07.460049+00:00,1777109947.460049,512,950,31.76,6.67,31.58,6.97,low,none,falling,stable,
2026-04-25T09:39:07.460505+00:00,1777109947.4605052,478,960,41.76,5.33,30.26,7.13,low,none,rising,stable,
2026-04-25T09:39:07.460953+00:00,1777109947.4609528,454,967,48.82,4.4,29.37,7.22,low,none,rising,stable,
2026-04-25T09:39:07.461471+00:00,1777109947.4614713,442,970,52.35,4.0,33.82,6.55,low,none,rising,stable,
2026-04-25T09:39:07.461907+00:00,1777109947.4619067,430,972,55.88,3.73,38.34,5.92,low,none,rising,falling,
2026-04-25T09:39:07.462281+00:00,1777109947.4622812,419,975,59.12,3.33,42.94,5.3,low,none,rising,stable,
2026-04-25T09:39:14.372719+00:00,1777109954.372719,529,606,26.76,52.53,43.12,10.9,low,none,rising,rising,
2026-04-25T09:39:14.481150+00:00,1777109954.4811502,539,607,23.82,52.4,42.53,16.55,low,light,stable,rising,
2026-04-25T09:39:14.482297+00:00,1777109954.482297,549,609,20.88,52.13,41.17,22.23,low,light,falling,rising,
2026-04-25T09:39:14.482771+00:00,1777109954.4827707,553,934,19.71,8.8,38.42,22.66,low,light,falling,rising,
2026-04-25T09:39:14.483239+00:00,1777109954.4832387,544,938,22.35,8.27,35.11,23.15,low,light,falling,rising,
2026-04-25T09:39:14.483650+00:00,1777109954.4836502,534,942,25.29,7.73,31.73,23.62,low,light,falling,falling,
2026-04-25T09:39:14.484035+00:00,1777109954.4840353,523,946,28.53,7.2,28.31,24.05,low,light,falling,falling,
2026-04-25T09:39:14.484419+00:00,1777109954.484419,512,950,31.76,6.67,24.89,24.47,dry,light,rising,falling,TOO_DRY
2026-04-25T09:39:14.484929+00:00,1777109954.4849286,478,960,41.76,5.33,26.76,18.57,low,light,rising,falling,
2026-04-25T09:39:14.485588+00:00,1777109954.485588,454,967,48.82,4.4,29.89,12.57,low,none,rising,falling,
2026-04-25T09:39:14.486072+00:00,1777109954.4860718,442,970,52.35,4.0,33.82,6.55,low,none,rising,stable,
2026-04-25T09:39:14.486527+00:00,1777109954.4865272,430,972,55.88,3.73,38.34,5.92,low,none,rising,falling,
2026-04-25T09:39:14.486928+00:00,1777109954.4869285,419,975,59.12,3.33,42.94,5.3,low,none,rising,stable,
2026-04-25T09:39:21.746701+00:00,1777109961.7467005,559,611,17.94,51.87,42.02,10.82,low,none,rising,rising,
2026-04-25T09:39:22.684292+00:00,1777109962.6842916,568,613,15.29,51.6,40.37,16.37,low,light,falling,rising,
2026-04-25T09:39:22.685449+00:00,1777109962.6854486,576,615,12.94,51.33,38.01,21.95,low,light,falling,rising,
2026-04-25T09:39:22.685949+00:00,1777109962.6859486,553,934,19.71,8.8,35.26,22.38,low,light,falling,rising,
2026-04-25T09:39:22.686379+00:00,1777109962.686379,544,938,22.35,8.27,31.95,22.87,low,light,falling,rising,
2026-04-25T09:39:22.686829+00:00,1777109962.686829,534,942,25.29,7.73,28.57,23.33,low,light,falling,falling,
2026-04-25T09:39:22.687328+00:00,1777109962.6873279,523,946,28.53,7.2,25.15,23.77,low,light,stable,falling,
2026-04-25T09:39:22.687733+00:00,1777109962.687733,512,950,31.76,6.67,21.73,24.18,dry,light,rising,falling,TOO_DRY
2026-04-25T09:39:22.688108+00:00,1777109962.6881077,478,960,41.76,5.33,24.7,18.37,dry,light,rising,falling,TOO_DRY
2026-04-25T09:39:22.688474+00:00,1777109962.6884742,454,967,48.82,4.4,28.89,12.47,low,none,rising,falling,
2026-04-25T09:39:22.688851+00:00,1777109962.6888506,442,970,52.35,4.0,33.82,6.55,low,none,rising,stable,
2026-04-25T09:39:22.689332+00:00,1777109962.6893318,430,972,55.88,3.73,38.34,5.92,low,none,rising,falling,
2026-04-25T09:39:22.689755+00:00,1777109962.6897552,419,975,59.12,3.33,42.94,5.3,low,none,rising,stable,
2026-04-25T09:39:22.690134+00:00,1777109962.6901343,407,978,62.65,2.93,47.61,4.7,optimal,none,rising,stable,
2026-04-25T09:39:23.995439+00:00,1777109963.9954393,544,938,22.35,8.27,46.84,4.83,optimal,none,rising,stable,
2026-04-25T09:39:24.150917+00:00,1777109964.1509166,534,942,25.29,7.73,46.03,4.96,optimal,none,falling,stable,
2026-04-25T09:39:24.152126+00:00,1777109964.1521258,523,946,28.53,7.2,44.37,5.2,low,none,falling,stable,
2026-04-25T09:39:24.152668+00:00,1777109964.152668,512,950,31.76,6.67,42.24,5.48,low,none,falling,rising,
2026-04-25T09:39:24.153296+00:00,1777109964.1532955,478,960,41.76,5.33,40.92,5.65,low,none,falling,stable,
2026-04-25T09:39:24.153733+00:00,1777109964.1537328,454,967,48.82,4.4,40.03,5.73,low,none,falling,stable,
2026-04-25T09:39:24.154239+00:00,1777109964.1542394,442,970,52.35,4.0,39.19,5.82,low,none,rising,stable,
2026-04-25T09:39:24.154757+00:00,1777109964.1547565,430,972,55.88,3.73,38.34,5.92,low,none,rising,falling,
2026-04-25T09:39:24.155271+00:00,1777109964.1552708,419,975,59.12,3.33,42.94,5.3,low,none,rising,stable,
2026-04-25T09:39:24.155767+00:00,1777109964.1557674,407,978,62.65,2.93,47.61,4.7,optimal,none,rising,stable,
2026-04-25T09:39:25.194685+00:00,1777109965.1946845,544,938,22.35,8.27,46.84,4.83,optimal,none,rising,stable,
2026-04-25T09:39:25.367245+00:00,1777109965.3672452,534,942,25.29,7.73,46.03,4.96,optimal,none,falling,stable,
2026-04-25T09:39:25.368143+00:00,1777109965.3681426,523,946,28.53,7.2,44.37,5.2,low,none,falling,stable,
2026-04-25T09:39:25.368607+00:00,1777109965.368607,512,950,31.76,6.67,42.24,5.48,low,none,falling,rising,
2026-04-25T09:39:25.369062+00:00,1777109965.369062,478,960,41.76,5.33,40.92,5.65,low,none,falling,stable,
2026-04-25T09:39:25.369591+00:00,1777109965.3695912,454,967,48.82,4.4,40.03,5.73,low,none,falling,stable,
2026-04-25T09:39:25.369995+00:00,1777109965.369995,442,970,52.35,4.0,39.19,5.82,low,none,rising,stable,
2026-04-25T09:39:25.370366+00:00,1777109965.3703659,430,972,55.88,3.73,38.34,5.92,low,none,rising,falling,
2026-04-25T09:39:25.370725+00:00,1777109965.3707252,419,975,59.12,3.33,42.94,5.3,low,none,rising,stable,
2026-04-25T09:39:25.371193+00:00,1777109965.3711932,407,978,62.65,2.93,47.61,4.7,optimal,none,rising,stable,
2026-04-25T09:39:25.371611+00:00,1777109965.3716114,396,980,65.88,2.67,52.28,4.13,optimal,none,rising,stable,
2026-04-25T09:39:33.430646+00:00,1777109973.4306457,602,624,5.29,50.13,48.97,9.57,optimal,none,stable,rising,
2026-04-25T09:39:33.521191+00:00,1777109973.5211914,607,627,3.82,49.73,44.23,15.12,low,light,falling,rising,
2026-04-25T09:39:33.522467+00:00,1777109973.5224671,611,630,2.65,49.33,38.45,20.73,low,light,falling,rising,
2026-04-25T09:39:33.523255+00:00,1777109973.5232553,534,942,25.29,7.73,35.07,21.2,low,light,falling,rising,
2026-04-25T09:39:33.523876+00:00,1777109973.5238762,523,946,28.53,7.2,31.65,21.63,low,light,falling,rising,
2026-04-25T09:39:33.524260+00:00,1777109973.5242596,512,950,31.76,6.67,28.23,22.05,low,light,falling,falling,
2026-04-25T09:39:33.524736+00:00,1777109973.5247357,478,960,41.76,5.33,25.62,22.35,low,light,rising,falling,
2026-04-25T09:39:33.525160+00:00,1777109973.52516,454,967,48.82,4.4,23.49,22.57,dry,light,rising,falling,TOO_DRY
2026-04-25T09:39:33.525550+00:00,1777109973.5255504,442,970,52.35,4.0,29.37,16.8,low,light,rising,falling,
2026-04-25T09:39:33.525961+00:00,1777109973.5259607,430,972,55.88,3.73,35.88,11.05,low,none,rising,falling,
2026-04-25T09:39:33.526355+00:00,1777109973.5263553,419,975,59.12,3.33,42.94,5.3,low,none,rising,stable,
2026-04-25T09:39:33.526799+00:00,1777109973.5267992,407,978,62.65,2.93,47.61,4.7,optimal,none,rising,stable,
2026-04-25T09:39:33.527241+00:00,1777109973.5272408,396,980,65.88,2.67,52.28,4.13,optimal,none,rising,stable,
2026-04-25T09:39:33.527623+00:00,1777109973.5276232,385,983,69.12,2.27,56.95,3.58,optimal,none,rising,stable,
2026-04-25T09:39:36.248564+00:00,1777109976.2485638,523,946,28.53,7.2,55.29,3.82,optimal,none,stable,stable,
2026-04-25T09:39:36.995984+00:00,1777109976.9959836,512,950,31.76,6.67,53.16,4.1,optimal,none,falling,stable,
2026-04-25T09:39:36.997491+00:00,1777109976.9974914,478,960,41.76,5.33,51.84,4.27,optimal,none,falling,stable,
2026-04-25T09:39:36.998805+00:00,1777109976.998805,454,967,48.82,4.4,50.95,4.35,optimal,none,falling,rising,
2026-04-25T09:39:36.999460+00:00,1777109976.9994595,442,970,52.35,4.0,50.11,4.43,optimal,none,falling,stable,
2026-04-25T09:39:36.999927+00:00,1777109976.999927,430,972,55.88,3.73,49.26,4.53,optimal,none,stable,stable,
2026-04-25T09:39:37.000328+00:00,1777109977.0003283,419,975,59.12,3.33,48.42,4.62,optimal,none,rising,stable,
2026-04-25T09:39:37.000705+00:00,1777109977.0007052,407,978,62.65,2.93,47.61,4.7,optimal,none,rising,stable,
2026-04-25T09:39:37.001070+00:00,1777109977.0010698,396,980,65.88,2.67,52.28,4.13,optimal,none,rising,stable,
2026-04-25T09:39:37.001572+00:00,1777109977.0015721,385,983,69.12,2.27,56.95,3.58,optimal,none,rising,stable,
2026-04-25T09:39:37.001965+00:00,1777109977.0019653,326,993,86.47,0.93,62.54,3.03,optimal,none,rising,stable,
2026-04-25T09:39:38.333456+00:00,1777109978.3334556,512,950,31.76,6.67,60.4,3.32,optimal,none,rising,stable,
2026-04-25T09:39:38.536352+00:00,1777109978.5363517,478,960,41.76,5.33,59.08,3.48,optimal,none,falling,stable,
2026-04-25T09:39:38.537282+00:00,1777109978.5372822,454,967,48.82,4.4,58.2,3.57,optimal,none,falling,stable,
2026-04-25T09:39:38.538232+00:00,1777109978.538232,442,970,52.35,4.0,57.35,3.65,optimal,none,falling,stable,
2026-04-25T09:39:38.538722+00:00,1777109978.5387218,430,972,55.88,3.73,56.51,3.75,optimal,none,falling,stable,
2026-04-25T09:39:38.539793+00:00,1777109978.539793,419,975,59.12,3.33,55.66,3.83,optimal,none,falling,stable,
2026-04-25T09:39:38.540749+00:00,1777109978.5407486,407,978,62.65,2.93,54.85,3.92,optimal,none,rising,stable,
2026-04-25T09:39:38.541483+00:00,1777109978.5414834,396,980,65.88,2.67,52.28,4.13,optimal,none,rising,stable,
2026-04-25T09:39:38.541937+00:00,1777109978.5419374,385,983,69.12,2.27,56.95,3.58,optimal,none,rising,stable,
2026-04-25T09:39:38.542596+00:00,1777109978.5425963,326,993,86.47,0.93,62.54,3.03,optimal,none,rising,stable,
2026-04-25T09:39:38.543153+00:00,1777109978.5431528,294,998,95.88,0.27,68.42,2.52,optimal,none,rising,stable,
2026-04-25T09:39:39.559258+00:00,1777109979.5592585,478,960,41.76,5.33,67.09,2.68,optimal,none,rising,stable,
2026-04-25T09:39:39.663774+00:00,1777109979.6637743,454,967,48.82,4.4,66.21,2.77,optimal,none,rising,stable,
2026-04-25T09:39:39.665244+00:00,1777109979.6652443,442,970,52.35,4.0,65.37,2.85,optimal,none,falling,stable,
2026-04-25T09:39:39.665807+00:00,1777109979.6658072,430,972,55.88,3.73,64.52,2.95,optimal,none,falling,stable,
2026-04-25T09:39:39.666213+00:00,1777109979.6662133,419,975,59.12,3.33,63.67,3.03,optimal,none,falling,stable,
2026-04-25T09:39:39.666635+00:00,1777109979.6666353,407,978,62.65,2.93,62.87,3.12,optimal,none,falling,stable,
2026-04-25T09:39:39.667034+00:00,1777109979.6670344,396,980,65.88,2.67,60.29,3.33,optimal,none,stable,stable,
2026-04-25T09:39:39.667441+00:00,1777109979.6674407,385,983,69.12,2.27,56.95,3.58,optimal,none,rising,stable,
2026-04-25T09:39:39.667827+00:00,1777109979.6678271,326,993,86.47,0.93,62.54,3.03,optimal,none,rising,stable,
2026-04-25T09:39:39.668196+00:00,1777109979.6681962,294,998,95.88,0.27,68.42,2.52,optimal,none,rising,stable,
2026-04-25T09:39:47.053527+00:00,1777109987.0535269,619,647,0.29,47.07,61.91,7.9,optimal,none,stable,rising,
2026-04-25T09:39:47.139124+00:00,1777109987.1391242,619,650,0.29,46.67,54.96,13.27,optimal,none,falling,rising,
2026-04-25T09:39:47.140461+00:00,1777109987.1404612,617,654,0.88,46.13,47.68,18.62,optimal,light,falling,rising,
2026-04-25T09:39:47.140933+00:00,1777109987.140933,478,960,41.76,5.33,45.07,18.92,optimal,light,falling,rising,
2026-04-25T09:39:47.141332+00:00,1777109987.1413317,454,967,48.82,4.4,42.94,19.13,low,light,falling,rising,
2026-04-25T09:39:47.141903+00:00,1777109987.141903,442,970,52.35,4.0,40.84,19.35,low,light,falling,falling,
2026-04-25T09:39:47.142390+00:00,1777109987.14239,430,972,55.88,3.73,37.02,19.7,low,light,rising,falling,
2026-04-25T09:39:47.143079+00:00,1777109987.1430786,419,975,59.12,3.33,32.42,20.08,low,light,rising,falling,
2026-04-25T09:39:47.143523+00:00,1777109987.143523,407,978,62.65,2.93,40.22,14.57,low,none,rising,falling,
2026-04-25T09:39:47.143977+00:00,1777109987.1439767,396,980,65.88,2.67,48.42,9.07,optimal,none,rising,falling,
2026-04-25T09:39:47.144372+00:00,1777109987.1443725,385,983,69.12,2.27,56.95,3.58,optimal,none,rising,stable,
2026-04-25T09:39:47.144760+00:00,1777109987.1447604,326,993,86.47,0.93,62.54,3.03,optimal,none,rising,stable,
2026-04-25T09:39:47.145154+00:00,1777109987.1451535,294,998,95.88,0.27,68.42,2.52,optimal,none,rising,stable,
2026-04-25T09:39:47.145807+00:00,1777109987.145807,289,999,97.35,0.13,74.04,2.03,optimal,none,rising,stable,
2026-04-25T09:39:48.975669+00:00,1777109988.9756687,614,658,1.76,45.6,67.28,7.27,optimal,none,rising,rising,
2026-04-25T09:39:49.180511+00:00,1777109989.1805105,454,967,48.82,4.4,65.99,7.4,optimal,none,falling,rising,
2026-04-25T09:39:49.181607+00:00,1777109989.181607,442,970,52.35,4.0,64.7,7.53,optimal,none,falling,rising,
2026-04-25T09:39:49.182261+00:00,1777109989.1822605,430,972,55.88,3.73,63.45,7.67,optimal,none,falling,rising,
2026-04-25T09:39:49.182772+00:00,1777109989.1827722,419,975,59.12,3.33,62.2,7.8,optimal,none,falling,falling,
2026-04-25T09:39:49.183163+00:00,1777109989.1831634,407,978,62.65,2.93,59.23,8.05,optimal,none,falling,falling,
2026-04-25T09:39:49.183536+00:00,1777109989.1835363,396,980,65.88,2.67,55.48,8.35,optimal,none,rising,falling,
2026-04-25T09:39:49.183907+00:00,1777109989.1839068,385,983,69.12,2.27,51.95,8.62,optimal,none,rising,falling,
2026-04-25T09:39:49.184287+00:00,1777109989.184287,326,993,86.47,0.93,62.54,3.03,optimal,none,rising,stable,
2026-04-25T09:39:49.184650+00:00,1777109989.1846497,294,998,95.88,0.27,68.42,2.52,optimal,none,rising,stable,
2026-04-25T09:39:49.185009+00:00,1777109989.1850092,289,999,97.35,0.13,74.04,2.03,optimal,none,rising,stable,
2026-04-25T09:39:51.228700+00:00,1777109991.2287002,454,967,48.82,4.4,73.16,2.12,optimal,none,rising,stable,
2026-04-25T09:39:52.218301+00:00,1777109992.2183008,442,970,52.35,4.0,72.31,2.2,optimal,none,stable,stable,
2026-04-25T09:39:52.219450+00:00,1777109992.2194498,430,972,55.88,3.73,71.47,2.3,optimal,none,falling,stable,
2026-04-25T09:39:52.219871+00:00,1777109992.219871,419,975,59.12,3.33,70.62,2.38,optimal,none,falling,stable,
2026-04-25T09:39:52.220242+00:00,1777109992.220242,407,978,62.65,2.93,69.81,2.46,optimal,none,falling,stable,
2026-04-25T09:39:52.220607+00:00,1777109992.2206068,396,980,65.88,2.67,67.24,2.68,optimal,none,falling,stable,
2026-04-25T09:39:52.220982+00:00,1777109992.220982,385,983,69.12,2.27,63.9,2.93,optimal,none,stable,stable,
2026-04-25T09:39:52.221344+00:00,1777109992.2213435,326,993,86.47,0.93,62.54,3.03,optimal,none,rising,stable,
2026-04-25T09:39:52.221808+00:00,1777109992.2218077,294,998,95.88,0.27,68.42,2.52,optimal,none,rising,stable,
2026-04-25T09:39:52.222242+00:00,1777109992.2222419,289,999,97.35,0.13,74.04,2.03,optimal,none,rising,stable,
2026-04-25T09:39:52.845952+00:00,1777109992.845952,454,967,48.82,4.4,73.16,2.12,optimal,none,rising,stable,
2026-04-25T09:39:53.110256+00:00,1777109993.110256,442,970,52.35,4.0,72.31,2.2,optimal,none,stable,stable,
2026-04-25T09:39:53.111573+00:00,1777109993.111573,430,972,55.88,3.73,71.47,2.3,optimal,none,falling,stable,
2026-04-25T09:39:53.112214+00:00,1777109993.112214,419,975,59.12,3.33,70.62,2.38,optimal,none,falling,stable,
2026-04-25T09:39:53.112629+00:00,1777109993.1126294,407,978,62.65,2.93,69.81,2.46,optimal,none,falling,stable,
2026-04-25T09:39:53.113038+00:00,1777109993.113038,396,980,65.88,2.67,67.24,2.68,optimal,none,falling,stable,
2026-04-25T09:39:53.113409+00:00,1777109993.1134086,385,983,69.12,2.27,63.9,2.93,optimal,none,stable,stable,
2026-04-25T09:39:53.113767+00:00,1777109993.1137671,326,993,86.47,0.93,62.54,3.03,optimal,none,rising,stable,
2026-04-25T09:39:53.114128+00:00,1777109993.1141279,294,998,95.88,0.27,68.42,2.52,optimal,none,rising,stable,
2026-04-25T09:39:53.114604+00:00,1777109993.1146042,289,999,97.35,0.13,74.04,2.03,optimal,none,rising,stable,
2026-04-25T09:39:53.115044+00:00,1777109993.115044,286,999,98.24,0.13,79.34,1.58,wet,none,rising,stable,
2026-04-25T09:39:54.928771+00:00,1777109994.9287708,442,970,52.35,4.0,78.49,1.67,wet,none,rising,stable,
2026-04-25T09:39:55.868312+00:00,1777109995.868312,430,972,55.88,3.73,77.65,1.77,wet,none,falling,stable,
2026-04-25T09:39:55.869780+00:00,1777109995.86978,419,975,59.12,3.33,76.8,1.85,wet,none,falling,stable,
2026-04-25T09:39:55.870906+00:00,1777109995.8709056,407,978,62.65,2.93,75.99,1.93,wet,none,falling,rising,
2026-04-25T09:39:55.871461+00:00,1777109995.871461,396,980,65.88,2.67,73.42,2.15,optimal,none,falling,stable,
2026-04-25T09:39:55.871846+00:00,1777109995.8718464,385,983,69.12,2.27,70.07,2.4,optimal,none,falling,stable,
2026-04-25T09:39:55.872219+00:00,1777109995.8722188,326,993,86.47,0.93,68.71,2.5,optimal,none,rising,stable,
2026-04-25T09:39:55.872577+00:00,1777109995.872577,294,998,95.88,0.27,68.42,2.52,optimal,none,rising,stable,
2026-04-25T09:39:55.872986+00:00,1777109995.8729856,289,999,97.35,0.13,74.04,2.03,optimal,none,rising,stable,
2026-04-25T09:39:55.873432+00:00,1777109995.8734324,286,999,98.24,0.13,79.34,1.58,wet,none,rising,stable,
2026-04-25T09:39:56.631999+00:00,1777109996.631999,442,970,52.35,4.0,78.49,1.67,wet,none,rising,stable,
2026-04-25T09:39:58.021374+00:00,1777109998.0213737,430,972,55.88,3.73,77.65,1.77,wet,none,falling,stable,
2026-04-25T09:39:58.022303+00:00,1777109998.0223033,419,975,59.12,3.33,76.8,1.85,wet,none,falling,stable,
2026-04-25T09:39:58.022943+00:00,1777109998.0229428,407,978,62.65,2.93,75.99,1.93,wet,none,falling,rising,
2026-04-25T09:39:58.023535+00:00,1777109998.0235353,396,980,65.88,2.67,73.42,2.15,optimal,none,falling,stable,
2026-04-25T09:39:58.023999+00:00,1777109998.023999,385,983,69.12,2.27,70.07,2.4,optimal,none,falling,stable,
2026-04-25T09:39:58.024406+00:00,1777109998.0244057,326,993,86.47,0.93,68.71,2.5,optimal,none,rising,stable,
2026-04-25T09:39:58.024784+00:00,1777109998.0247843,294,998,95.88,0.27,68.42,2.52,optimal,none,rising,stable,
2026-04-25T09:39:58.025164+00:00,1777109998.0251641,289,999,97.35,0.13,74.04,2.03,optimal,none,rising,stable,
2026-04-25T09:39:58.025648+00:00,1777109998.0256484,286,999,98.24,0.13,79.34,1.58,wet,none,rising,stable,
2026-04-25T09:39:58.602189+00:00,1777109998.6021886,590,679,8.82,42.8,73.05,6.52,optimal,none,rising,rising,
2026-04-25T09:39:58.603468+00:00,1777109998.6034677,442,970,52.35,4.0,71.76,6.65,optimal,none,falling,rising,
2026-04-25T09:39:58.603996+00:00,1777109998.6039956,430,972,55.88,3.73,70.51,6.78,optimal,none,falling,rising,
2026-04-25T09:39:58.604409+00:00,1777109998.604409,419,975,59.12,3.33,69.26,6.92,optimal,none,falling,rising,
2026-04-25T09:39:58.604941+00:00,1777109998.604941,407,978,62.65,2.93,66.29,7.17,optimal,none,falling,falling,
2026-04-25T09:39:58.605346+00:00,1777109998.6053462,396,980,65.88,2.67,62.54,7.46,optimal,none,falling,falling,
2026-04-25T09:39:58.605720+00:00,1777109998.6057198,385,983,69.12,2.27,59.01,7.73,optimal,none,rising,falling,
2026-04-25T09:39:58.606116+00:00,1777109998.6061163,326,993,86.47,0.93,57.54,7.83,optimal,none,rising,falling,
2026-04-25T09:39:58.606555+00:00,1777109998.6065545,294,998,95.88,0.27,68.42,2.52,optimal,none,rising,stable,
2026-04-25T09:39:58.606975+00:00,1777109998.606975,289,999,97.35,0.13,74.04,2.03,optimal,none,rising,stable,
2026-04-25T09:40:00.270249+00:00,1777110000.2702491,442,970,52.35,4.0,73.6,2.07,optimal,none,rising,stable,
2026-04-25T09:40:00.391903+00:00,1777110000.3919034,430,972,55.88,3.73,73.2,2.12,optimal,none,rising,stable,
2026-04-25T09:40:00.395425+00:00,1777110000.3954248,419,975,59.12,3.33,72.76,2.17,optimal,none,falling,stable,
2026-04-25T09:40:00.396190+00:00,1777110000.3961904,407,978,62.65,2.93,72.35,2.2,optimal,none,falling,stable,
2026-04-25T09:40:00.396586+00:00,1777110000.3965864,396,980,65.88,2.67,71.95,2.25,optimal,none,falling,stable,
2026-04-25T09:40:00.396966+00:00,1777110000.3969665,385,983,69.12,2.27,69.78,2.42,optimal,none,falling,stable,
2026-04-25T09:40:00.397335+00:00,1777110000.3973346,326,993,86.47,0.93,68.6,2.5,optimal,none,rising,stable,
2026-04-25T09:40:00.397746+00:00,1777110000.3977463,294,998,95.88,0.27,68.42,2.52,optimal,none,rising,stable,
2026-04-25T09:40:00.398127+00:00,1777110000.3981273,289,999,97.35,0.13,74.04,2.03,optimal,none,rising,stable,
2026-04-25T09:40:00.398491+00:00,1777110000.398491,286,999,98.24,0.13,79.34,1.58,wet,none,rising,stable,
2026-04-25T09:40:08.138444+00:00,1777110008.1384437,575,688,13.24,41.6,73.6,6.37,optimal,none,rising,rising,
2026-04-25T09:40:08.249734+00:00,1777110008.2497344,567,693,15.59,40.93,67.72,11.12,optimal,none,falling,rising,
2026-04-25T09:40:08.251004+00:00,1777110008.2510035,558,698,18.24,40.27,61.77,15.82,optimal,light,falling,rising,
2026-04-25T09:40:08.251547+00:00,1777110008.2515473,442,970,52.35,4.0,59.67,16.03,optimal,light,falling,rising,
2026-04-25T09:40:09.214007+00:00,1777110009.2140071,430,972,55.88,3.73,55.85,16.38,optimal,light,falling,rising,
2026-04-25T09:40:09.215589+00:00,1777110009.2155886,419,975,59.12,3.33,51.25,16.77,optimal,light,falling,falling,
2026-04-25T09:40:09.216127+00:00,1777110009.2161267,407,978,62.65,2.93,46.91,17.12,optimal,light,rising,falling,
2026-04-25T09:40:09.216566+00:00,1777110009.2165658,396,980,65.88,2.67,42.87,17.43,low,light,rising,falling,
2026-04-25T09:40:09.216961+00:00,1777110009.2169614,385,983,69.12,2.27,49.85,12.52,optimal,none,rising,falling,
2026-04-25T09:40:09.217380+00:00,1777110009.2173798,326,993,86.47,0.93,58.71,7.52,optimal,none,rising,falling,
2026-04-25T09:40:09.217777+00:00,1777110009.2177775,294,998,95.88,0.27,68.42,2.52,optimal,none,rising,stable,
2026-04-25T09:40:09.218321+00:00,1777110009.2183213,289,999,97.35,0.13,74.04,2.03,optimal,none,rising,stable,
2026-04-25T09:40:09.218760+00:00,1777110009.2187598,286,999,98.24,0.13,79.34,1.58,wet,none,rising,stable,
2026-04-25T09:40:09.219309+00:00,1777110009.2193093,280,999,100.0,0.13,84.45,1.18,wet,none,rising,stable,
2026-04-25T09:40:11.010025+00:00,1777110011.0100248,430,972,55.88,3.73,83.6,1.28,wet,none,rising,stable,
2026-04-25T09:40:11.150760+00:00,1777110011.1507597,419,975,59.12,3.33,82.76,1.36,wet,none,falling,stable,
2026-04-25T09:40:11.152177+00:00,1777110011.1521773,407,978,62.65,2.93,81.95,1.45,wet,none,falling,stable,
2026-04-25T09:40:11.152927+00:00,1777110011.1529267,396,980,65.88,2.67,79.38,1.67,wet,none,falling,stable,
2026-04-25T09:40:11.153491+00:00,1777110011.1534905,385,983,69.12,2.27,76.03,1.92,wet,none,falling,stable,
2026-04-25T09:40:11.153963+00:00,1777110011.1539626,326,993,86.47,0.93,74.67,2.02,optimal,none,falling,stable,
2026-04-25T09:40:11.154431+00:00,1777110011.1544313,294,998,95.88,0.27,74.38,2.03,optimal,none,rising,stable,
2026-04-25T09:40:11.154816+00:00,1777110011.1548157,289,999,97.35,0.13,74.04,2.03,optimal,none,rising,stable,
2026-04-25T09:40:11.155194+00:00,1777110011.155194,286,999,98.24,0.13,79.34,1.58,wet,none,rising,stable,
2026-04-25T09:40:11.155560+00:00,1777110011.1555595,280,999,100.0,0.13,84.45,1.18,wet,none,rising,stable,
2026-04-25T09:40:18.577504+00:00,1777110018.577504,529,712,26.76,38.4,79.96,5.62,wet,none,stable,rising,
2026-04-25T09:40:18.633894+00:00,1777110018.6338944,518,718,30.0,37.6,75.48,9.98,wet,none,falling,rising,
2026-04-25T09:40:18.634747+00:00,1777110018.634747,507,723,33.24,36.93,70.99,14.31,optimal,none,falling,rising,
2026-04-25T09:40:18.635243+00:00,1777110018.6352432,496,728,36.47,36.27,64.74,18.73,optimal,light,falling,rising,
2026-04-25T09:40:18.635752+00:00,1777110018.6357522,430,972,55.88,3.73,59.74,19.16,optimal,light,falling,rising,
2026-04-25T09:40:18.636144+00:00,1777110018.6361444,419,975,59.12,3.33,54.96,19.57,optimal,light,falling,stable,
2026-04-25T09:40:18.636569+00:00,1777110018.636569,407,978,62.65,2.93,50.52,19.91,optimal,light,rising,falling,
2026-04-25T09:40:18.636937+00:00,1777110018.6369374,396,980,65.88,2.67,46.25,20.23,optimal,light,rising,falling,
2026-04-25T09:40:18.637302+00:00,1777110018.6373017,385,983,69.12,2.27,51.55,15.72,optimal,light,rising,falling,
2026-04-25T09:40:18.637700+00:00,1777110018.6376996,326,993,86.47,0.93,58.6,11.13,optimal,none,rising,falling,
2026-04-25T09:40:18.638240+00:00,1777110018.63824,294,998,95.88,0.27,66.43,6.55,optimal,none,rising,falling,
2026-04-25T09:40:18.638659+00:00,1777110018.6386595,289,999,97.35,0.13,74.04,2.03,optimal,none,rising,stable,
2026-04-25T09:40:18.639040+00:00,1777110018.63904,286,999,98.24,0.13,79.34,1.58,wet,none,rising,stable,
2026-04-25T09:40:18.639408+00:00,1777110018.639408,280,999,100.0,0.13,84.45,1.18,wet,none,rising,stable,
2026-04-25T09:40:18.639783+00:00,1777110018.639783,287,996,97.94,0.53,88.86,0.88,wet,none,rising,stable,TOO_WET
2026-04-25T09:40:20.119977+00:00,1777110020.119977,419,975,59.12,3.33,88.02,0.97,wet,none,stable,stable,TOO_WET
2026-04-25T09:40:20.220407+00:00,1777110020.2204068,407,978,62.65,2.93,87.21,1.05,wet,none,falling,stable,TOO_WET
2026-04-25T09:40:20.222088+00:00,1777110020.2220876,396,980,65.88,2.67,84.63,1.27,wet,none,falling,stable,
2026-04-25T09:40:20.222581+00:00,1777110020.2225814,385,983,69.12,2.27,81.29,1.52,wet,none,falling,stable,
2026-04-25T09:40:20.223112+00:00,1777110020.2231123,326,993,86.47,0.93,79.93,1.61,wet,none,falling,stable,
2026-04-25T09:40:20.223545+00:00,1777110020.2235448,294,998,95.88,0.27,79.63,1.63,wet,none,stable,stable,
2026-04-25T09:40:20.223924+00:00,1777110020.223924,289,999,97.35,0.13,79.3,1.63,wet,none,rising,stable,
2026-04-25T09:40:20.224290+00:00,1777110020.2242904,286,999,98.24,0.13,79.34,1.58,wet,none,rising,stable,
2026-04-25T09:40:20.224771+00:00,1777110020.2247705,280,999,100.0,0.13,84.45,1.18,wet,none,rising,stable,
2026-04-25T09:40:20.225212+00:00,1777110020.2252116,287,996,97.94,0.53,88.86,0.88,wet,none,rising,stable,TOO_WET
2026-04-25T09:40:20.225585+00:00,1777110020.225585,306,991,92.35,1.2,92.17,0.7,wet,none,rising,stable,TOO_WET
2026-04-25T09:40:21.642323+00:00,1777110021.6423228,407,978,62.65,2.93,91.36,0.78,wet,none,falling,stable,TOO_WET
2026-04-25T09:40:21.813185+00:00,1777110021.8131852,396,980,65.88,2.67,88.79,1.0,wet,none,falling,stable,TOO_WET
2026-04-25T09:40:21.814414+00:00,1777110021.814414,385,983,69.12,2.27,85.44,1.25,wet,none,falling,stable,TOO_WET
2026-04-25T09:40:21.814858+00:00,1777110021.8148582,326,993,86.47,0.93,84.08,1.35,wet,none,falling,stable,
2026-04-25T09:40:21.815244+00:00,1777110021.8152437,294,998,95.88,0.27,83.79,1.37,wet,none,falling,stable,
2026-04-25T09:40:21.815627+00:00,1777110021.8156269,289,999,97.35,0.13,83.45,1.37,wet,none,rising,stable,
2026-04-25T09:40:21.815994+00:00,1777110021.8159943,286,999,98.24,0.13,83.49,1.32,wet,none,rising,stable,
2026-04-25T09:40:21.816367+00:00,1777110021.8163667,280,999,100.0,0.13,84.45,1.18,wet,none,rising,stable,
2026-04-25T09:40:21.816736+00:00,1777110021.8167357,287,996,97.94,0.53,88.86,0.88,wet,none,rising,stable,TOO_WET
2026-04-25T09:40:21.817217+00:00,1777110021.8172169,306,991,92.35,1.2,92.17,0.7,wet,none,rising,stable,TOO_WET
2026-04-25T09:40:29.789968+00:00,1777110029.7899675,460,744,47.06,34.13,89.41,4.68,wet,none,falling,rising,TOO_WET
2026-04-25T09:40:29.862124+00:00,1777110029.8621242,449,749,50.29,33.47,84.89,8.75,wet,none,falling,rising,
2026-04-25T09:40:29.863536+00:00,1777110029.8635361,437,755,53.82,32.67,79.63,12.8,wet,none,falling,rising,
2026-04-25T09:40:29.864097+00:00,1777110029.8640969,407,978,62.65,2.93,75.29,13.15,wet,none,falling,rising,
2026-04-25T09:40:29.864549+00:00,1777110029.8645487,396,980,65.88,2.67,71.25,13.47,optimal,none,falling,rising,
2026-04-25T09:40:29.865098+00:00,1777110029.8650985,385,983,69.12,2.27,67.39,13.73,optimal,none,falling,falling,
2026-04-25T09:40:29.865657+00:00,1777110029.8656573,326,993,86.47,0.93,65.95,13.78,optimal,none,rising,falling,
2026-04-25T09:40:29.866193+00:00,1777110029.8661933,294,998,95.88,0.27,66.4,13.67,optimal,none,rising,falling,
2026-04-25T09:40:29.866616+00:00,1777110029.866616,289,999,97.35,0.13,72.68,9.42,optimal,none,rising,falling,
2026-04-25T09:40:29.867000+00:00,1777110029.867,286,999,98.24,0.13,78.68,5.25,wet,none,rising,falling,
2026-04-25T09:40:29.867387+00:00,1777110029.8673866,280,999,100.0,0.13,84.45,1.18,wet,none,rising,stable,
2026-04-25T09:40:29.867817+00:00,1777110029.8678172,287,996,97.94,0.53,88.86,0.88,wet,none,rising,stable,TOO_WET
2026-04-25T09:40:29.868219+00:00,1777110029.8682191,306,991,92.35,1.2,92.17,0.7,wet,none,rising,stable,TOO_WET
2026-04-25T09:40:29.868589+00:00,1777110029.8685887,313,990,90.29,1.33,94.81,0.58,wet,none,stable,stable,TOO_WET
2026-04-25T09:40:31.308100+00:00,1777110031.3080997,396,980,65.88,2.67,92.24,0.8,wet,none,falling,stable,TOO_WET
2026-04-25T09:40:31.504526+00:00,1777110031.504526,385,983,69.12,2.27,88.9,1.05,wet,none,falling,stable,TOO_WET
2026-04-25T09:40:31.505902+00:00,1777110031.505902,326,993,86.47,0.93,87.54,1.15,wet,none,falling,stable,TOO_WET
2026-04-25T09:40:31.506359+00:00,1777110031.5063589,294,998,95.88,0.27,87.24,1.17,wet,none,falling,stable,TOO_WET
2026-04-25T09:40:31.506752+00:00,1777110031.5067518,289,999,97.35,0.13,86.91,1.17,wet,none,stable,stable,TOO_WET
2026-04-25T09:40:31.507127+00:00,1777110031.5071268,286,999,98.24,0.13,86.95,1.12,wet,none,rising,stable,TOO_WET
2026-04-25T09:40:31.507502+00:00,1777110031.507502,280,999,100.0,0.13,87.9,0.98,wet,none,rising,stable,TOO_WET
2026-04-25T09:40:31.507998+00:00,1777110031.507998,287,996,97.94,0.53,88.86,0.88,wet,none,rising,stable,TOO_WET
2026-04-25T09:40:31.508419+00:00,1777110031.5084188,306,991,92.35,1.2,92.17,0.7,wet,none,rising,stable,TOO_WET
2026-04-25T09:40:31.508808+00:00,1777110031.5088081,313,990,90.29,1.33,94.81,0.58,wet,none,stable,stable,TOO_WET
2026-04-25T09:40:33.800499+00:00,1777110033.8004987,396,980,65.88,2.67,92.24,0.8,wet,none,falling,stable,TOO_WET
2026-04-25T09:40:34.318853+00:00,1777110034.3188527,385,983,69.12,2.27,88.9,1.05,wet,none,falling,stable,TOO_WET
2026-04-25T09:40:34.320171+00:00,1777110034.320171,326,993,86.47,0.93,87.54,1.15,wet,none,falling,stable,TOO_WET
2026-04-25T09:40:34.320673+00:00,1777110034.3206735,294,998,95.88,0.27,87.24,1.17,wet,none,falling,stable,TOO_WET
2026-04-25T09:40:34.321070+00:00,1777110034.3210697,289,999,97.35,0.13,86.91,1.17,wet,none,stable,stable,TOO_WET
2026-04-25T09:40:34.321457+00:00,1777110034.321457,286,999,98.24,0.13,86.95,1.12,wet,none,rising,stable,TOO_WET
2026-04-25T09:40:34.321824+00:00,1777110034.3218238,280,999,100.0,0.13,87.9,0.98,wet,none,rising,stable,TOO_WET
2026-04-25T09:40:34.322195+00:00,1777110034.322195,287,996,97.94,0.53,88.86,0.88,wet,none,rising,stable,TOO_WET
2026-04-25T09:40:34.322561+00:00,1777110034.3225613,306,991,92.35,1.2,92.17,0.7,wet,none,rising,stable,TOO_WET
2026-04-25T09:40:34.322922+00:00,1777110034.322922,313,990,90.29,1.33,94.81,0.58,wet,none,stable,stable,TOO_WET
2026-04-25T09:40:34.323287+00:00,1777110034.3232872,347,982,80.29,2.4,94.04,0.77,wet,none,falling,stable,TOO_WET
2026-04-25T09:40:35.333781+00:00,1777110035.3337808,385,983,69.12,2.27,90.7,1.01,wet,none,falling,stable,TOO_WET
2026-04-25T09:40:35.541731+00:00,1777110035.5417314,326,993,86.47,0.93,89.34,1.11,wet,none,falling,stable,TOO_WET
2026-04-25T09:40:35.542781+00:00,1777110035.5427809,294,998,95.88,0.27,89.04,1.13,wet,none,falling,stable,TOO_WET
2026-04-25T09:40:35.543237+00:00,1777110035.5432374,289,999,97.35,0.13,88.71,1.13,wet,none,falling,stable,TOO_WET
2026-04-25T09:40:35.543839+00:00,1777110035.5438395,286,999,98.24,0.13,88.75,1.08,wet,none,rising,stable,TOO_WET
2026-04-25T09:40:35.544469+00:00,1777110035.5444689,280,999,100.0,0.13,89.7,0.95,wet,none,rising,stable,TOO_WET
2026-04-25T09:40:35.544887+00:00,1777110035.5448866,287,996,97.94,0.53,90.66,0.85,wet,none,rising,stable,TOO_WET
2026-04-25T09:40:35.545281+00:00,1777110035.5452812,306,991,92.35,1.2,92.17,0.7,wet,none,rising,stable,TOO_WET
2026-04-25T09:40:35.545800+00:00,1777110035.5458,313,990,90.29,1.33,94.81,0.58,wet,none,stable,stable,TOO_WET
2026-04-25T09:40:35.546224+00:00,1777110035.546224,347,982,80.29,2.4,94.04,0.77,wet,none,falling,stable,TOO_WET
2026-04-25T09:40:38.052508+00:00,1777110038.0525084,385,983,69.12,2.27,90.7,1.01,wet,none,falling,stable,TOO_WET
2026-04-25T09:40:38.333841+00:00,1777110038.3338413,326,993,86.47,0.93,89.34,1.11,wet,none,falling,stable,TOO_WET
2026-04-25T09:40:38.335402+00:00,1777110038.3354018,294,998,95.88,0.27,89.04,1.13,wet,none,falling,stable,TOO_WET
2026-04-25T09:40:38.336113+00:00,1777110038.3361132,289,999,97.35,0.13,88.71,1.13,wet,none,falling,stable,TOO_WET
2026-04-25T09:40:38.336577+00:00,1777110038.3365767,286,999,98.24,0.13,88.75,1.08,wet,none,rising,stable,TOO_WET
2026-04-25T09:40:38.336969+00:00,1777110038.3369694,280,999,100.0,0.13,89.7,0.95,wet,none,rising,stable,TOO_WET
2026-04-25T09:40:38.337826+00:00,1777110038.3378263,287,996,97.94,0.53,90.66,0.85,wet,none,rising,stable,TOO_WET
2026-04-25T09:40:38.338263+00:00,1777110038.338263,306,991,92.35,1.2,92.17,0.7,wet,none,rising,stable,TOO_WET
2026-04-25T09:40:38.338642+00:00,1777110038.3386421,313,990,90.29,1.33,94.81,0.58,wet,none,stable,stable,TOO_WET
2026-04-25T09:40:38.339008+00:00,1777110038.3390079,347,982,80.29,2.4,94.04,0.77,wet,none,falling,stable,TOO_WET
2026-04-25T09:40:46.028684+00:00,1777110046.0286841,369,788,73.82,28.27,91.28,4.26,wet,none,falling,rising,TOO_WET
2026-04-25T09:40:46.347260+00:00,1777110046.3472605,358,793,77.06,27.6,88.75,7.7,wet,none,falling,rising,TOO_WET
2026-04-25T09:40:46.348183+00:00,1777110046.3481832,349,799,79.71,26.8,86.43,11.03,wet,none,falling,rising,TOO_WET
2026-04-25T09:40:46.348647+00:00,1777110046.3486474,385,983,69.12,2.27,82.57,11.3,wet,none,falling,rising,
2026-04-25T09:40:46.349135+00:00,1777110046.3491352,326,993,86.47,0.93,81.14,11.35,wet,none,falling,rising,
2026-04-25T09:40:46.349646+00:00,1777110046.3496459,294,998,95.88,0.27,81.58,11.23,wet,none,stable,falling,
2026-04-25T09:40:46.350045+00:00,1777110046.3500452,289,999,97.35,0.13,82.46,11.08,wet,none,rising,falling,
2026-04-25T09:40:46.350423+00:00,1777110046.3504229,286,999,98.24,0.13,84.71,10.8,wet,none,rising,falling,
2026-04-25T09:40:46.350825+00:00,1777110046.350825,280,999,100.0,0.13,87.98,7.28,wet,none,rising,falling,TOO_WET
2026-04-25T09:40:46.351194+00:00,1777110046.3511937,287,996,97.94,0.53,90.59,3.9,wet,none,rising,falling,TOO_WET
2026-04-25T09:40:46.351558+00:00,1777110046.351558,306,991,92.35,1.2,92.17,0.7,wet,none,rising,stable,TOO_WET
2026-04-25T09:40:46.352008+00:00,1777110046.3520076,313,990,90.29,1.33,94.81,0.58,wet,none,stable,stable,TOO_WET
2026-04-25T09:40:46.352406+00:00,1777110046.352406,347,982,80.29,2.4,94.04,0.77,wet,none,falling,stable,TOO_WET
2026-04-25T09:40:47.594760+00:00,1777110047.5947597,385,983,69.12,2.27,90.7,1.01,wet,none,falling,stable,TOO_WET
2026-04-25T09:40:48.016292+00:00,1777110048.0162919,326,993,86.47,0.93,89.34,1.11,wet,none,falling,stable,TOO_WET
2026-04-25T09:40:48.017935+00:00,1777110048.0179346,294,998,95.88,0.27,89.04,1.13,wet,none,falling,stable,TOO_WET
2026-04-25T09:40:48.019077+00:00,1777110048.0190766,289,999,97.35,0.13,88.71,1.13,wet,none,falling,stable,TOO_WET
2026-04-25T09:40:48.019500+00:00,1777110048.0194998,286,999,98.24,0.13,88.75,1.08,wet,none,rising,stable,TOO_WET
2026-04-25T09:40:48.019958+00:00,1777110048.0199578,280,999,100.0,0.13,89.7,0.95,wet,none,rising,stable,TOO_WET
2026-04-25T09:40:48.020390+00:00,1777110048.02039,287,996,97.94,0.53,90.66,0.85,wet,none,rising,stable,TOO_WET
2026-04-25T09:40:48.020775+00:00,1777110048.020775,306,991,92.35,1.2,92.17,0.7,wet,none,rising,stable,TOO_WET
2026-04-25T09:40:48.021265+00:00,1777110048.0212648,313,990,90.29,1.33,94.81,0.58,wet,none,stable,stable,TOO_WET
2026-04-25T09:40:48.021654+00:00,1777110048.0216541,347,982,80.29,2.4,94.04,0.77,wet,none,falling,stable,TOO_WET
2026-04-25T09:40:55.857462+00:00,1777110055.857462,322,816,87.65,24.53,93.01,3.8,wet,none,falling,rising,TOO_WET
2026-04-25T09:40:56.074450+00:00,1777110056.0744503,315,821,89.71,23.87,92.06,6.77,wet,none,falling,rising,TOO_WET
2026-04-25T09:40:56.075800+00:00,1777110056.0757997,308,827,91.76,23.07,91.25,9.63,wet,none,falling,rising,TOO_WET
2026-04-25T09:40:56.076345+00:00,1777110056.0763452,385,983,69.12,2.27,87.39,9.9,wet,none,falling,rising,TOO_WET
2026-04-25T09:40:56.076858+00:00,1777110056.076858,326,993,86.47,0.93,85.95,9.95,wet,none,falling,rising,TOO_WET
2026-04-25T09:40:56.077375+00:00,1777110056.0773754,294,998,95.88,0.27,86.4,9.83,wet,none,stable,falling,TOO_WET
2026-04-25T09:40:56.077766+00:00,1777110056.0777664,289,999,97.35,0.13,87.28,9.68,wet,none,stable,falling,TOO_WET
2026-04-25T09:40:56.078237+00:00,1777110056.0782368,286,999,98.24,0.13,89.52,9.4,wet,none,rising,falling,TOO_WET
2026-04-25T09:40:56.078619+00:00,1777110056.0786195,280,999,100.0,0.13,91.07,6.35,wet,none,rising,falling,TOO_WET
2026-04-25T09:40:56.078997+00:00,1777110056.078997,287,996,97.94,0.53,92.09,3.43,wet,none,rising,falling,TOO_WET
2026-04-25T09:40:56.079363+00:00,1777110056.079363,306,991,92.35,1.2,92.17,0.7,wet,none,rising,stable,TOO_WET
2026-04-25T09:40:56.079760+00:00,1777110056.0797603,313,990,90.29,1.33,94.81,0.58,wet,none,stable,stable,TOO_WET
2026-04-25T09:40:56.080258+00:00,1777110056.080258,347,982,80.29,2.4,94.04,0.77,wet,none,falling,stable,TOO_WET
2026-04-25T09:40:56.080664+00:00,1777110056.080664,356,979,77.65,2.8,91.76,1.08,wet,none,falling,stable,TOO_WET
2026-04-25T09:41:04.696012+00:00,1777110064.6960125,296,838,95.29,21.6,91.51,3.77,wet,none,falling,rising,TOO_WET
2026-04-25T09:41:04.745635+00:00,1777110064.745635,291,843,96.76,20.93,91.32,6.37,wet,none,falling,rising,TOO_WET
2026-04-25T09:41:04.746504+00:00,1777110064.7465043,287,849,97.94,20.13,91.06,8.87,wet,none,stable,rising,TOO_WET
2026-04-25T09:41:04.746991+00:00,1777110064.746991,284,854,98.82,19.47,91.17,11.23,wet,none,rising,rising,TOO_WET
2026-04-25T09:41:04.747437+00:00,1777110064.7474375,326,993,86.47,0.93,90.44,11.2,wet,none,rising,rising,TOO_WET
2026-04-25T09:41:04.747994+00:00,1777110064.7479942,294,998,95.88,0.27,91.14,11.07,wet,none,rising,stable,TOO_WET
2026-04-25T09:41:04.748449+00:00,1777110064.748449,289,999,97.35,0.13,93.27,10.78,wet,none,stable,falling,TOO_WET
2026-04-25T09:41:04.748826+00:00,1777110064.7488263,286,999,98.24,0.13,95.84,10.45,wet,none,stable,falling,TOO_WET
2026-04-25T09:41:04.749187+00:00,1777110064.7491875,280,999,100.0,0.13,96.43,7.76,wet,none,stable,falling,TOO_WET
2026-04-25T09:41:04.749598+00:00,1777110064.7495978,287,996,97.94,0.53,96.58,5.21,wet,none,rising,falling,TOO_WET
2026-04-25T09:41:04.750061+00:00,1777110064.7500613,306,991,92.35,1.2,95.88,2.85,wet,none,stable,falling,TOO_WET
2026-04-25T09:41:04.750454+00:00,1777110064.750454,313,990,90.29,1.33,94.81,0.58,wet,none,stable,stable,TOO_WET
2026-04-25T09:41:04.750838+00:00,1777110064.750838,347,982,80.29,2.4,94.04,0.77,wet,none,falling,stable,TOO_WET
2026-04-25T09:41:04.751240+00:00,1777110064.75124,356,979,77.65,2.8,91.76,1.08,wet,none,falling,stable,TOO_WET
2026-04-25T09:41:05.872815+00:00,1777110065.872815,326,993,86.47,0.93,90.4,1.18,wet,none,falling,stable,TOO_WET
2026-04-25T09:41:06.504832+00:00,1777110066.5048318,294,998,95.88,0.27,90.11,1.2,wet,none,falling,stable,TOO_WET
2026-04-25T09:41:06.506276+00:00,1777110066.5062757,289,999,97.35,0.13,89.78,1.2,wet,none,stable,stable,TOO_WET
2026-04-25T09:41:06.506730+00:00,1777110066.5067303,286,999,98.24,0.13,89.81,1.15,wet,none,rising,stable,TOO_WET
2026-04-25T09:41:06.507227+00:00,1777110066.5072274,280,999,100.0,0.13,90.77,1.01,wet,none,rising,stable,TOO_WET
2026-04-25T09:41:06.507904+00:00,1777110066.5079038,287,996,97.94,0.53,91.73,0.92,wet,none,rising,stable,TOO_WET
2026-04-25T09:41:06.508586+00:00,1777110066.508586,306,991,92.35,1.2,93.23,0.77,wet,none,rising,stable,TOO_WET
2026-04-25T09:41:06.508984+00:00,1777110066.5089836,313,990,90.29,1.33,94.81,0.58,wet,none,stable,stable,TOO_WET
2026-04-25T09:41:06.509387+00:00,1777110066.5093875,347,982,80.29,2.4,94.04,0.77,wet,none,falling,stable,TOO_WET
2026-04-25T09:41:06.510407+00:00,1777110066.5104074,356,979,77.65,2.8,91.76,1.08,wet,none,falling,stable,TOO_WET
2026-04-25T09:41:06.510949+00:00,1777110066.5109487,367,977,74.41,3.07,88.9,1.45,wet,none,falling,stable,TOO_WET
2026-04-25T09:41:07.594892+00:00,1777110067.594892,294,998,95.88,0.27,88.6,1.47,wet,none,falling,stable,TOO_WET
2026-04-25T09:41:07.729311+00:00,1777110067.7293112,289,999,97.35,0.13,88.27,1.47,wet,none,falling,stable,TOO_WET
2026-04-25T09:41:07.730403+00:00,1777110067.7304032,286,999,98.24,0.13,88.31,1.42,wet,none,rising,stable,TOO_WET
2026-04-25T09:41:07.730872+00:00,1777110067.7308724,280,999,100.0,0.13,89.26,1.28,wet,none,rising,stable,TOO_WET
2026-04-25T09:41:07.731894+00:00,1777110067.7318935,287,996,97.94,0.53,90.22,1.18,wet,none,rising,stable,TOO_WET
2026-04-25T09:41:07.732336+00:00,1777110067.7323363,306,991,92.35,1.2,91.73,1.03,wet,none,rising,stable,TOO_WET
2026-04-25T09:41:07.732715+00:00,1777110067.7327154,313,990,90.29,1.33,93.31,0.85,wet,none,rising,stable,TOO_WET
2026-04-25T09:41:07.733211+00:00,1777110067.7332108,347,982,80.29,2.4,94.04,0.77,wet,none,falling,stable,TOO_WET
2026-04-25T09:41:07.733659+00:00,1777110067.7336588,356,979,77.65,2.8,91.76,1.08,wet,none,falling,stable,TOO_WET
2026-04-25T09:41:07.734159+00:00,1777110067.7341588,367,977,74.41,3.07,88.9,1.45,wet,none,falling,stable,TOO_WET
2026-04-25T09:41:09.244292+00:00,1777110069.244292,294,998,95.88,0.27,88.6,1.47,wet,none,falling,stable,TOO_WET
2026-04-25T09:41:09.347364+00:00,1777110069.347364,289,999,97.35,0.13,88.27,1.47,wet,none,falling,stable,TOO_WET
2026-04-25T09:41:09.348285+00:00,1777110069.3482852,286,999,98.24,0.13,88.31,1.42,wet,none,rising,stable,TOO_WET
2026-04-25T09:41:09.348865+00:00,1777110069.3488646,280,999,100.0,0.13,89.26,1.28,wet,none,rising,stable,TOO_WET
2026-04-25T09:41:09.349319+00:00,1777110069.3493185,287,996,97.94,0.53,90.22,1.18,wet,none,rising,stable,TOO_WET
2026-04-25T09:41:09.349715+00:00,1777110069.3497155,306,991,92.35,1.2,91.73,1.03,wet,none,rising,stable,TOO_WET
2026-04-25T09:41:09.350123+00:00,1777110069.3501232,313,990,90.29,1.33,93.31,0.85,wet,none,rising,stable,TOO_WET
2026-04-25T09:41:09.350494+00:00,1777110069.3504941,347,982,80.29,2.4,94.04,0.77,wet,none,falling,stable,TOO_WET
2026-04-25T09:41:09.350856+00:00,1777110069.3508556,356,979,77.65,2.8,91.76,1.08,wet,none,falling,stable,TOO_WET
2026-04-25T09:41:09.351225+00:00,1777110069.351225,367,977,74.41,3.07,88.9,1.45,wet,none,falling,stable,TOO_WET
2026-04-25T09:41:10.897156+00:00,1777110070.897156,294,998,95.88,0.27,88.6,1.47,wet,none,falling,stable,TOO_WET
2026-04-25T09:41:11.426294+00:00,1777110071.4262936,289,999,97.35,0.13,88.27,1.47,wet,none,falling,stable,TOO_WET
2026-04-25T09:41:11.427334+00:00,1777110071.4273338,286,999,98.24,0.13,88.31,1.42,wet,none,rising,stable,TOO_WET
2026-04-25T09:41:11.427854+00:00,1777110071.4278536,280,999,100.0,0.13,89.26,1.28,wet,none,rising,stable,TOO_WET
2026-04-25T09:41:11.428384+00:00,1777110071.428384,287,996,97.94,0.53,90.22,1.18,wet,none,rising,stable,TOO_WET
2026-04-25T09:41:11.428775+00:00,1777110071.4287753,306,991,92.35,1.2,91.73,1.03,wet,none,rising,stable,TOO_WET
2026-04-25T09:41:11.429181+00:00,1777110071.4291809,313,990,90.29,1.33,93.31,0.85,wet,none,rising,stable,TOO_WET
2026-04-25T09:41:11.429556+00:00,1777110071.4295561,347,982,80.29,2.4,94.04,0.77,wet,none,falling,stable,TOO_WET
2026-04-25T09:41:11.429957+00:00,1777110071.4299574,356,979,77.65,2.8,91.76,1.08,wet,none,falling,stable,TOO_WET
2026-04-25T09:41:11.430380+00:00,1777110071.43038,367,977,74.41,3.07,88.9,1.45,wet,none,falling,stable,TOO_WET
2026-04-25T09:41:11.430805+00:00,1777110071.4308054,377,974,71.47,3.47,85.55,1.87,wet,none,falling,stable,TOO_WET
2026-04-25T09:41:17.880783+00:00,1777110077.880783,280,875,100.0,16.67,85.55,3.93,wet,none,falling,rising,TOO_WET
2026-04-25T09:41:17.998424+00:00,1777110077.9984243,281,881,99.71,15.87,85.77,5.85,wet,none,stable,rising,TOO_WET
2026-04-25T09:41:17.999974+00:00,1777110077.9999738,282,886,99.41,15.2,86.65,7.6,wet,none,rising,rising,TOO_WET
2026-04-25T09:41:18.000475+00:00,1777110078.0004754,289,999,97.35,0.13,87.54,7.45,wet,none,rising,rising,TOO_WET
2026-04-25T09:41:18.000946+00:00,1777110078.0009456,286,999,98.24,0.13,89.78,7.17,wet,none,rising,stable,TOO_WET
2026-04-25T09:41:18.001383+00:00,1777110078.001383,280,999,100.0,0.13,92.57,6.83,wet,none,rising,falling,TOO_WET
2026-04-25T09:41:18.001764+00:00,1777110078.001764,287,996,97.94,0.53,95.52,6.52,wet,none,rising,falling,TOO_WET
2026-04-25T09:41:18.002183+00:00,1777110078.0021827,306,991,92.35,1.2,98.12,6.23,wet,none,stable,falling,TOO_WET
2026-04-25T09:41:18.002568+00:00,1777110078.0025675,313,990,90.29,1.33,96.91,4.31,wet,none,falling,falling,TOO_WET
2026-04-25T09:41:18.002934+00:00,1777110078.0029337,347,982,80.29,2.4,94.48,2.63,wet,none,falling,stable,TOO_WET
2026-04-25T09:41:18.003303+00:00,1777110078.003303,356,979,77.65,2.8,91.76,1.08,wet,none,falling,stable,TOO_WET
2026-04-25T09:41:18.003660+00:00,1777110078.0036597,367,977,74.41,3.07,88.9,1.45,wet,none,falling,stable,TOO_WET
2026-04-25T09:41:18.004021+00:00,1777110078.0040207,377,974,71.47,3.47,85.55,1.87,wet,none,falling,stable,TOO_WET
2026-04-25T09:41:18.004377+00:00,1777110078.0043771,422,962,58.24,5.07,80.33,2.48,wet,none,falling,stable,
2026-04-25T09:41:19.478532+00:00,1777110079.4785318,286,999,98.24,0.13,80.37,2.43,wet,none,falling,stable,
2026-04-25T09:41:20.163595+00:00,1777110080.163595,280,999,100.0,0.13,81.32,2.3,wet,none,stable,stable,
2026-04-25T09:41:20.164663+00:00,1777110080.1646633,287,996,97.94,0.53,82.28,2.2,wet,none,rising,stable,
2026-04-25T09:41:20.165279+00:00,1777110080.165279,306,991,92.35,1.2,83.79,2.05,wet,none,rising,falling,
2026-04-25T09:41:20.165730+00:00,1777110080.1657305,313,990,90.29,1.33,85.37,1.87,wet,none,rising,stable,TOO_WET
2026-04-25T09:41:20.166238+00:00,1777110080.1662376,347,982,80.29,2.4,86.1,1.78,wet,none,rising,stable,TOO_WET
2026-04-25T09:41:20.166703+00:00,1777110080.166703,356,979,77.65,2.8,86.88,1.7,wet,none,falling,stable,TOO_WET
2026-04-25T09:41:20.167112+00:00,1777110080.167112,367,977,74.41,3.07,88.9,1.45,wet,none,falling,stable,TOO_WET
2026-04-25T09:41:20.167546+00:00,1777110080.167546,377,974,71.47,3.47,85.55,1.87,wet,none,falling,stable,TOO_WET
2026-04-25T09:41:20.167928+00:00,1777110080.1679285,422,962,58.24,5.07,80.33,2.48,wet,none,falling,stable,
2026-04-25T09:41:20.168356+00:00,1777110080.1683564,434,959,54.71,5.47,74.93,3.1,optimal,none,falling,stable,
2026-04-25T09:41:20.806301+00:00,1777110080.8063014,280,999,100.0,0.13,75.88,2.97,wet,none,falling,stable,
2026-04-25T09:41:20.893567+00:00,1777110080.8935666,287,996,97.94,0.53,76.84,2.87,wet,none,stable,stable,
2026-04-25T09:41:20.895186+00:00,1777110080.8951862,306,991,92.35,1.2,78.35,2.72,wet,none,rising,stable,
2026-04-25T09:41:20.895727+00:00,1777110080.8957267,313,990,90.29,1.33,79.93,2.53,wet,none,rising,falling,
2026-04-25T09:41:20.896149+00:00,1777110080.8961494,347,982,80.29,2.4,80.66,2.45,wet,none,rising,stable,
2026-04-25T09:41:20.896542+00:00,1777110080.8965423,356,979,77.65,2.8,81.43,2.37,wet,none,rising,stable,
2026-04-25T09:41:20.896922+00:00,1777110080.8969216,367,977,74.41,3.07,83.45,2.12,wet,none,falling,stable,
2026-04-25T09:41:20.897300+00:00,1777110080.8972995,377,974,71.47,3.47,85.55,1.87,wet,none,falling,stable,TOO_WET
2026-04-25T09:41:20.897667+00:00,1777110080.8976674,422,962,58.24,5.07,80.33,2.48,wet,none,falling,stable,
2026-04-25T09:41:20.898186+00:00,1777110080.8981864,434,959,54.71,5.47,74.93,3.1,optimal,none,falling,stable,
2026-04-25T09:41:22.033573+00:00,1777110082.0335734,280,999,100.0,0.13,75.88,2.97,wet,none,falling,stable,
2026-04-25T09:41:22.095140+00:00,1777110082.0951395,287,996,97.94,0.53,76.84,2.87,wet,none,stable,stable,
2026-04-25T09:41:22.096432+00:00,1777110082.0964317,306,991,92.35,1.2,78.35,2.72,wet,none,rising,stable,
2026-04-25T09:41:22.097038+00:00,1777110082.0970378,313,990,90.29,1.33,79.93,2.53,wet,none,rising,falling,
2026-04-25T09:41:22.097589+00:00,1777110082.0975895,347,982,80.29,2.4,80.66,2.45,wet,none,rising,stable,
2026-04-25T09:41:22.098021+00:00,1777110082.098021,356,979,77.65,2.8,81.43,2.37,wet,none,rising,stable,
2026-04-25T09:41:22.098411+00:00,1777110082.0984106,367,977,74.41,3.07,83.45,2.12,wet,none,falling,stable,
2026-04-25T09:41:22.098788+00:00,1777110082.0987878,377,974,71.47,3.47,85.55,1.87,wet,none,falling,stable,TOO_WET
2026-04-25T09:41:22.099180+00:00,1777110082.0991795,422,962,58.24,5.07,80.33,2.48,wet,none,falling,stable,
2026-04-25T09:41:22.099547+00:00,1777110082.0995474,434,959,54.71,5.47,74.93,3.1,optimal,none,falling,stable,
2026-04-25T09:41:23.607787+00:00,1777110083.6077867,280,999,100.0,0.13,75.88,2.97,wet,none,falling,stable,
2026-04-25T09:41:23.877332+00:00,1777110083.8773317,287,996,97.94,0.53,76.84,2.87,wet,none,stable,stable,
2026-04-25T09:41:23.878209+00:00,1777110083.878209,306,991,92.35,1.2,78.35,2.72,wet,none,rising,stable,
2026-04-25T09:41:23.878633+00:00,1777110083.8786325,313,990,90.29,1.33,79.93,2.53,wet,none,rising,falling,
2026-04-25T09:41:23.879046+00:00,1777110083.879046,347,982,80.29,2.4,80.66,2.45,wet,none,rising,stable,
2026-04-25T09:41:23.879415+00:00,1777110083.8794148,356,979,77.65,2.8,81.43,2.37,wet,none,rising,stable,
2026-04-25T09:41:23.879776+00:00,1777110083.879776,367,977,74.41,3.07,83.45,2.12,wet,none,falling,stable,
2026-04-25T09:41:23.880133+00:00,1777110083.8801327,377,974,71.47,3.47,85.55,1.87,wet,none,falling,stable,TOO_WET
2026-04-25T09:41:23.880512+00:00,1777110083.8805115,422,962,58.24,5.07,80.33,2.48,wet,none,falling,stable,
2026-04-25T09:41:23.880869+00:00,1777110083.880869,434,959,54.71,5.47,74.93,3.1,optimal,none,falling,stable,
2026-04-25T09:41:23.881226+00:00,1777110083.8812256,482,944,40.59,7.47,68.46,3.88,optimal,none,falling,stable,
2026-04-25T09:41:25.241293+00:00,1777110085.2412927,287,996,97.94,0.53,69.41,3.79,optimal,none,falling,stable,
2026-04-25T09:41:25.443862+00:00,1777110085.4438617,306,991,92.35,1.2,70.92,3.63,optimal,none,stable,stable,
2026-04-25T09:41:25.444829+00:00,1777110085.4448287,313,990,90.29,1.33,72.5,3.45,optimal,none,rising,stable,
2026-04-25T09:41:25.445567+00:00,1777110085.4455674,347,982,80.29,2.4,73.23,3.37,optimal,none,rising,falling,
2026-04-25T09:41:25.446186+00:00,1777110085.4461856,356,979,77.65,2.8,74.01,3.28,optimal,none,rising,stable,
2026-04-25T09:41:25.446657+00:00,1777110085.446657,367,977,74.41,3.07,76.03,3.03,wet,none,rising,stable,
2026-04-25T09:41:25.447062+00:00,1777110085.447062,377,974,71.47,3.47,78.12,2.78,wet,none,falling,stable,
2026-04-25T09:41:25.447495+00:00,1777110085.4474952,422,962,58.24,5.07,80.33,2.48,wet,none,falling,stable,
2026-04-25T09:41:25.447865+00:00,1777110085.4478655,434,959,54.71,5.47,74.93,3.1,optimal,none,falling,stable,
2026-04-25T09:41:25.448712+00:00,1777110085.4487116,482,944,40.59,7.47,68.46,3.88,optimal,none,falling,stable,
2026-04-25T09:41:25.449203+00:00,1777110085.4492028,493,940,37.35,8.0,61.84,4.72,optimal,none,falling,rising,
2026-04-25T09:41:26.681086+00:00,1777110086.681086,303,910,93.24,12.0,63.46,5.92,optimal,none,falling,rising,
2026-04-25T09:41:26.790633+00:00,1777110086.7906332,306,991,92.35,1.2,65.3,5.72,optimal,none,stable,stable,
2026-04-25T09:41:26.791686+00:00,1777110086.791686,313,990,90.29,1.33,67.28,5.5,optimal,none,rising,stable,
2026-04-25T09:41:26.792621+00:00,1777110086.7926214,347,982,80.29,2.4,68.38,5.37,optimal,none,rising,stable,
2026-04-25T09:41:26.793159+00:00,1777110086.7931592,356,979,77.65,2.8,70.81,5.08,optimal,none,rising,falling,
2026-04-25T09:41:26.793550+00:00,1777110086.7935505,367,977,74.41,3.07,73.27,4.78,optimal,none,rising,falling,
2026-04-25T09:41:26.793926+00:00,1777110086.793926,377,974,71.47,3.47,77.13,4.28,wet,none,stable,stable,
2026-04-25T09:41:26.794301+00:00,1777110086.794301,422,962,58.24,5.07,79.74,3.92,wet,none,falling,stable,
2026-04-25T09:41:26.794718+00:00,1777110086.7947183,434,959,54.71,5.47,74.93,3.1,optimal,none,falling,stable,
2026-04-25T09:41:26.795185+00:00,1777110086.795185,482,944,40.59,7.47,68.46,3.88,optimal,none,falling,stable,
2026-04-25T09:41:28.204334+00:00,1777110088.2043345,306,991,92.35,1.2,68.71,3.87,optimal,none,falling,stable,
2026-04-25T09:41:28.563879+00:00,1777110088.5638795,313,990,90.29,1.33,69.96,3.73,optimal,none,stable,stable,
2026-04-25T09:41:28.564790+00:00,1777110088.5647898,347,982,80.29,2.4,70.29,3.69,optimal,none,rising,stable,
2026-04-25T09:41:28.565281+00:00,1777110088.5652807,356,979,77.65,2.8,70.7,3.65,optimal,none,rising,falling,
2026-04-25T09:41:28.565722+00:00,1777110088.5657218,367,977,74.41,3.07,71.07,3.6,optimal,none,rising,stable,
2026-04-25T09:41:28.566200+00:00,1777110088.5661998,377,974,71.47,3.47,72.72,3.4,optimal,none,rising,stable,
2026-04-25T09:41:28.566676+00:00,1777110088.5666761,422,962,58.24,5.07,73.16,3.35,optimal,none,falling,stable,
2026-04-25T09:41:28.567055+00:00,1777110088.567055,434,959,54.71,5.47,74.93,3.1,optimal,none,falling,stable,
2026-04-25T09:41:28.567417+00:00,1777110088.5674174,482,944,40.59,7.47,68.46,3.88,optimal,none,falling,stable,
2026-04-25T09:41:28.568062+00:00,1777110088.5680616,493,940,37.35,8.0,61.84,4.72,optimal,none,falling,rising,
2026-04-25T09:41:28.568465+00:00,1777110088.5684652,505,936,33.82,8.53,56.03,5.48,optimal,none,falling,rising,
2026-04-25T09:41:29.439065+00:00,1777110089.4390645,313,990,90.29,1.33,57.61,5.3,optimal,none,falling,stable,
2026-04-25T09:41:29.983990+00:00,1777110089.98399,347,982,80.29,2.4,58.34,5.22,optimal,none,rising,stable,
2026-04-25T09:41:29.985478+00:00,1777110089.9854777,356,979,77.65,2.8,59.12,5.13,optimal,none,rising,stable,
2026-04-25T09:41:29.985935+00:00,1777110089.9859354,367,977,74.41,3.07,61.14,4.88,optimal,none,rising,falling,
2026-04-25T09:41:29.986354+00:00,1777110089.986354,377,974,71.47,3.47,63.23,4.63,optimal,none,rising,falling,
2026-04-25T09:41:29.986752+00:00,1777110089.9867523,422,962,58.24,5.07,65.44,4.33,optimal,none,rising,stable,
2026-04-25T09:41:29.987121+00:00,1777110089.9871206,434,959,54.71,5.47,67.61,4.02,optimal,none,falling,stable,
2026-04-25T09:41:29.987485+00:00,1777110089.9874852,482,944,40.59,7.47,68.46,3.88,optimal,none,falling,stable,
2026-04-25T09:41:29.988016+00:00,1777110089.9880164,493,940,37.35,8.0,61.84,4.72,optimal,none,falling,rising,
2026-04-25T09:41:29.988438+00:00,1777110089.9884381,505,936,33.82,8.53,56.03,5.48,optimal,none,falling,rising,
2026-04-25T09:41:29.988814+00:00,1777110089.988814,516,932,30.59,9.07,50.15,6.27,optimal,none,falling,rising,
2026-04-25T09:41:30.944128+00:00,1777110090.9441283,347,982,80.29,2.4,50.88,6.18,optimal,none,falling,stable,
2026-04-25T09:41:31.181679+00:00,1777110091.181679,356,979,77.65,2.8,51.66,6.1,optimal,none,rising,stable,
2026-04-25T09:41:31.182597+00:00,1777110091.1825967,367,977,74.41,3.07,53.68,5.85,optimal,none,rising,falling,
2026-04-25T09:41:31.183195+00:00,1777110091.1831954,377,974,71.47,3.47,55.77,5.6,optimal,none,rising,falling,
2026-04-25T09:41:31.183755+00:00,1777110091.1837547,422,962,58.24,5.07,57.98,5.3,optimal,none,rising,falling,
2026-04-25T09:41:31.184196+00:00,1777110091.1841955,434,959,54.71,5.47,60.15,4.99,optimal,none,rising,stable,
2026-04-25T09:41:31.184587+00:00,1777110091.1845872,482,944,40.59,7.47,60.99,4.85,optimal,none,falling,stable,
2026-04-25T09:41:31.184949+00:00,1777110091.1849487,493,940,37.35,8.0,61.84,4.72,optimal,none,falling,rising,
2026-04-25T09:41:31.185318+00:00,1777110091.185318,505,936,33.82,8.53,56.03,5.48,optimal,none,falling,rising,
2026-04-25T09:41:31.185732+00:00,1777110091.185732,516,932,30.59,9.07,50.15,6.27,optimal,none,falling,rising,
2026-04-25T09:41:31.186139+00:00,1777110091.1861389,601,886,5.59,15.2,41.55,7.79,low,none,falling,rising,
2026-04-25T09:41:34.367814+00:00,1777110094.3678138,333,928,84.41,9.6,43.16,8.55,low,none,falling,rising,
2026-04-25T09:41:34.465827+00:00,1777110094.4658275,356,979,77.65,2.8,45.59,8.27,optimal,none,rising,stable,
2026-04-25T09:41:34.467088+00:00,1777110094.4670875,367,977,74.41,3.07,48.05,7.97,optimal,none,rising,stable,
2026-04-25T09:41:34.467542+00:00,1777110094.4675422,377,974,71.47,3.47,51.91,7.47,optimal,none,rising,falling,
2026-04-25T09:41:34.467960+00:00,1777110094.4679596,422,962,58.24,5.07,54.52,7.1,optimal,none,rising,falling,
2026-04-25T09:41:34.468609+00:00,1777110094.468609,434,959,54.71,5.47,57.13,6.72,optimal,none,rising,falling,
2026-04-25T09:41:34.468977+00:00,1777110094.4689772,482,944,40.59,7.47,58.38,6.52,optimal,none,falling,stable,
2026-04-25T09:41:34.469343+00:00,1777110094.4693434,493,940,37.35,8.0,62.35,5.62,optimal,none,falling,stable,
2026-04-25T09:41:34.469710+00:00,1777110094.46971,505,936,33.82,8.53,56.03,5.48,optimal,none,falling,rising,
2026-04-25T09:41:34.470110+00:00,1777110094.4701104,516,932,30.59,9.07,50.15,6.27,optimal,none,falling,rising,
2026-04-25T09:41:40.320045+00:00,1777110100.3200445,342,932,81.76,9.07,51.07,7.02,optimal,none,falling,rising,
2026-04-25T09:41:40.493854+00:00,1777110100.4938543,351,936,79.12,8.53,52.02,7.65,optimal,none,rising,stable,
2026-04-25T09:41:40.495114+00:00,1777110100.4951136,361,940,76.18,8.0,54.27,8.02,optimal,none,rising,stable,
2026-04-25T09:41:40.495779+00:00,1777110100.4957788,356,979,77.65,2.8,57.13,7.68,optimal,none,rising,stable,
2026-04-25T09:41:40.496307+00:00,1777110100.4963071,367,977,74.41,3.07,61.36,7.13,optimal,none,rising,falling,
2026-04-25T09:41:40.496768+00:00,1777110100.496768,377,974,71.47,3.47,65.62,6.57,optimal,none,rising,falling,
2026-04-25T09:41:40.497195+00:00,1777110100.4971945,422,962,58.24,5.07,68.68,6.13,optimal,none,rising,falling,
2026-04-25T09:41:40.497623+00:00,1777110100.4976232,434,959,54.71,5.47,71.69,5.68,optimal,none,falling,stable,
2026-04-25T09:41:40.498166+00:00,1777110100.498166,482,944,40.59,7.47,66.55,5.48,optimal,none,falling,stable,
2026-04-25T09:41:40.498549+00:00,1777110100.4985487,493,940,37.35,8.0,61.33,5.42,optimal,none,falling,stable,
2026-04-25T09:41:40.498935+00:00,1777110100.4989347,505,936,33.82,8.53,56.03,5.48,optimal,none,falling,rising,
2026-04-25T09:41:40.499300+00:00,1777110100.4992998,516,932,30.59,9.07,50.15,6.27,optimal,none,falling,rising,
2026-04-25T09:41:40.499686+00:00,1777110100.4996865,601,886,5.59,15.2,41.55,7.79,low,none,falling,rising,
2026-04-25T09:41:48.981399+00:00,1777110108.9813993,372,944,72.94,7.47,41.73,8.29,low,none,falling,rising,
2026-04-25T09:41:49.490222+00:00,1777110109.4902217,382,948,70.0,6.93,43.2,8.52,low,none,rising,stable,
2026-04-25T09:41:49.491164+00:00,1777110109.491164,393,952,66.76,6.4,44.7,8.63,low,none,rising,stable,
2026-04-25T09:41:49.491716+00:00,1777110109.4917157,405,955,63.24,6.0,47.54,8.45,optimal,none,rising,falling,
2026-04-25T09:41:49.492130+00:00,1777110109.4921303,356,979,77.65,2.8,52.57,7.8,optimal,none,rising,falling,
2026-04-25T09:41:49.492571+00:00,1777110109.4925714,367,977,74.41,3.07,57.65,7.12,optimal,none,rising,falling,
2026-04-25T09:41:49.492954+00:00,1777110109.4929535,377,974,71.47,3.47,62.76,6.42,optimal,none,rising,falling,
2026-04-25T09:41:49.493329+00:00,1777110109.493329,422,962,58.24,5.07,69.34,5.15,optimal,none,stable,falling,
2026-04-25T09:41:49.493699+00:00,1777110109.4936986,434,959,54.71,5.47,67.06,4.9,optimal,none,falling,stable,
2026-04-25T09:41:49.494123+00:00,1777110109.4941232,482,944,40.59,7.47,63.38,4.97,optimal,none,falling,stable,
2026-04-25T09:41:49.494609+00:00,1777110109.4946086,493,940,37.35,8.0,59.71,5.17,optimal,none,falling,stable,
2026-04-25T09:41:49.495054+00:00,1777110109.4950545,505,936,33.82,8.53,56.03,5.48,optimal,none,falling,rising,
2026-04-25T09:41:49.495549+00:00,1777110109.495549,516,932,30.59,9.07,50.15,6.27,optimal,none,falling,rising,
2026-04-25T09:41:49.495947+00:00,1777110109.4959466,601,886,5.59,15.2,41.55,7.79,low,none,falling,rising,
2026-04-25T09:41:50.630323+00:00,1777110110.6303232,416,959,60.0,5.47,40.11,8.04,low,none,falling,rising,
2026-04-25T09:41:51.128695+00:00,1777110111.1286955,356,979,77.65,2.8,42.54,7.75,low,none,stable,stable,
2026-04-25T09:41:51.129680+00:00,1777110111.1296797,367,977,74.41,3.07,45.0,7.45,optimal,none,rising,stable,
2026-04-25T09:41:51.130275+00:00,1777110111.1302748,377,974,71.47,3.47,48.86,6.95,optimal,none,rising,falling,
2026-04-25T09:41:51.130711+00:00,1777110111.1307106,422,962,58.24,5.07,51.47,6.58,optimal,none,rising,falling,
2026-04-25T09:41:51.131072+00:00,1777110111.1310723,434,959,54.71,5.47,54.08,6.2,optimal,none,rising,falling,
2026-04-25T09:41:51.131423+00:00,1777110111.1314235,482,944,40.59,7.47,55.33,6.0,optimal,none,stable,stable,
2026-04-25T09:41:51.131771+00:00,1777110111.1317713,493,940,37.35,8.0,59.3,5.1,optimal,none,falling,stable,
2026-04-25T09:41:51.132210+00:00,1777110111.1322105,505,936,33.82,8.53,56.03,5.48,optimal,none,falling,rising,
2026-04-25T09:41:51.132653+00:00,1777110111.1326525,516,932,30.59,9.07,50.15,6.27,optimal,none,falling,rising,
2026-04-25T09:41:52.028611+00:00,1777110112.0286107,356,979,77.65,2.8,50.55,6.24,optimal,none,falling,stable,
2026-04-25T09:41:52.280583+00:00,1777110112.2805834,367,977,74.41,3.07,50.92,6.18,optimal,none,rising,stable,
2026-04-25T09:41:52.281574+00:00,1777110112.2815742,377,974,71.47,3.47,52.57,5.98,optimal,none,rising,stable,
2026-04-25T09:41:52.282118+00:00,1777110112.2821178,422,962,58.24,5.07,53.02,5.93,optimal,none,rising,falling,
2026-04-25T09:41:52.282564+00:00,1777110112.2825642,434,959,54.71,5.47,54.78,5.68,optimal,none,rising,stable,
2026-04-25T09:41:52.282956+00:00,1777110112.2829564,482,944,40.59,7.47,55.19,5.62,optimal,none,stable,stable,
2026-04-25T09:41:52.283325+00:00,1777110112.2833254,493,940,37.35,8.0,55.63,5.55,optimal,none,falling,stable,
2026-04-25T09:41:52.283804+00:00,1777110112.283804,505,936,33.82,8.53,56.03,5.48,optimal,none,falling,rising,
2026-04-25T09:41:52.284173+00:00,1777110112.284173,516,932,30.59,9.07,50.15,6.27,optimal,none,falling,rising,
2026-04-25T09:41:52.284539+00:00,1777110112.2845395,601,886,5.59,15.2,41.55,7.79,low,none,falling,rising,
2026-04-25T09:41:52.284898+00:00,1777110112.284898,606,880,4.12,16.0,33.13,9.35,low,none,falling,rising,
2026-04-25T09:41:59.671214+00:00,1777110119.671214,440,965,52.94,4.67,32.46,9.3,low,none,falling,rising,
2026-04-25T09:41:59.878631+00:00,1777110119.878631,452,968,49.41,4.27,31.8,9.15,low,none,falling,stable,
2026-04-25T09:41:59.879626+00:00,1777110119.8796263,464,971,45.88,3.87,32.46,8.7,low,none,rising,stable,
2026-04-25T09:41:59.880116+00:00,1777110119.8801162,367,977,74.41,3.07,37.09,8.08,low,none,rising,falling,
2026-04-25T09:41:59.880594+00:00,1777110119.8805943,377,974,71.47,3.47,41.8,7.45,low,none,rising,falling,
2026-04-25T09:41:59.881073+00:00,1777110119.881073,422,962,58.24,5.07,45.26,6.95,optimal,none,rising,falling,
2026-04-25T09:41:59.881727+00:00,1777110119.8817275,434,959,54.71,5.47,51.4,5.74,optimal,none,rising,stable,
2026-04-25T09:41:59.882351+00:00,1777110119.8823514,482,944,40.59,7.47,55.96,4.67,optimal,none,stable,stable,
2026-04-25T09:41:59.882801+00:00,1777110119.882801,493,940,37.35,8.0,54.01,5.09,optimal,none,falling,stable,
2026-04-25T09:41:59.883341+00:00,1777110119.8833413,505,936,33.82,8.53,52.06,5.62,optimal,none,falling,rising,
2026-04-25T09:41:59.883762+00:00,1777110119.8837621,516,932,30.59,9.07,50.15,6.27,optimal,none,falling,rising,
2026-04-25T09:41:59.884156+00:00,1777110119.8841565,601,886,5.59,15.2,41.55,7.79,low,none,falling,rising,
2026-04-25T09:41:59.884560+00:00,1777110119.8845599,606,880,4.12,16.0,33.13,9.35,low,none,falling,rising,
2026-04-25T09:42:01.405824+00:00,1777110121.4058242,367,977,74.41,3.07,35.15,9.1,low,none,falling,rising,
2026-04-25T09:42:01.716392+00:00,1777110121.716392,377,974,71.47,3.47,37.24,8.85,low,none,rising,stable,
2026-04-25T09:42:01.717490+00:00,1777110121.71749,422,962,58.24,5.07,39.45,8.55,low,none,rising,falling,
2026-04-25T09:42:01.718517+00:00,1777110121.7185173,434,959,54.71,5.47,41.62,8.23,low,none,rising,falling,
2026-04-25T09:42:01.719003+00:00,1777110121.719003,482,944,40.59,7.47,42.47,8.1,low,none,rising,falling,
2026-04-25T09:42:01.719413+00:00,1777110121.719413,493,940,37.35,8.0,43.31,7.97,low,none,rising,stable,
2026-04-25T09:42:01.719966+00:00,1777110121.7199662,505,936,33.82,8.53,46.84,7.13,optimal,none,falling,stable,
2026-04-25T09:42:01.720616+00:00,1777110121.720616,516,932,30.59,9.07,50.15,6.27,optimal,none,falling,rising,
2026-04-25T09:42:01.721143+00:00,1777110121.7211435,601,886,5.59,15.2,41.55,7.79,low,none,falling,rising,
2026-04-25T09:42:01.721656+00:00,1777110121.7216556,606,880,4.12,16.0,33.13,9.35,low,none,falling,rising,
2026-04-25T09:42:02.815290+00:00,1777110122.81529,367,977,74.41,3.07,35.15,9.1,low,none,falling,rising,
2026-04-25T09:42:03.328311+00:00,1777110123.3283112,377,974,71.47,3.47,37.24,8.85,low,none,rising,stable,
2026-04-25T09:42:03.329764+00:00,1777110123.3297637,422,962,58.24,5.07,39.45,8.55,low,none,rising,falling,
2026-04-25T09:42:03.330487+00:00,1777110123.330487,434,959,54.71,5.47,41.62,8.23,low,none,rising,falling,
2026-04-25T09:42:03.330994+00:00,1777110123.3309937,482,944,40.59,7.47,42.47,8.1,low,none,rising,falling,
2026-04-25T09:42:03.331428+00:00,1777110123.331428,493,940,37.35,8.0,43.31,7.97,low,none,rising,stable,
2026-04-25T09:42:03.331872+00:00,1777110123.3318722,505,936,33.82,8.53,46.84,7.13,optimal,none,falling,stable,
2026-04-25T09:42:03.332243+00:00,1777110123.3322434,516,932,30.59,9.07,50.15,6.27,optimal,none,falling,rising,
2026-04-25T09:42:03.332610+00:00,1777110123.33261,601,886,5.59,15.2,41.55,7.79,low,none,falling,rising,
2026-04-25T09:42:03.333015+00:00,1777110123.3330152,606,880,4.12,16.0,33.13,9.35,low,none,falling,rising,
2026-04-25T09:42:03.333384+00:00,1777110123.3333843,610,875,2.94,16.67,26.21,10.8,low,none,falling,rising,
2026-04-25T09:42:04.482877+00:00,1777110124.482877,499,979,35.59,2.8,23.82,10.47,dry,none,falling,rising,TOO_DRY
2026-04-25T09:42:04.682881+00:00,1777110124.6828814,377,974,71.47,3.47,27.68,9.97,low,none,stable,stable,
2026-04-25T09:42:04.684305+00:00,1777110124.6843054,422,962,58.24,5.07,30.3,9.6,low,none,rising,falling,
2026-04-25T09:42:04.685334+00:00,1777110124.6853344,434,959,54.71,5.47,32.91,9.22,low,none,rising,falling,
2026-04-25T09:42:04.685834+00:00,1777110124.685834,482,944,40.59,7.47,34.16,9.02,low,none,rising,falling,
2026-04-25T09:42:04.686233+00:00,1777110124.6862333,493,940,37.35,8.0,38.13,8.12,low,none,rising,falling,
2026-04-25T09:42:04.686715+00:00,1777110124.686715,505,936,33.82,8.53,41.84,7.19,low,none,stable,stable,
2026-04-25T09:42:04.687266+00:00,1777110124.687266,516,932,30.59,9.07,45.3,6.24,optimal,none,falling,rising,
2026-04-25T09:42:04.687815+00:00,1777110124.6878147,601,886,5.59,15.2,41.55,7.79,low,none,falling,rising,
2026-04-25T09:42:04.688376+00:00,1777110124.6883764,606,880,4.12,16.0,33.13,9.35,low,none,falling,rising,
2026-04-25T09:42:05.901663+00:00,1777110125.901663,377,974,71.47,3.47,34.78,9.15,low,none,falling,rising,
2026-04-25T09:42:06.099568+00:00,1777110126.0995681,422,962,58.24,5.07,35.22,9.1,low,none,stable,stable,
2026-04-25T09:42:06.100884+00:00,1777110126.1008844,434,959,54.71,5.47,36.99,8.85,low,none,rising,stable,
2026-04-25T09:42:06.101384+00:00,1777110126.1013842,482,944,40.59,7.47,37.39,8.79,low,none,rising,falling,
2026-04-25T09:42:06.102571+00:00,1777110126.1025712,493,940,37.35,8.0,37.83,8.72,low,none,rising,falling,
2026-04-25T09:42:06.103194+00:00,1777110126.1031938,505,936,33.82,8.53,38.24,8.65,low,none,rising,stable,
2026-04-25T09:42:06.103743+00:00,1777110126.1037428,516,932,30.59,9.07,41.36,7.88,low,none,falling,stable,
2026-04-25T09:42:06.104342+00:00,1777110126.1043422,601,886,5.59,15.2,41.55,7.79,low,none,falling,rising,
2026-04-25T09:42:06.104835+00:00,1777110126.1048348,606,880,4.12,16.0,33.13,9.35,low,none,falling,rising,
2026-04-25T09:42:06.105424+00:00,1777110126.1054244,610,875,2.94,16.67,26.21,10.8,low,none,falling,rising,
2026-04-25T09:42:06.105874+00:00,1777110126.1058738,614,870,1.76,17.33,19.59,12.28,dry,none,falling,rising,TOO_DRY
2026-04-25T09:42:07.248755+00:00,1777110127.2487547,422,962,58.24,5.07,21.8,11.98,dry,none,falling,rising,TOO_DRY
2026-04-25T09:42:07.328215+00:00,1777110127.328215,434,959,54.71,5.47,23.97,11.67,dry,none,rising,stable,TOO_DRY
2026-04-25T09:42:07.329306+00:00,1777110127.329306,482,944,40.59,7.47,24.82,11.54,dry,none,rising,falling,TOO_DRY
2026-04-25T09:42:07.329806+00:00,1777110127.3298059,493,940,37.35,8.0,25.66,11.4,low,none,rising,falling,
2026-04-25T09:42:07.330234+00:00,1777110127.3302338,505,936,33.82,8.53,29.19,10.57,low,none,rising,falling,
2026-04-25T09:42:07.330621+00:00,1777110127.3306212,516,932,30.59,9.07,32.5,9.7,low,none,rising,stable,
2026-04-25T09:42:07.330995+00:00,1777110127.3309948,601,886,5.59,15.2,32.83,9.52,low,none,falling,stable,
2026-04-25T09:42:07.331465+00:00,1777110127.331465,606,880,4.12,16.0,33.13,9.35,low,none,falling,rising,
2026-04-25T09:42:07.331909+00:00,1777110127.3319087,610,875,2.94,16.67,26.21,10.8,low,none,falling,rising,
2026-04-25T09:42:07.332441+00:00,1777110127.3324409,614,870,1.76,17.33,19.59,12.28,dry,none,falling,rising,TOO_DRY
2026-04-25T09:42:07.332874+00:00,1777110127.3328738,619,849,0.29,20.13,14.56,13.87,dry,none,falling,rising,TOO_DRY
2026-04-25T09:42:08.817452+00:00,1777110128.8174522,434,959,54.71,5.47,16.73,13.55,dry,none,falling,stable,TOO_DRY
2026-04-25T09:42:08.934784+00:00,1777110128.934784,482,944,40.59,7.47,17.57,13.42,dry,none,rising,stable,TOO_DRY
2026-04-25T09:42:08.935909+00:00,1777110128.935909,493,940,37.35,8.0,18.42,13.28,dry,none,rising,falling,TOO_DRY
2026-04-25T09:42:08.936932+00:00,1777110128.9369323,505,936,33.82,8.53,21.95,12.45,dry,none,rising,falling,TOO_DRY
2026-04-25T09:42:08.937441+00:00,1777110128.9374409,516,932,30.59,9.07,25.26,11.58,low,none,rising,falling,
2026-04-25T09:42:08.937894+00:00,1777110128.9378943,601,886,5.59,15.2,25.59,11.4,low,none,stable,stable,
2026-04-25T09:42:08.938277+00:00,1777110128.9382775,606,880,4.12,16.0,25.88,11.23,low,none,falling,stable,
2026-04-25T09:42:08.938646+00:00,1777110128.9386463,610,875,2.94,16.67,26.21,10.8,low,none,falling,rising,
2026-04-25T09:42:08.939006+00:00,1777110128.939006,614,870,1.76,17.33,19.59,12.28,dry,none,falling,rising,TOO_DRY
2026-04-25T09:42:08.939365+00:00,1777110128.939365,619,849,0.29,20.13,14.56,13.87,dry,none,falling,rising,TOO_DRY
2026-04-25T09:42:08.939733+00:00,1777110128.939733,619,843,0.29,20.93,9.93,15.48,dry,light,falling,rising,TOO_DRY
2026-04-25T09:42:10.599677+00:00,1777110130.5996773,532,986,25.88,1.87,8.93,14.65,dry,none,falling,stable,TOO_DRY
2026-04-25T09:42:10.790684+00:00,1777110130.7906835,482,944,40.59,7.47,10.18,14.45,dry,none,rising,falling,TOO_DRY
2026-04-25T09:42:10.791535+00:00,1777110130.7915347,493,940,37.35,8.0,14.15,13.55,dry,none,rising,falling,TOO_DRY
2026-04-25T09:42:10.791978+00:00,1777110130.7919781,505,936,33.82,8.53,17.87,12.62,dry,none,rising,falling,TOO_DRY
2026-04-25T09:42:10.792844+00:00,1777110130.7928443,516,932,30.59,9.07,21.32,11.67,dry,none,rising,falling,TOO_DRY
2026-04-25T09:42:10.793327+00:00,1777110130.7933266,601,886,5.59,15.2,21.8,11.4,dry,none,rising,stable,TOO_DRY
2026-04-25T09:42:10.793718+00:00,1777110130.7937179,606,880,4.12,16.0,22.28,10.88,dry,none,falling,stable,TOO_DRY
2026-04-25T09:42:10.794089+00:00,1777110130.7940886,610,875,2.94,16.67,22.61,10.35,dry,none,falling,rising,TOO_DRY
2026-04-25T09:42:10.794454+00:00,1777110130.7944536,614,870,1.76,17.33,19.59,12.28,dry,none,falling,rising,TOO_DRY
2026-04-25T09:42:10.794884+00:00,1777110130.7948844,619,849,0.29,20.13,14.56,13.87,dry,none,falling,rising,TOO_DRY
2026-04-25T09:42:10.795247+00:00,1777110130.7952466,619,843,0.29,20.93,9.93,15.48,dry,light,falling,rising,TOO_DRY
2026-04-25T09:42:19.317856+00:00,1777110139.317856,542,988,22.94,1.6,8.56,14.62,dry,none,falling,stable,TOO_DRY
2026-04-25T09:42:19.406512+00:00,1777110139.4065125,552,990,20.0,1.33,7.24,13.65,dry,none,rising,falling,TOO_DRY
2026-04-25T09:42:19.407701+00:00,1777110139.4077008,561,991,17.35,1.2,8.71,11.9,dry,none,rising,falling,TOO_DRY
2026-04-25T09:42:19.408128+00:00,1777110139.4081275,570,993,14.71,0.93,10.04,10.02,dry,none,rising,falling,TOO_DRY
2026-04-25T09:42:19.408512+00:00,1777110139.408512,482,944,40.59,7.47,14.74,8.87,dry,none,rising,falling,TOO_DRY
2026-04-25T09:42:19.725746+00:00,1777110139.7257457,493,940,37.35,8.0,19.19,7.7,dry,none,rising,falling,TOO_DRY
2026-04-25T09:42:19.726718+00:00,1777110139.7267182,505,936,33.82,8.53,23.38,6.25,dry,none,rising,stable,TOO_DRY
2026-04-25T09:42:19.727315+00:00,1777110139.7273152,516,932,30.59,9.07,27.17,4.77,low,none,rising,rising,
2026-04-25T09:42:19.727762+00:00,1777110139.7277615,601,886,5.59,15.2,25.0,6.47,low,none,rising,rising,
2026-04-25T09:42:19.728165+00:00,1777110139.7281647,606,880,4.12,16.0,23.02,8.3,dry,none,falling,rising,TOO_DRY
2026-04-25T09:42:19.728558+00:00,1777110139.7285583,610,875,2.94,16.67,21.21,10.23,dry,none,falling,rising,TOO_DRY
2026-04-25T09:42:19.728941+00:00,1777110139.7289407,614,870,1.76,17.33,19.59,12.28,dry,none,falling,rising,TOO_DRY
2026-04-25T09:42:19.729370+00:00,1777110139.7293696,619,849,0.29,20.13,14.56,13.87,dry,none,falling,rising,TOO_DRY
2026-04-25T09:42:19.729739+00:00,1777110139.7297392,619,843,0.29,20.93,9.93,15.48,dry,light,falling,rising,TOO_DRY
2026-04-25T09:42:19.730215+00:00,1777110139.7302148,617,838,0.88,21.6,5.81,17.12,dry,light,falling,rising,TOO_DRY
2026-04-25T09:42:20.837668+00:00,1777110140.837668,493,940,37.35,8.0,6.65,16.98,dry,light,rising,stable,TOO_DRY
2026-04-25T09:42:20.955228+00:00,1777110140.9552279,505,936,33.82,8.53,10.18,16.15,dry,light,rising,stable,TOO_DRY
2026-04-25T09:42:20.956400+00:00,1777110140.9563997,516,932,30.59,9.07,13.49,15.28,dry,light,rising,falling,TOO_DRY
2026-04-25T09:42:20.956953+00:00,1777110140.956953,601,886,5.59,15.2,13.82,15.1,dry,light,rising,falling,TOO_DRY
2026-04-25T09:42:20.957489+00:00,1777110140.9574895,606,880,4.12,16.0,14.12,14.93,dry,none,rising,falling,TOO_DRY
2026-04-25T09:42:20.958448+00:00,1777110140.9584477,610,875,2.94,16.67,14.45,14.5,dry,none,falling,stable,TOO_DRY
2026-04-25T09:42:20.958859+00:00,1777110140.9588587,614,870,1.76,17.33,14.63,14.05,dry,none,falling,rising,TOO_DRY
2026-04-25T09:42:20.959321+00:00,1777110140.9593215,619,849,0.29,20.13,14.56,13.87,dry,none,falling,rising,TOO_DRY
2026-04-25T09:42:20.959750+00:00,1777110140.9597497,619,843,0.29,20.93,9.93,15.48,dry,light,falling,rising,TOO_DRY
2026-04-25T09:42:20.960180+00:00,1777110140.96018,617,838,0.88,21.6,5.81,17.12,dry,light,falling,rising,TOO_DRY
2026-04-25T09:42:28.526726+00:00,1777110148.5267255,585,995,10.29,0.67,3.27,16.07,dry,light,stable,stable,TOO_DRY
2026-04-25T09:42:29.148551+00:00,1777110149.1485507,592,997,8.24,0.4,3.6,14.22,dry,none,stable,falling,TOO_DRY
2026-04-25T09:42:29.149816+00:00,1777110149.149816,598,997,6.47,0.4,3.9,12.27,dry,none,rising,falling,TOO_DRY
2026-04-25T09:42:29.150738+00:00,1777110149.150738,604,998,4.71,0.27,4.12,10.22,dry,none,rising,falling,TOO_DRY
2026-04-25T09:42:29.151318+00:00,1777110149.1513176,493,940,37.35,8.0,8.56,9.05,dry,none,rising,falling,TOO_DRY
2026-04-25T09:42:29.151746+00:00,1777110149.1517463,505,936,33.82,8.53,12.76,7.6,dry,none,rising,falling,TOO_DRY
2026-04-25T09:42:29.152189+00:00,1777110149.1521893,516,932,30.59,9.07,16.54,6.12,dry,none,rising,stable,TOO_DRY
2026-04-25T09:42:29.153085+00:00,1777110149.153085,601,886,5.59,15.2,17.13,5.32,dry,none,rising,rising,TOO_DRY
2026-04-25T09:42:29.153528+00:00,1777110149.1535282,606,880,4.12,16.0,16.36,7.23,dry,none,rising,rising,TOO_DRY
2026-04-25T09:42:29.153915+00:00,1777110149.1539154,610,875,2.94,16.67,15.7,9.27,dry,none,falling,rising,TOO_DRY
2026-04-25T09:42:29.154290+00:00,1777110149.1542897,614,870,1.76,17.33,15.11,11.38,dry,none,falling,rising,TOO_DRY
2026-04-25T09:42:29.154799+00:00,1777110149.1547985,619,849,0.29,20.13,14.56,13.87,dry,none,falling,rising,TOO_DRY
2026-04-25T09:42:29.155281+00:00,1777110149.1552813,619,843,0.29,20.93,9.93,15.48,dry,light,falling,rising,TOO_DRY
2026-04-25T09:42:29.155684+00:00,1777110149.1556845,617,838,0.88,21.6,5.81,17.12,dry,light,falling,rising,TOO_DRY
2026-04-25T09:42:29.156076+00:00,1777110149.1560757,569,788,15.0,28.27,3.86,19.52,dry,light,stable,rising,TOO_DRY
2026-04-25T09:42:35.815710+00:00,1777110155.8157103,608,999,3.53,0.13,3.6,17.63,dry,light,stable,stable,TOO_DRY
2026-04-25T09:42:35.900903+00:00,1777110155.9009032,612,999,2.35,0.13,3.38,15.65,dry,light,rising,falling,TOO_DRY
2026-04-25T09:42:35.902172+00:00,1777110155.9021719,615,999,1.47,0.13,3.2,13.58,dry,none,rising,falling,TOO_DRY
2026-04-25T09:42:35.902682+00:00,1777110155.9026816,505,936,33.82,8.53,7.2,12.48,dry,none,rising,falling,TOO_DRY
2026-04-25T09:42:35.903218+00:00,1777110155.9032183,516,932,30.59,9.07,10.99,11.1,dry,none,rising,falling,TOO_DRY
2026-04-25T09:42:35.903647+00:00,1777110155.9036467,601,886,5.59,15.2,11.65,10.38,dry,none,rising,falling,TOO_DRY
2026-04-25T09:42:35.904033+00:00,1777110155.904033,606,880,4.12,16.0,12.06,9.68,dry,none,rising,rising,TOO_DRY
2026-04-25T09:42:35.904504+00:00,1777110155.9045043,610,875,2.94,16.67,10.55,8.23,dry,none,stable,rising,TOO_DRY
2026-04-25T09:42:35.905106+00:00,1777110155.905106,614,870,1.76,17.33,10.33,10.38,dry,none,falling,rising,TOO_DRY
2026-04-25T09:42:35.905620+00:00,1777110155.9056203,619,849,0.29,20.13,10.07,12.88,dry,none,falling,rising,TOO_DRY
2026-04-25T09:42:35.906044+00:00,1777110155.9060435,619,843,0.29,20.93,9.93,15.48,dry,light,falling,rising,TOO_DRY
2026-04-25T09:42:35.906420+00:00,1777110155.9064205,617,838,0.88,21.6,5.81,17.12,dry,light,falling,rising,TOO_DRY
2026-04-25T09:42:35.906814+00:00,1777110155.9068139,569,788,15.0,28.27,3.86,19.52,dry,light,stable,rising,TOO_DRY
2026-04-25T09:42:35.907233+00:00,1777110155.907233,531,765,26.18,31.33,6.43,21.53,dry,light,rising,rising,TOO_DRY
2026-04-25T09:42:37.551855+00:00,1777110157.551855,516,932,30.59,9.07,9.74,20.67,dry,light,rising,rising,TOO_DRY
2026-04-25T09:42:38.038098+00:00,1777110158.038098,601,886,5.59,15.2,10.07,20.48,dry,light,rising,stable,TOO_DRY
2026-04-25T09:42:38.039248+00:00,1777110158.0392475,606,880,4.12,16.0,10.37,20.32,dry,light,rising,falling,TOO_DRY
2026-04-25T09:42:38.039802+00:00,1777110158.0398023,610,875,2.94,16.67,10.7,19.88,dry,light,stable,falling,TOO_DRY
2026-04-25T09:42:38.040213+00:00,1777110158.0402126,614,870,1.76,17.33,10.88,19.43,dry,light,falling,falling,TOO_DRY
2026-04-25T09:42:38.040592+00:00,1777110158.0405924,619,849,0.29,20.13,10.81,19.25,dry,light,falling,falling,TOO_DRY
2026-04-25T09:42:38.040962+00:00,1777110158.0409625,619,843,0.29,20.93,8.97,18.33,dry,light,falling,stable,TOO_DRY
2026-04-25T09:42:38.041337+00:00,1777110158.041337,617,838,0.88,21.6,5.81,17.12,dry,light,falling,rising,TOO_DRY
2026-04-25T09:42:38.041698+00:00,1777110158.0416977,569,788,15.0,28.27,3.86,19.52,dry,light,stable,rising,TOO_DRY
2026-04-25T09:42:38.042059+00:00,1777110158.0420594,531,765,26.18,31.33,6.43,21.53,dry,light,rising,rising,TOO_DRY
2026-04-25T09:42:45.534519+00:00,1777110165.5345187,619,999,0.29,0.13,5.95,19.55,dry,light,rising,stable,TOO_DRY
2026-04-25T09:42:45.997948+00:00,1777110165.9979477,619,999,0.29,0.13,5.62,17.48,dry,light,rising,falling,TOO_DRY
2026-04-25T09:42:45.999218+00:00,1777110165.9992175,618,998,0.59,0.27,5.48,15.35,dry,light,stable,falling,TOO_DRY
2026-04-25T09:42:45.999768+00:00,1777110165.9997685,516,932,30.59,9.07,9.26,13.97,dry,none,stable,falling,TOO_DRY
2026-04-25T09:42:46.000364+00:00,1777110166.0003638,601,886,5.59,15.2,9.93,13.25,dry,none,stable,falling,TOO_DRY
2026-04-25T09:42:46.000774+00:00,1777110166.0007744,606,880,4.12,16.0,10.33,12.55,dry,none,stable,falling,TOO_DRY
2026-04-25T09:42:46.001154+00:00,1777110166.0011537,610,875,2.94,16.67,8.82,11.1,dry,none,rising,rising,TOO_DRY
2026-04-25T09:42:46.001521+00:00,1777110166.0015206,614,870,1.76,17.33,5.77,9.35,dry,none,falling,rising,TOO_DRY
2026-04-25T09:42:46.001883+00:00,1777110166.001883,619,849,0.29,20.13,5.77,11.85,dry,none,falling,rising,TOO_DRY
2026-04-25T09:42:46.002354+00:00,1777110166.0023537,619,843,0.29,20.93,5.77,14.45,dry,none,falling,rising,TOO_DRY
2026-04-25T09:42:46.002846+00:00,1777110166.0028465,617,838,0.88,21.6,5.81,17.12,dry,light,falling,rising,TOO_DRY
2026-04-25T09:42:46.003272+00:00,1777110166.0032723,569,788,15.0,28.27,3.86,19.52,dry,light,stable,rising,TOO_DRY
2026-04-25T09:42:46.003657+00:00,1777110166.0036566,531,765,26.18,31.33,6.43,21.53,dry,light,rising,rising,TOO_DRY
2026-04-25T09:42:50.751334+00:00,1777110170.7513337,614,997,1.76,0.4,6.14,19.58,dry,light,rising,stable,TOO_DRY
2026-04-25T09:42:50.841571+00:00,1777110170.8415713,610,996,2.94,0.53,6.14,17.57,dry,light,rising,falling,TOO_DRY
2026-04-25T09:42:50.842958+00:00,1777110170.842958,516,932,30.59,9.07,9.74,16.53,dry,light,rising,falling,TOO_DRY
2026-04-25T09:42:50.843396+00:00,1777110170.843396,601,886,5.59,15.2,10.4,15.92,dry,light,stable,falling,TOO_DRY
2026-04-25T09:42:50.843792+00:00,1777110170.843792,606,880,4.12,16.0,10.88,15.3,dry,light,stable,falling,TOO_DRY
2026-04-25T09:42:50.844201+00:00,1777110170.8442008,610,875,2.94,16.67,11.14,14.68,dry,none,stable,stable,TOO_DRY
2026-04-25T09:42:50.844610+00:00,1777110170.8446097,614,870,1.76,17.33,9.48,13.32,dry,none,falling,rising,TOO_DRY
2026-04-25T09:42:50.844977+00:00,1777110170.844977,619,849,0.29,20.13,6.25,11.92,dry,none,falling,rising,TOO_DRY
2026-04-25T09:42:50.845346+00:00,1777110170.8453457,619,843,0.29,20.93,6.07,14.48,dry,none,falling,rising,TOO_DRY
2026-04-25T09:42:50.845705+00:00,1777110170.8457046,617,838,0.88,21.6,5.81,17.12,dry,light,falling,rising,TOO_DRY
2026-04-25T09:42:50.846069+00:00,1777110170.846069,569,788,15.0,28.27,3.86,19.52,dry,light,stable,rising,TOO_DRY
2026-04-25T09:42:50.846433+00:00,1777110170.8464327,531,765,26.18,31.33,6.43,21.53,dry,light,rising,rising,TOO_DRY
2026-04-25T09:42:59.665776+00:00,1777110179.6657765,606,995,4.12,0.67,6.43,19.62,dry,light,rising,stable,TOO_DRY
2026-04-25T09:42:59.776982+00:00,1777110179.7769818,601,993,5.59,0.93,6.76,17.65,dry,light,rising,falling,TOO_DRY
2026-04-25T09:42:59.778444+00:00,1777110179.7784436,595,992,7.35,1.07,7.46,15.62,dry,light,rising,falling,TOO_DRY
2026-04-25T09:42:59.779122+00:00,1777110179.7791216,589,990,9.12,1.33,8.57,13.27,dry,none,falling,falling,TOO_DRY
2026-04-25T09:42:59.779790+00:00,1777110179.7797897,516,932,30.59,9.07,12.35,11.78,dry,none,stable,falling,TOO_DRY
2026-04-25T09:42:59.780361+00:00,1777110179.7803614,601,886,5.59,15.2,12.94,10.98,dry,none,stable,falling,TOO_DRY
2026-04-25T09:42:59.780870+00:00,1777110179.7808697,606,880,4.12,16.0,11.58,9.45,dry,none,stable,stable,TOO_DRY
2026-04-25T09:42:59.781310+00:00,1777110179.7813103,610,875,2.94,16.67,8.68,7.62,dry,none,rising,rising,TOO_DRY
2026-04-25T09:42:59.781696+00:00,1777110179.7816958,614,870,1.76,17.33,8.38,9.7,dry,none,falling,rising,TOO_DRY
2026-04-25T09:42:59.782105+00:00,1777110179.7821047,619,849,0.29,20.13,7.72,12.1,dry,none,falling,rising,TOO_DRY
2026-04-25T09:42:59.782490+00:00,1777110179.78249,619,843,0.29,20.93,6.84,14.58,dry,none,falling,rising,TOO_DRY
2026-04-25T09:42:59.782861+00:00,1777110179.7828615,617,838,0.88,21.6,5.81,17.12,dry,light,falling,rising,TOO_DRY
2026-04-25T09:42:59.783227+00:00,1777110179.783227,569,788,15.0,28.27,3.86,19.52,dry,light,stable,rising,TOO_DRY
2026-04-25T09:42:59.783604+00:00,1777110179.7836037,531,765,26.18,31.33,6.43,21.53,dry,light,rising,rising,TOO_DRY
2026-04-25T09:42:59.784010+00:00,1777110179.7840104,521,760,29.12,32.0,9.56,23.53,dry,light,rising,rising,TOO_DRY
2026-04-25T09:43:01.127157+00:00,1777110181.1271574,601,886,5.59,15.2,9.89,23.35,dry,light,rising,rising,TOO_DRY
2026-04-25T09:43:01.295529+00:00,1777110181.2955287,606,880,4.12,16.0,10.18,23.18,dry,light,rising,stable,TOO_DRY
2026-04-25T09:43:01.296533+00:00,1777110181.296533,610,875,2.94,16.67,10.52,22.75,dry,light,stable,falling,TOO_DRY
2026-04-25T09:43:01.297400+00:00,1777110181.2973998,614,870,1.76,17.33,10.7,22.3,dry,light,falling,falling,TOO_DRY
2026-04-25T09:43:01.297935+00:00,1777110181.2979348,619,849,0.29,20.13,10.62,22.12,dry,light,falling,falling,TOO_DRY
2026-04-25T09:43:01.298338+00:00,1777110181.298338,619,843,0.29,20.93,8.79,21.2,dry,light,falling,falling,TOO_DRY
2026-04-25T09:43:01.299183+00:00,1777110181.2991827,617,838,0.88,21.6,5.62,19.98,dry,light,falling,stable,TOO_DRY
2026-04-25T09:43:01.299603+00:00,1777110181.2996032,569,788,15.0,28.27,3.86,19.52,dry,light,stable,rising,TOO_DRY
2026-04-25T09:43:01.299995+00:00,1777110181.2999954,531,765,26.18,31.33,6.43,21.53,dry,light,rising,rising,TOO_DRY
2026-04-25T09:43:01.300367+00:00,1777110181.300367,521,760,29.12,32.0,9.56,23.53,dry,light,rising,rising,TOO_DRY
2026-04-25T09:43:02.523935+00:00,1777110182.523935,574,987,13.53,1.73,10.88,21.66,dry,light,rising,rising,TOO_DRY
2026-04-25T09:43:02.627766+00:00,1777110182.6277657,601,886,5.59,15.2,11.36,21.4,dry,light,rising,stable,TOO_DRY
2026-04-25T09:43:02.628758+00:00,1777110182.628758,606,880,4.12,16.0,11.84,20.88,dry,light,stable,falling,TOO_DRY
2026-04-25T09:43:02.629265+00:00,1777110182.6292646,610,875,2.94,16.67,12.17,20.35,dry,light,falling,falling,TOO_DRY
2026-04-25T09:43:02.629892+00:00,1777110182.6298919,614,870,1.76,17.33,12.28,19.82,dry,light,falling,falling,TOO_DRY
2026-04-25T09:43:02.630406+00:00,1777110182.630406,619,849,0.29,20.13,10.44,18.8,dry,light,falling,stable,TOO_DRY
2026-04-25T09:43:02.630791+00:00,1777110182.6307907,619,843,0.29,20.93,7.21,17.5,dry,light,falling,stable,TOO_DRY
2026-04-25T09:43:02.631205+00:00,1777110182.6312053,617,838,0.88,21.6,3.67,16.2,dry,light,falling,rising,TOO_DRY
2026-04-25T09:43:02.631587+00:00,1777110182.631587,569,788,15.0,28.27,3.86,19.52,dry,light,stable,rising,TOO_DRY
2026-04-25T09:43:02.631955+00:00,1777110182.6319554,531,765,26.18,31.33,6.43,21.53,dry,light,rising,rising,TOO_DRY
2026-04-25T09:43:02.632318+00:00,1777110182.6323175,521,760,29.12,32.0,9.56,23.53,dry,light,rising,rising,TOO_DRY
2026-04-25T09:43:05.182450+00:00,1777110185.1824496,565,985,16.18,2.0,11.21,21.7,dry,light,rising,rising,TOO_DRY
2026-04-25T09:43:06.025893+00:00,1777110186.0258934,601,886,5.59,15.2,11.69,21.43,dry,light,rising,stable,TOO_DRY
2026-04-25T09:43:06.026781+00:00,1777110186.0267806,606,880,4.12,16.0,12.17,20.92,dry,light,rising,falling,TOO_DRY
2026-04-25T09:43:06.027447+00:00,1777110186.0274465,610,875,2.94,16.67,12.5,20.38,dry,light,falling,falling,TOO_DRY
2026-04-25T09:43:06.027950+00:00,1777110186.02795,614,870,1.76,17.33,12.61,19.85,dry,light,falling,falling,TOO_DRY
2026-04-25T09:43:06.028395+00:00,1777110186.0283952,619,849,0.29,20.13,10.77,18.83,dry,light,falling,stable,TOO_DRY
2026-04-25T09:43:06.028788+00:00,1777110186.0287883,619,843,0.29,20.93,7.54,17.53,dry,light,falling,stable,TOO_DRY
2026-04-25T09:43:06.029156+00:00,1777110186.0291557,617,838,0.88,21.6,4.01,16.23,dry,light,falling,rising,TOO_DRY
2026-04-25T09:43:06.029526+00:00,1777110186.0295265,569,788,15.0,28.27,3.86,19.52,dry,light,stable,rising,TOO_DRY
2026-04-25T09:43:06.029898+00:00,1777110186.0298977,531,765,26.18,31.33,6.43,21.53,dry,light,rising,rising,TOO_DRY
2026-04-25T09:43:06.030384+00:00,1777110186.0303843,521,760,29.12,32.0,9.56,23.53,dry,light,rising,rising,TOO_DRY
2026-04-25T09:43:06.926133+00:00,1777110186.926133,601,886,5.59,15.2,9.89,23.35,dry,light,rising,rising,TOO_DRY
2026-04-25T09:43:07.079891+00:00,1777110187.079891,606,880,4.12,16.0,10.18,23.18,dry,light,rising,stable,TOO_DRY
2026-04-25T09:43:07.081103+00:00,1777110187.0811026,610,875,2.94,16.67,10.52,22.75,dry,light,stable,falling,TOO_DRY
2026-04-25T09:43:07.081684+00:00,1777110187.081684,614,870,1.76,17.33,10.7,22.3,dry,light,falling,falling,TOO_DRY
2026-04-25T09:43:07.082147+00:00,1777110187.0821474,619,849,0.29,20.13,10.62,22.12,dry,light,falling,falling,TOO_DRY
2026-04-25T09:43:07.082566+00:00,1777110187.0825658,619,843,0.29,20.93,8.79,21.2,dry,light,falling,falling,TOO_DRY
2026-04-25T09:43:07.082961+00:00,1777110187.0829613,617,838,0.88,21.6,5.62,19.98,dry,light,falling,stable,TOO_DRY
2026-04-25T09:43:07.083383+00:00,1777110187.0833833,569,788,15.0,28.27,3.86,19.52,dry,light,stable,rising,TOO_DRY
2026-04-25T09:43:07.083768+00:00,1777110187.083768,531,765,26.18,31.33,6.43,21.53,dry,light,rising,rising,TOO_DRY
2026-04-25T09:43:07.084143+00:00,1777110187.0841432,521,760,29.12,32.0,9.56,23.53,dry,light,rising,rising,TOO_DRY
2026-04-25T09:43:08.251319+00:00,1777110188.251319,601,886,5.59,15.2,9.89,23.35,dry,light,rising,rising,TOO_DRY
2026-04-25T09:43:08.584384+00:00,1777110188.584384,606,880,4.12,16.0,10.18,23.18,dry,light,rising,stable,TOO_DRY
2026-04-25T09:43:08.585566+00:00,1777110188.5855658,610,875,2.94,16.67,10.52,22.75,dry,light,stable,falling,TOO_DRY
2026-04-25T09:43:08.586063+00:00,1777110188.5860631,614,870,1.76,17.33,10.7,22.3,dry,light,falling,falling,TOO_DRY
2026-04-25T09:43:08.586542+00:00,1777110188.586542,619,849,0.29,20.13,10.62,22.12,dry,light,falling,falling,TOO_DRY
2026-04-25T09:43:08.586935+00:00,1777110188.5869353,619,843,0.29,20.93,8.79,21.2,dry,light,falling,falling,TOO_DRY
2026-04-25T09:43:08.587430+00:00,1777110188.5874295,617,838,0.88,21.6,5.62,19.98,dry,light,falling,stable,TOO_DRY
2026-04-25T09:43:08.587848+00:00,1777110188.5878477,569,788,15.0,28.27,3.86,19.52,dry,light,stable,rising,TOO_DRY
2026-04-25T09:43:08.588271+00:00,1777110188.5882714,531,765,26.18,31.33,6.43,21.53,dry,light,rising,rising,TOO_DRY
2026-04-25T09:43:08.588675+00:00,1777110188.5886755,521,760,29.12,32.0,9.56,23.53,dry,light,rising,rising,TOO_DRY
2026-04-25T09:43:08.589054+00:00,1777110188.5890543,463,733,46.18,35.6,14.96,25.9,dry,light,rising,rising,TOO_DRY
2026-04-25T09:43:10.197056+00:00,1777110190.1970556,606,880,4.12,16.0,15.26,25.73,dry,light,rising,rising,TOO_DRY
2026-04-25T09:43:10.821162+00:00,1777110190.8211617,610,875,2.94,16.67,15.59,25.3,dry,light,rising,stable,TOO_DRY
2026-04-25T09:43:10.822441+00:00,1777110190.8224406,614,870,1.76,17.33,15.77,24.85,dry,light,falling,falling,TOO_DRY
2026-04-25T09:43:10.823057+00:00,1777110190.8230574,619,849,0.29,20.13,15.7,24.67,dry,light,falling,falling,TOO_DRY
2026-04-25T09:43:10.823605+00:00,1777110190.8236046,619,843,0.29,20.93,13.86,23.75,dry,light,falling,falling,TOO_DRY
2026-04-25T09:43:10.823989+00:00,1777110190.823989,617,838,0.88,21.6,10.7,22.53,dry,light,falling,falling,TOO_DRY
2026-04-25T09:43:10.824360+00:00,1777110190.8243604,569,788,15.0,28.27,8.93,22.07,dry,light,falling,stable,TOO_DRY
2026-04-25T09:43:10.824739+00:00,1777110190.8247392,531,765,26.18,31.33,6.43,21.53,dry,light,rising,rising,TOO_DRY
2026-04-25T09:43:10.825110+00:00,1777110190.8251097,521,760,29.12,32.0,9.56,23.53,dry,light,rising,rising,TOO_DRY
2026-04-25T09:43:10.825478+00:00,1777110190.8254783,463,733,46.18,35.6,14.96,25.9,dry,light,rising,rising,TOO_DRY
2026-04-25T09:43:10.825839+00:00,1777110190.8258393,451,728,49.71,36.27,20.96,28.27,dry,light,rising,rising,TOO_DRY
2026-04-25T09:43:11.721004+00:00,1777110191.7210045,610,875,2.94,16.67,21.29,27.83,dry,light,rising,rising,TOO_DRY
2026-04-25T09:43:11.944893+00:00,1777110191.9448931,614,870,1.76,17.33,21.47,27.38,dry,light,rising,stable,TOO_DRY
2026-04-25T09:43:11.945999+00:00,1777110191.945999,619,849,0.29,20.13,21.4,27.2,dry,light,falling,falling,TOO_DRY
2026-04-25T09:43:11.946458+00:00,1777110191.9464579,619,843,0.29,20.93,19.56,26.28,dry,light,falling,falling,TOO_DRY
2026-04-25T09:43:11.946921+00:00,1777110191.9469206,617,838,0.88,21.6,16.4,25.07,dry,light,falling,falling,TOO_DRY
2026-04-25T09:43:11.947305+00:00,1777110191.9473054,569,788,15.0,28.27,14.63,24.6,dry,light,falling,falling,TOO_DRY
2026-04-25T09:43:11.947855+00:00,1777110191.9478548,531,765,26.18,31.33,12.13,24.07,dry,light,falling,stable,TOO_DRY
2026-04-25T09:43:11.948274+00:00,1777110191.9482737,521,760,29.12,32.0,9.56,23.53,dry,light,rising,rising,TOO_DRY
2026-04-25T09:43:11.948725+00:00,1777110191.9487245,463,733,46.18,35.6,14.96,25.9,dry,light,rising,rising,TOO_DRY
2026-04-25T09:43:11.949088+00:00,1777110191.949088,451,728,49.71,36.27,20.96,28.27,dry,light,rising,rising,TOO_DRY
2026-04-25T09:43:11.949499+00:00,1777110191.9494994,440,722,52.94,37.07,27.54,30.38,low,light,rising,rising,
2026-04-25T09:43:13.241520+00:00,1777110193.24152,614,870,1.76,17.33,27.72,29.93,low,light,rising,rising,
2026-04-25T09:43:13.379685+00:00,1777110193.3796854,619,849,0.29,20.13,27.65,29.75,low,light,stable,falling,
2026-04-25T09:43:13.380642+00:00,1777110193.3806417,619,843,0.29,20.93,25.81,28.83,low,light,falling,falling,
2026-04-25T09:43:13.381173+00:00,1777110193.3811731,617,838,0.88,21.6,22.65,27.62,dry,light,falling,falling,TOO_DRY
2026-04-25T09:43:13.381561+00:00,1777110193.3815608,569,788,15.0,28.27,20.88,27.15,dry,light,falling,falling,TOO_DRY
2026-04-25T09:43:13.381940+00:00,1777110193.3819401,531,765,26.18,31.33,18.38,26.62,dry,light,falling,stable,TOO_DRY
2026-04-25T09:43:13.382300+00:00,1777110193.3823,521,760,29.12,32.0,15.81,26.08,dry,light,rising,rising,TOO_DRY
2026-04-25T09:43:13.382789+00:00,1777110193.3827887,463,733,46.18,35.6,14.96,25.9,dry,light,rising,rising,TOO_DRY
2026-04-25T09:43:13.383328+00:00,1777110193.3833284,451,728,49.71,36.27,20.96,28.27,dry,light,rising,rising,TOO_DRY
2026-04-25T09:43:13.383781+00:00,1777110193.3837807,440,722,52.94,37.07,27.54,30.38,low,light,rising,rising,
2026-04-25T09:43:13.384244+00:00,1777110193.3842444,428,717,56.47,37.73,34.56,32.48,low,light,rising,rising,
2026-04-25T09:43:21.159074+00:00,1777110201.1590743,504,969,34.12,4.13,38.71,30.3,low,light,rising,stable,
2026-04-25T09:43:21.237425+00:00,1777110201.2374253,493,966,37.35,4.53,41.51,27.33,low,light,rising,falling,
2026-04-25T09:43:21.238366+00:00,1777110201.238366,481,963,40.88,4.93,43.35,24.03,low,light,stable,falling,
2026-04-25T09:43:21.238850+00:00,1777110201.23885,619,849,0.29,20.13,39.74,22.55,low,light,falling,falling,
2026-04-25T09:43:21.239301+00:00,1777110201.2393012,619,843,0.29,20.93,34.01,20.71,low,light,falling,falling,
2026-04-25T09:43:21.239705+00:00,1777110201.2397053,617,838,0.88,21.6,27.9,18.88,low,light,falling,falling,
2026-04-25T09:43:21.240098+00:00,1777110201.240098,569,788,15.0,28.27,23.16,17.78,dry,light,falling,rising,TOO_DRY
2026-04-25T09:43:21.240470+00:00,1777110201.24047,531,765,26.18,31.33,19.37,16.98,dry,light,falling,rising,TOO_DRY
2026-04-25T09:43:21.240833+00:00,1777110201.2408333,521,760,29.12,32.0,18.75,20.46,dry,light,stable,rising,TOO_DRY
2026-04-25T09:43:21.241205+00:00,1777110201.2412052,463,733,46.18,35.6,19.85,24.35,dry,light,rising,rising,TOO_DRY
2026-04-25T09:43:21.241565+00:00,1777110201.2415655,451,728,49.71,36.27,20.96,28.27,dry,light,rising,rising,TOO_DRY
2026-04-25T09:43:21.241945+00:00,1777110201.2419446,440,722,52.94,37.07,27.54,30.38,low,light,rising,rising,
2026-04-25T09:43:21.242350+00:00,1777110201.2423503,428,717,56.47,37.73,34.56,32.48,low,light,rising,rising,
2026-04-25T09:43:21.242717+00:00,1777110201.2427168,371,693,73.24,40.93,43.6,34.9,low,light,rising,rising,
2026-04-25T09:43:28.706160+00:00,1777110208.7061603,469,960,44.41,5.33,47.28,32.03,optimal,light,rising,falling,
2026-04-25T09:43:28.910149+00:00,1777110208.9101493,458,957,47.65,5.73,49.96,28.83,optimal,light,rising,falling,
2026-04-25T09:43:28.911312+00:00,1777110208.9113123,446,953,51.18,6.27,52.72,25.62,optimal,light,stable,falling,
2026-04-25T09:43:28.911764+00:00,1777110208.9117644,434,949,54.71,6.8,53.79,22.02,optimal,light,falling,falling,
2026-04-25T09:43:28.912153+00:00,1777110208.9121532,619,843,0.29,20.93,47.61,20.1,optimal,light,falling,falling,
2026-04-25T09:43:28.912532+00:00,1777110208.9125319,617,838,0.88,21.6,41.1,18.16,low,light,falling,falling,
2026-04-25T09:43:28.912922+00:00,1777110208.9129221,569,788,15.0,28.27,35.92,16.98,low,light,falling,rising,
2026-04-25T09:43:28.913295+00:00,1777110208.9132953,531,765,26.18,31.33,30.04,15.78,low,light,falling,rising,
2026-04-25T09:43:28.913778+00:00,1777110208.9137776,521,760,29.12,32.0,28.13,19.12,low,light,falling,rising,
2026-04-25T09:43:28.914286+00:00,1777110208.914286,463,733,46.18,35.6,27.94,22.85,low,light,stable,rising,
2026-04-25T09:43:28.914716+00:00,1777110208.9147165,451,728,49.71,36.27,27.76,26.6,low,light,rising,rising,
2026-04-25T09:43:28.915141+00:00,1777110208.9151413,440,722,52.94,37.07,27.54,30.38,low,light,rising,rising,
2026-04-25T09:43:28.915590+00:00,1777110208.9155903,428,717,56.47,37.73,34.56,32.48,low,light,rising,rising,
2026-04-25T09:43:28.915981+00:00,1777110208.915981,371,693,73.24,40.93,43.6,34.9,low,light,rising,rising,
2026-04-25T09:43:28.916370+00:00,1777110208.9163704,361,688,76.18,41.6,51.25,36.57,optimal,light,rising,rising,
2026-04-25T09:43:30.086158+00:00,1777110210.0861578,617,838,0.88,21.6,48.09,35.35,optimal,light,rising,stable,
2026-04-25T09:43:31.784580+00:00,1777110211.78458,569,788,15.0,28.27,46.33,34.88,optimal,light,falling,falling,
2026-04-25T09:43:31.786011+00:00,1777110211.786011,531,765,26.18,31.33,43.83,34.35,low,light,falling,falling,
2026-04-25T09:43:31.786568+00:00,1777110211.786568,521,760,29.12,32.0,41.25,33.82,low,light,falling,falling,
2026-04-25T09:43:31.787024+00:00,1777110211.7870235,463,733,46.18,35.6,40.41,33.63,low,light,falling,falling,
2026-04-25T09:43:31.787433+00:00,1777110211.787433,451,728,49.71,36.27,39.56,33.45,low,light,falling,stable,
2026-04-25T09:43:31.787803+00:00,1777110211.7878032,440,722,52.94,37.07,37.02,32.97,low,light,rising,rising,
2026-04-25T09:43:31.788186+00:00,1777110211.788186,428,717,56.47,37.73,34.56,32.48,low,light,rising,rising,
2026-04-25T09:43:31.788637+00:00,1777110211.788637,371,693,73.24,40.93,43.6,34.9,low,light,rising,rising,
2026-04-25T09:43:31.789066+00:00,1777110211.7890658,361,688,76.18,41.6,51.25,36.57,optimal,light,rising,rising,
2026-04-25T09:43:31.789482+00:00,1777110211.7894819,324,670,87.06,44.0,58.86,38.15,optimal,light,rising,rising,
2026-04-25T09:43:40.204930+00:00,1777110220.2049298,410,942,61.76,7.73,62.94,35.12,optimal,light,rising,falling,
2026-04-25T09:43:40.405801+00:00,1777110220.4058008,399,938,65.0,8.27,65.3,31.7,optimal,light,rising,falling,
2026-04-25T09:43:40.406791+00:00,1777110220.4067912,388,934,68.24,8.8,67.61,28.27,optimal,light,rising,falling,
2026-04-25T09:43:40.407350+00:00,1777110220.40735,377,930,71.47,9.33,69.93,24.8,optimal,light,falling,falling,
2026-04-25T09:43:40.407833+00:00,1777110220.4078326,569,788,15.0,28.27,64.74,23.62,optimal,light,falling,falling,
2026-04-25T09:43:40.408280+00:00,1777110220.4082804,531,765,26.18,31.33,58.86,22.42,optimal,light,falling,falling,
2026-04-25T09:43:40.408743+00:00,1777110220.408743,521,760,29.12,32.0,52.98,21.22,optimal,light,falling,rising,
2026-04-25T09:43:40.409152+00:00,1777110220.409152,463,733,46.18,35.6,47.87,20.17,optimal,light,falling,rising,
2026-04-25T09:43:40.409683+00:00,1777110220.4096832,451,728,49.71,36.27,46.36,23.73,optimal,light,falling,rising,
2026-04-25T09:43:40.410091+00:00,1777110220.4100912,440,722,52.94,37.07,44.85,27.33,low,light,stable,rising,
2026-04-25T09:43:40.410480+00:00,1777110220.41048,428,717,56.47,37.73,43.38,30.95,low,light,rising,rising,
2026-04-25T09:43:40.410862+00:00,1777110220.4108617,371,693,73.24,40.93,43.6,34.9,low,light,rising,rising,
2026-04-25T09:43:40.411302+00:00,1777110220.4113019,361,688,76.18,41.6,51.25,36.57,optimal,light,rising,rising,
2026-04-25T09:43:40.411744+00:00,1777110220.411744,324,670,87.06,44.0,58.86,38.15,optimal,light,rising,rising,
2026-04-25T09:43:41.918870+00:00,1777110221.9188704,569,788,15.0,28.27,57.1,37.68,optimal,light,rising,stable,
2026-04-25T09:43:42.254686+00:00,1777110222.2546859,531,765,26.18,31.33,54.6,37.15,optimal,light,falling,stable,
2026-04-25T09:43:42.255784+00:00,1777110222.2557838,521,760,29.12,32.0,52.02,36.62,optimal,light,falling,falling,
2026-04-25T09:43:42.256389+00:00,1777110222.2563894,463,733,46.18,35.6,51.18,36.43,optimal,light,falling,falling,
2026-04-25T09:43:42.256824+00:00,1777110222.2568245,451,728,49.71,36.27,50.33,36.25,optimal,light,falling,falling,
2026-04-25T09:43:42.257205+00:00,1777110222.2572055,440,722,52.94,37.07,47.8,35.77,optimal,light,falling,stable,
2026-04-25T09:43:42.257696+00:00,1777110222.257696,428,717,56.47,37.73,45.33,35.28,optimal,light,rising,stable,
2026-04-25T09:43:42.258147+00:00,1777110222.258147,371,693,73.24,40.93,43.6,34.9,low,light,rising,rising,
2026-04-25T09:43:42.258592+00:00,1777110222.2585917,361,688,76.18,41.6,51.25,36.57,optimal,light,rising,rising,
2026-04-25T09:43:42.258968+00:00,1777110222.258968,324,670,87.06,44.0,58.86,38.15,optimal,light,rising,rising,
2026-04-25T09:43:49.546637+00:00,1777110229.5466366,346,916,80.59,11.2,65.3,35.55,optimal,light,rising,stable,
2026-04-25T09:43:50.495025+00:00,1777110230.4950254,337,912,83.24,11.73,69.93,32.57,optimal,light,rising,falling,
2026-04-25T09:43:50.496348+00:00,1777110230.4963477,328,907,85.88,12.4,74.45,29.58,optimal,light,rising,falling,
2026-04-25T09:43:50.497131+00:00,1777110230.4971313,569,788,15.0,28.27,69.71,28.48,optimal,light,falling,falling,
2026-04-25T09:43:50.497619+00:00,1777110230.4976192,531,765,26.18,31.33,65.92,27.68,optimal,light,falling,falling,
2026-04-25T09:43:50.498151+00:00,1777110230.4981508,521,760,29.12,32.0,60.41,26.57,optimal,light,falling,stable,
2026-04-25T09:43:50.498644+00:00,1777110230.4986436,463,733,46.18,35.6,56.66,25.82,optimal,light,falling,rising,
2026-04-25T09:43:50.499055+00:00,1777110230.4990551,451,728,49.71,36.27,51.99,24.85,optimal,light,falling,rising,
2026-04-25T09:43:50.499434+00:00,1777110230.4994338,440,722,52.94,37.07,48.53,28.08,optimal,light,falling,rising,
2026-04-25T09:43:50.499871+00:00,1777110230.4998713,428,717,56.47,37.73,45.19,31.33,optimal,light,rising,rising,
2026-04-25T09:43:50.500256+00:00,1777110230.5002556,371,693,73.24,40.93,43.6,34.9,low,light,rising,rising,
2026-04-25T09:43:50.500644+00:00,1777110230.5006437,361,688,76.18,41.6,51.25,36.57,optimal,light,rising,rising,
2026-04-25T09:43:50.501027+00:00,1777110230.5010273,324,670,87.06,44.0,58.86,38.15,optimal,light,rising,rising,
2026-04-25T09:43:50.501417+00:00,1777110230.5014174,316,666,89.41,44.53,66.4,39.72,optimal,light,rising,rising,
2026-04-25T09:43:52.726050+00:00,1777110232.7260504,313,897,90.29,13.73,71.91,36.98,optimal,light,rising,stable,
2026-04-25T09:43:53.760981+00:00,1777110233.760981,531,765,26.18,31.33,68.97,36.37,optimal,light,rising,falling,
2026-04-25T09:43:54.099967+00:00,1777110234.0999668,521,760,29.12,32.0,65.99,35.73,optimal,light,falling,falling,
2026-04-25T09:43:54.101602+00:00,1777110234.101602,463,733,46.18,35.6,64.71,35.47,optimal,light,falling,falling,
2026-04-25T09:43:54.102127+00:00,1777110234.1021268,451,728,49.71,36.27,61.77,34.88,optimal,light,falling,stable,
2026-04-25T09:43:54.102597+00:00,1777110234.1025975,440,722,52.94,37.07,58.86,34.32,optimal,light,falling,stable,
2026-04-25T09:43:54.102994+00:00,1777110234.102994,428,717,56.47,37.73,55.04,33.53,optimal,light,falling,rising,
2026-04-25T09:43:54.103477+00:00,1777110234.103477,371,693,73.24,40.93,53.02,33.08,optimal,light,rising,rising,
2026-04-25T09:43:54.103911+00:00,1777110234.1039114,361,688,76.18,41.6,51.25,36.57,optimal,light,rising,rising,
2026-04-25T09:43:54.104547+00:00,1777110234.1045468,324,670,87.06,44.0,58.86,38.15,optimal,light,rising,rising,
2026-04-25T09:43:54.105008+00:00,1777110234.1050084,316,666,89.41,44.53,66.4,39.72,optimal,light,rising,rising,
2026-04-25T09:44:02.347147+00:00,1777110242.3471465,300,888,94.12,14.93,72.39,37.13,optimal,light,rising,stable,
2026-04-25T09:44:03.036734+00:00,1777110243.036734,295,883,95.59,15.6,78.13,34.55,wet,light,rising,falling,
2026-04-25T09:44:03.037676+00:00,1777110243.0376763,290,877,97.06,16.4,83.64,31.96,wet,light,rising,falling,
2026-04-25T09:44:03.038189+00:00,1777110243.0381892,531,765,26.18,31.33,79.86,31.16,wet,light,falling,falling,
2026-04-25T09:44:04.573688+00:00,1777110244.5736878,521,760,29.12,32.0,74.34,30.05,optimal,light,falling,falling,
2026-04-25T09:44:04.574661+00:00,1777110244.5746608,463,733,46.18,35.6,70.59,29.3,optimal,light,falling,stable,
2026-04-25T09:44:04.575231+00:00,1777110244.575231,451,728,49.71,36.27,65.92,28.33,optimal,light,falling,rising,
2026-04-25T09:44:04.575697+00:00,1777110244.5756972,440,722,52.94,37.07,61.36,27.4,optimal,light,falling,rising,
2026-04-25T09:44:04.576092+00:00,1777110244.5760925,428,717,56.47,37.73,56.66,30.25,optimal,light,falling,rising,
2026-04-25T09:44:04.576478+00:00,1777110244.5764785,371,693,73.24,40.93,53.86,33.42,optimal,light,rising,rising,
2026-04-25T09:44:04.576860+00:00,1777110244.5768604,361,688,76.18,41.6,51.25,36.57,optimal,light,rising,rising,
2026-04-25T09:44:04.577225+00:00,1777110244.5772252,324,670,87.06,44.0,58.86,38.15,optimal,light,rising,rising,
2026-04-25T09:44:04.577581+00:00,1777110244.5775807,316,666,89.41,44.53,66.4,39.72,optimal,light,rising,rising,
2026-04-25T09:44:04.577954+00:00,1777110244.5779536,309,662,91.47,45.07,72.06,40.9,optimal,light,rising,rising,
2026-04-25T09:44:07.440373+00:00,1777110247.4403732,521,760,29.12,32.0,69.49,40.37,optimal,light,rising,stable,
2026-04-25T09:44:09.625774+00:00,1777110249.625774,463,733,46.18,35.6,68.64,40.18,optimal,light,falling,stable,
2026-04-25T09:44:09.627063+00:00,1777110249.6270626,451,728,49.71,36.27,67.8,40.0,optimal,light,falling,falling,
2026-04-25T09:44:09.627556+00:00,1777110249.6275558,440,722,52.94,37.07,65.26,39.52,optimal,light,falling,falling,
2026-04-25T09:44:09.627948+00:00,1777110249.6279476,428,717,56.47,37.73,62.8,39.03,optimal,light,falling,falling,
2026-04-25T09:44:09.628320+00:00,1777110249.6283205,371,693,73.24,40.93,61.07,38.65,optimal,light,falling,stable,
2026-04-25T09:44:09.628827+00:00,1777110249.6288273,361,688,76.18,41.6,59.41,38.28,optimal,light,rising,stable,
2026-04-25T09:44:09.629245+00:00,1777110249.6292453,324,670,87.06,44.0,58.86,38.15,optimal,light,rising,rising,
2026-04-25T09:44:09.629623+00:00,1777110249.6296227,316,666,89.41,44.53,66.4,39.72,optimal,light,rising,rising,
2026-04-25T09:44:09.629992+00:00,1777110249.6299925,309,662,91.47,45.07,72.06,40.9,optimal,light,rising,rising,
2026-04-25T09:44:15.939945+00:00,1777110255.9399445,280,851,100.0,19.87,78.35,38.85,wet,light,rising,stable,
2026-04-25T09:44:17.783104+00:00,1777110257.783104,280,845,100.0,20.67,84.23,36.8,wet,light,rising,falling,
2026-04-25T09:44:17.784004+00:00,1777110257.7840042,281,840,99.71,21.33,89.63,34.75,wet,light,rising,falling,TOO_WET
2026-04-25T09:44:17.784525+00:00,1777110257.784525,521,760,29.12,32.0,84.12,33.63,wet,light,falling,falling,
2026-04-25T09:44:19.950875+00:00,1777110259.9508748,463,733,46.18,35.6,80.37,32.88,wet,light,falling,falling,
2026-04-25T09:44:20.156284+00:00,1777110260.156284,451,728,49.71,36.27,75.7,31.92,wet,light,falling,stable,
2026-04-25T09:44:20.157266+00:00,1777110260.1572661,440,722,52.94,37.07,71.14,30.98,optimal,light,falling,rising,
2026-04-25T09:44:20.157737+00:00,1777110260.1577368,428,717,56.47,37.73,66.77,30.07,optimal,light,falling,rising,
2026-04-25T09:44:20.158139+00:00,1777110260.1581385,371,693,73.24,40.93,63.42,32.7,optimal,light,falling,rising,
2026-04-25T09:44:20.158511+00:00,1777110260.1585112,361,688,76.18,41.6,60.44,35.32,optimal,light,rising,rising,
2026-04-25T09:44:20.159002+00:00,1777110260.159002,324,670,87.06,44.0,58.86,38.15,optimal,light,rising,rising,
2026-04-25T09:44:20.159459+00:00,1777110260.1594586,316,666,89.41,44.53,66.4,39.72,optimal,light,rising,rising,
2026-04-25T09:44:20.159845+00:00,1777110260.1598449,309,662,91.47,45.07,72.06,40.9,optimal,light,rising,rising,
2026-04-25T09:44:20.160355+00:00,1777110260.1603549,303,658,93.24,45.6,77.5,42.07,wet,light,rising,rising,
2026-04-25T09:44:21.632333+00:00,1777110261.6323328,463,733,46.18,35.6,76.66,41.88,wet,light,rising,stable,
2026-04-25T09:44:21.786879+00:00,1777110261.786879,451,728,49.71,36.27,75.81,41.7,wet,light,falling,stable,
2026-04-25T09:44:21.788015+00:00,1777110261.7880154,440,722,52.94,37.07,73.27,41.22,optimal,light,falling,falling,
2026-04-25T09:44:21.788582+00:00,1777110261.7885823,428,717,56.47,37.73,70.81,40.73,optimal,light,falling,falling,
2026-04-25T09:44:21.789000+00:00,1777110261.7890003,371,693,73.24,40.93,69.08,40.35,optimal,light,falling,falling,
2026-04-25T09:44:21.789377+00:00,1777110261.7893772,361,688,76.18,41.6,67.43,39.98,optimal,light,falling,stable,
2026-04-25T09:44:21.789790+00:00,1777110261.7897904,324,670,87.06,44.0,66.88,39.85,optimal,light,rising,stable,
2026-04-25T09:44:21.790174+00:00,1777110261.7901738,316,666,89.41,44.53,66.4,39.72,optimal,light,rising,rising,
2026-04-25T09:44:21.790537+00:00,1777110261.7905366,309,662,91.47,45.07,72.06,40.9,optimal,light,rising,rising,
2026-04-25T09:44:21.790910+00:00,1777110261.7909098,303,658,93.24,45.6,77.5,42.07,wet,light,rising,rising,
2026-04-25T09:44:21.791265+00:00,1777110261.7912655,297,654,95.0,46.13,82.76,43.2,wet,light,rising,rising,
2026-04-25T09:44:23.824777+00:00,1777110263.8247766,451,728,49.71,36.27,81.91,43.02,wet,light,stable,stable,
2026-04-25T09:44:24.643828+00:00,1777110264.6438284,440,722,52.94,37.07,79.38,42.53,wet,light,falling,stable,
2026-04-25T09:44:24.644792+00:00,1777110264.644792,428,717,56.47,37.73,76.91,42.05,wet,light,falling,falling,
2026-04-25T09:44:24.645308+00:00,1777110264.6453085,371,693,73.24,40.93,75.19,41.67,wet,light,falling,falling,
2026-04-25T09:44:24.645748+00:00,1777110264.6457481,361,688,76.18,41.6,73.53,41.3,optimal,light,falling,falling,
2026-04-25T09:44:24.646187+00:00,1777110264.6461873,324,670,87.06,44.0,72.98,41.17,optimal,light,stable,stable,
2026-04-25T09:44:24.646626+00:00,1777110264.6466265,316,666,89.41,44.53,72.5,41.03,optimal,light,rising,rising,
2026-04-25T09:44:24.647010+00:00,1777110264.6470096,309,662,91.47,45.07,72.06,40.9,optimal,light,rising,rising,
2026-04-25T09:44:24.647423+00:00,1777110264.6474226,303,658,93.24,45.6,77.5,42.07,wet,light,rising,rising,
2026-04-25T09:44:24.647801+00:00,1777110264.6478012,297,654,95.0,46.13,82.76,43.2,wet,light,rising,rising,
2026-04-25T09:44:24.648170+00:00,1777110264.6481695,282,640,99.41,48.0,88.13,44.48,wet,light,rising,rising,TOO_WET
2026-04-25T09:44:33.772862+00:00,1777110273.7728617,305,807,92.65,25.73,90.55,42.58,wet,light,rising,stable,TOO_WET
2026-04-25T09:44:34.697222+00:00,1777110274.697222,311,801,90.88,26.53,92.39,40.7,wet,light,rising,falling,TOO_WET
2026-04-25T09:44:34.698944+00:00,1777110274.6989443,319,795,88.53,27.33,92.57,38.62,wet,light,stable,falling,TOO_WET
2026-04-25T09:44:34.699463+00:00,1777110274.6994634,326,790,86.47,28.0,92.21,36.55,wet,light,falling,falling,TOO_WET
2026-04-25T09:44:34.699852+00:00,1777110274.6998522,440,722,52.94,37.07,87.39,35.55,wet,light,falling,falling,TOO_WET
2026-04-25T09:44:34.700229+00:00,1777110274.7002292,428,717,56.47,37.73,82.79,34.56,wet,light,falling,falling,
2026-04-25T09:44:34.700669+00:00,1777110274.7006693,371,693,73.24,40.93,80.07,33.91,wet,light,falling,rising,
2026-04-25T09:44:34.701093+00:00,1777110274.7010927,361,688,76.18,41.6,77.17,33.12,wet,light,falling,rising,
2026-04-25T09:44:34.701514+00:00,1777110274.7015145,324,670,87.06,44.0,76.47,35.4,wet,light,falling,rising,
2026-04-25T09:44:34.701998+00:00,1777110274.7019975,316,666,89.41,44.53,76.29,37.65,wet,light,rising,rising,
2026-04-25T09:44:34.702429+00:00,1777110274.7024286,309,662,91.47,45.07,76.66,39.87,wet,light,rising,rising,
2026-04-25T09:44:34.702899+00:00,1777110274.7028985,303,658,93.24,45.6,77.5,42.07,wet,light,rising,rising,
2026-04-25T09:44:34.703322+00:00,1777110274.7033222,297,654,95.0,46.13,82.76,43.2,wet,light,rising,rising,
2026-04-25T09:44:34.703704+00:00,1777110274.7037036,282,640,99.41,48.0,88.13,44.48,wet,light,rising,rising,TOO_WET
2026-04-25T09:44:34.704075+00:00,1777110274.704075,281,636,99.71,48.53,91.44,45.43,wet,moderate,rising,rising,TOO_WET
2026-04-25T09:44:35.155734+00:00,1777110275.1557336,428,717,56.47,37.73,88.97,44.95,wet,light,stable,stable,TOO_WET
2026-04-25T09:44:36.057990+00:00,1777110276.0579898,371,693,73.24,40.93,87.24,44.56,wet,light,falling,stable,TOO_WET
2026-04-25T09:44:36.058945+00:00,1777110276.0589452,361,688,76.18,41.6,85.59,44.2,wet,light,falling,falling,TOO_WET
2026-04-25T09:44:36.059683+00:00,1777110276.0596826,324,670,87.06,44.0,85.04,44.06,wet,light,falling,falling,TOO_WET
2026-04-25T09:44:36.060078+00:00,1777110276.0600781,316,666,89.41,44.53,84.56,43.93,wet,light,falling,stable,
2026-04-25T09:44:36.060457+00:00,1777110276.0604565,309,662,91.47,45.07,84.12,43.8,wet,light,rising,stable,
2026-04-25T09:44:36.060904+00:00,1777110276.0609043,303,658,93.24,45.6,83.35,43.5,wet,light,rising,stable,
2026-04-25T09:44:36.061365+00:00,1777110276.0613647,297,654,95.0,46.13,82.76,43.2,wet,light,rising,rising,
2026-04-25T09:44:36.061964+00:00,1777110276.0619636,282,640,99.41,48.0,88.13,44.48,wet,light,rising,rising,TOO_WET
2026-04-25T09:44:36.062375+00:00,1777110276.0623746,281,636,99.71,48.53,91.44,45.43,wet,moderate,rising,rising,TOO_WET
2026-04-25T09:44:36.062758+00:00,1777110276.0627584,280,633,100.0,48.93,94.41,46.35,wet,moderate,rising,rising,TOO_WET
2026-04-25T09:44:43.085334+00:00,1777110283.0853336,354,773,78.24,30.27,93.31,44.63,wet,light,stable,stable,TOO_WET
2026-04-25T09:44:43.256712+00:00,1777110283.2567124,364,768,75.29,30.93,91.55,42.93,wet,light,falling,falling,TOO_WET
2026-04-25T09:44:43.257799+00:00,1777110283.257799,374,762,72.35,31.73,89.16,41.27,wet,light,falling,falling,TOO_WET
2026-04-25T09:44:43.258277+00:00,1777110283.258277,371,693,73.24,40.93,86.66,40.68,wet,light,falling,falling,TOO_WET
2026-04-25T09:44:43.258732+00:00,1777110283.2587323,361,688,76.18,41.6,84.3,40.12,wet,light,falling,falling,
2026-04-25T09:44:43.259226+00:00,1777110283.259226,324,670,87.06,44.0,82.76,39.62,wet,light,falling,stable,
2026-04-25T09:44:43.259696+00:00,1777110283.2596958,316,666,89.41,44.53,81.47,39.12,wet,light,stable,rising,
2026-04-25T09:44:43.260180+00:00,1777110283.2601802,309,662,91.47,45.07,80.41,38.63,wet,light,rising,rising,
2026-04-25T09:44:43.260619+00:00,1777110283.2606187,303,658,93.24,45.6,82.28,40.55,wet,light,rising,rising,
2026-04-25T09:44:43.261083+00:00,1777110283.261083,297,654,95.0,46.13,84.74,42.45,wet,light,rising,rising,
2026-04-25T09:44:43.261479+00:00,1777110283.261479,282,640,99.41,48.0,88.13,44.48,wet,light,rising,rising,TOO_WET
2026-04-25T09:44:43.261926+00:00,1777110283.2619257,281,636,99.71,48.53,91.44,45.43,wet,moderate,rising,rising,TOO_WET
2026-04-25T09:44:43.262372+00:00,1777110283.2623715,280,633,100.0,48.93,94.41,46.35,wet,moderate,rising,rising,TOO_WET
2026-04-25T09:44:43.262767+00:00,1777110283.2627668,284,622,98.82,50.4,95.88,47.15,wet,moderate,rising,rising,TOO_WET
2026-04-25T09:44:45.021999+00:00,1777110285.0219991,361,688,76.18,41.6,94.23,46.78,wet,moderate,stable,stable,TOO_WET
2026-04-25T09:44:45.841273+00:00,1777110285.841273,324,670,87.06,44.0,93.68,46.65,wet,moderate,falling,stable,TOO_WET
2026-04-25T09:44:45.842477+00:00,1777110285.8424766,316,666,89.41,44.53,93.2,46.52,wet,moderate,falling,stable,TOO_WET
2026-04-25T09:44:45.843025+00:00,1777110285.8430252,309,662,91.47,45.07,92.76,46.38,wet,moderate,falling,falling,TOO_WET
2026-04-25T09:44:45.843434+00:00,1777110285.8434336,303,658,93.24,45.6,91.99,46.08,wet,moderate,falling,stable,TOO_WET
2026-04-25T09:44:45.843828+00:00,1777110285.8438282,297,654,95.0,46.13,91.4,45.78,wet,moderate,stable,stable,TOO_WET
2026-04-25T09:44:45.844428+00:00,1777110285.844428,282,640,99.41,48.0,91.32,45.67,wet,moderate,rising,stable,TOO_WET
2026-04-25T09:44:45.844857+00:00,1777110285.8448575,281,636,99.71,48.53,91.44,45.43,wet,moderate,rising,rising,TOO_WET
2026-04-25T09:44:45.845238+00:00,1777110285.8452377,280,633,100.0,48.93,94.41,46.35,wet,moderate,rising,rising,TOO_WET
2026-04-25T09:44:45.845606+00:00,1777110285.8456056,284,622,98.82,50.4,95.88,47.15,wet,moderate,rising,rising,TOO_WET
2026-04-25T09:44:45.845973+00:00,1777110285.8459728,288,619,97.65,50.8,96.91,47.93,wet,moderate,rising,rising,TOO_WET
2026-04-25T09:44:47.592795+00:00,1777110287.5927947,324,670,87.06,44.0,96.36,47.8,wet,moderate,stable,stable,TOO_WET
2026-04-25T09:44:48.104666+00:00,1777110288.1046655,316,666,89.41,44.53,95.88,47.66,wet,moderate,falling,stable,TOO_WET
2026-04-25T09:44:48.105614+00:00,1777110288.1056142,309,662,91.47,45.07,95.44,47.53,wet,moderate,falling,stable,TOO_WET
2026-04-25T09:44:48.106048+00:00,1777110288.1060476,303,658,93.24,45.6,94.67,47.23,wet,moderate,falling,falling,TOO_WET
2026-04-25T09:44:48.106475+00:00,1777110288.1064746,297,654,95.0,46.13,94.08,46.93,wet,moderate,falling,falling,TOO_WET
2026-04-25T09:44:48.106888+00:00,1777110288.1068883,282,640,99.41,48.0,94.01,46.82,wet,moderate,stable,stable,TOO_WET
2026-04-25T09:44:48.107264+00:00,1777110288.1072636,281,636,99.71,48.53,94.12,46.58,wet,moderate,rising,stable,TOO_WET
2026-04-25T09:44:48.107716+00:00,1777110288.107716,280,633,100.0,48.93,94.41,46.35,wet,moderate,rising,rising,TOO_WET
2026-04-25T09:44:48.108146+00:00,1777110288.108146,284,622,98.82,50.4,95.88,47.15,wet,moderate,rising,rising,TOO_WET
2026-04-25T09:44:48.108524+00:00,1777110288.1085236,288,619,97.65,50.8,96.91,47.93,wet,moderate,rising,rising,TOO_WET
2026-04-25T09:44:48.108977+00:00,1777110288.1089766,308,611,91.76,51.87,96.95,48.78,wet,moderate,stable,rising,TOO_WET
2026-04-25T09:44:56.611933+00:00,1777110296.6119332,419,740,59.12,34.67,92.68,47.42,wet,moderate,falling,stable,TOO_WET
2026-04-25T09:44:58.130778+00:00,1777110298.1307783,431,735,55.59,35.33,87.76,46.07,wet,moderate,falling,falling,TOO_WET
2026-04-25T09:44:58.131774+00:00,1777110298.1317742,443,730,52.06,36.0,81.84,44.57,wet,light,falling,falling,
2026-04-25T09:44:58.132279+00:00,1777110298.1322792,455,725,48.53,36.67,75.44,43.08,wet,light,falling,falling,
2026-04-25T09:44:58.132936+00:00,1777110298.1329358,316,666,89.41,44.53,74.12,42.53,optimal,light,falling,falling,
2026-04-25T09:45:00.587421+00:00,1777110300.5874212,309,662,91.47,45.07,73.2,41.87,optimal,light,falling,stable,
2026-04-25T09:45:00.588348+00:00,1777110300.5883477,303,658,93.24,45.6,72.65,41.22,optimal,light,rising,rising,
2026-04-25T09:45:00.588861+00:00,1777110300.5888605,297,654,95.0,46.13,73.05,40.5,optimal,light,rising,rising,
2026-04-25T09:45:00.589289+00:00,1777110300.5892892,282,640,99.41,48.0,78.09,42.17,wet,light,rising,rising,
2026-04-25T09:45:00.589662+00:00,1777110300.5896616,281,636,99.71,48.53,83.6,43.82,wet,light,rising,rising,
2026-04-25T09:45:00.590107+00:00,1777110300.5901074,280,633,100.0,48.93,89.6,45.43,wet,moderate,rising,rising,TOO_WET
2026-04-25T09:45:00.591165+00:00,1777110300.5911648,284,622,98.82,50.4,95.88,47.15,wet,moderate,rising,rising,TOO_WET
2026-04-25T09:45:00.591596+00:00,1777110300.5915961,288,619,97.65,50.8,96.91,47.93,wet,moderate,rising,rising,TOO_WET
2026-04-25T09:45:00.591967+00:00,1777110300.5919666,308,611,91.76,51.87,96.95,48.78,wet,moderate,stable,rising,TOO_WET
2026-04-25T09:45:00.592457+00:00,1777110300.5924568,315,609,89.71,52.13,96.51,49.6,wet,moderate,falling,rising,TOO_WET
2026-04-25T09:45:02.789251+00:00,1777110302.789251,490,709,38.24,38.8,89.41,48.68,wet,moderate,falling,stable,TOO_WET
2026-04-25T09:45:07.820983+00:00,1777110307.8209827,309,662,91.47,45.07,88.42,48.32,wet,moderate,falling,stable,TOO_WET
2026-04-25T09:45:08.498043+00:00,1777110308.4980433,303,658,93.24,45.6,87.61,47.95,wet,moderate,falling,falling,TOO_WET
2026-04-25T09:45:08.499368+00:00,1777110308.4993682,297,654,95.0,46.13,86.99,47.6,wet,moderate,falling,falling,TOO_WET
2026-04-25T09:45:08.499805+00:00,1777110308.499805,282,640,99.41,48.0,87.06,47.3,wet,moderate,rising,stable,TOO_WET
2026-04-25T09:45:08.500181+00:00,1777110308.5001814,281,636,99.71,48.53,87.32,47.02,wet,moderate,rising,stable,TOO_WET
2026-04-25T09:45:08.500612+00:00,1777110308.5006123,280,633,100.0,48.93,88.35,46.65,wet,moderate,rising,stable,TOO_WET
2026-04-25T09:45:08.501002+00:00,1777110308.5010018,284,622,98.82,50.4,89.49,46.43,wet,moderate,rising,rising,TOO_WET
2026-04-25T09:45:08.501451+00:00,1777110308.5014508,288,619,97.65,50.8,96.91,47.93,wet,moderate,rising,rising,TOO_WET
2026-04-25T09:45:08.501829+00:00,1777110308.5018291,308,611,91.76,51.87,96.95,48.78,wet,moderate,stable,rising,TOO_WET
2026-04-25T09:45:08.502321+00:00,1777110308.5023212,315,609,89.71,52.13,96.51,49.6,wet,moderate,falling,rising,TOO_WET
2026-04-25T09:45:10.110579+00:00,1777110310.1105785,309,662,91.47,45.07,96.07,49.47,wet,moderate,falling,stable,TOO_WET
2026-04-25T09:45:11.953755+00:00,1777110311.9537551,303,658,93.24,45.6,95.3,49.17,wet,moderate,falling,stable,TOO_WET
2026-04-25T09:45:11.954776+00:00,1777110311.9547758,297,654,95.0,46.13,94.71,48.87,wet,moderate,falling,falling,TOO_WET
2026-04-25T09:45:11.955316+00:00,1777110311.9553158,282,640,99.41,48.0,94.63,48.75,wet,moderate,stable,falling,TOO_WET
2026-04-25T09:45:11.955700+00:00,1777110311.9557002,281,636,99.71,48.53,94.74,48.52,wet,moderate,rising,stable,TOO_WET
2026-04-25T09:45:11.956101+00:00,1777110311.9561012,280,633,100.0,48.93,95.04,48.28,wet,moderate,rising,stable,TOO_WET
2026-04-25T09:45:11.956605+00:00,1777110311.9566054,284,622,98.82,50.4,95.92,48.1,wet,moderate,rising,stable,TOO_WET
2026-04-25T09:45:11.957031+00:00,1777110311.957031,288,619,97.65,50.8,96.91,47.93,wet,moderate,rising,rising,TOO_WET
2026-04-25T09:45:11.957439+00:00,1777110311.957439,308,611,91.76,51.87,96.95,48.78,wet,moderate,stable,rising,TOO_WET
2026-04-25T09:45:11.957823+00:00,1777110311.9578226,315,609,89.71,52.13,96.51,49.6,wet,moderate,falling,rising,TOO_WET
2026-04-25T09:45:11.958182+00:00,1777110311.9581819,323,607,87.35,52.4,95.55,50.38,wet,moderate,falling,stable,TOO_WET
2026-04-25T09:45:15.869295+00:00,1777110315.869295,554,681,19.41,42.53,85.55,49.7,wet,moderate,falling,stable,TOO_WET
2026-04-25T09:45:16.050637+00:00,1777110316.0506372,303,658,93.24,45.6,84.74,49.33,wet,moderate,falling,stable,
2026-04-25T09:45:16.051745+00:00,1777110316.0517452,297,654,95.0,46.13,84.12,48.98,wet,moderate,falling,falling,
2026-04-25T09:45:16.052302+00:00,1777110316.052302,282,640,99.41,48.0,84.19,48.68,wet,moderate,falling,falling,
2026-04-25T09:45:16.052758+00:00,1777110316.052758,281,636,99.71,48.53,84.45,48.4,wet,moderate,rising,stable,
2026-04-25T09:45:16.053215+00:00,1777110316.053215,280,633,100.0,48.93,85.48,48.03,wet,moderate,rising,stable,TOO_WET
2026-04-25T09:45:16.053650+00:00,1777110316.0536501,284,622,98.82,50.4,86.62,47.81,wet,moderate,rising,stable,TOO_WET
2026-04-25T09:45:16.054029+00:00,1777110316.054029,288,619,97.65,50.8,87.91,47.62,wet,moderate,rising,rising,TOO_WET
2026-04-25T09:45:16.054395+00:00,1777110316.0543954,308,611,91.76,51.87,96.95,48.78,wet,moderate,stable,rising,TOO_WET
2026-04-25T09:45:16.054947+00:00,1777110316.0549474,315,609,89.71,52.13,96.51,49.6,wet,moderate,falling,rising,TOO_WET
2026-04-25T09:45:16.055972+00:00,1777110316.055972,323,607,87.35,52.4,95.55,50.38,wet,moderate,falling,stable,TOO_WET
2026-04-25T09:45:17.917544+00:00,1777110317.9175436,303,658,93.24,45.6,94.78,50.08,wet,moderate,falling,stable,TOO_WET
2026-04-25T09:45:23.071241+00:00,1777110323.071241,297,654,95.0,46.13,94.19,49.78,wet,moderate,falling,stable,TOO_WET
2026-04-25T09:45:25.370708+00:00,1777110325.3707078,282,640,99.41,48.0,94.12,49.67,wet,moderate,stable,falling,TOO_WET
2026-04-25T09:45:25.371787+00:00,1777110325.3717866,281,636,99.71,48.53,94.23,49.43,wet,moderate,rising,falling,TOO_WET
2026-04-25T09:45:25.372502+00:00,1777110325.372502,280,633,100.0,48.93,94.52,49.2,wet,moderate,rising,stable,TOO_WET
2026-04-25T09:45:25.373167+00:00,1777110325.3731673,284,622,98.82,50.4,95.41,49.02,wet,moderate,rising,stable,TOO_WET
2026-04-25T09:45:25.373711+00:00,1777110325.3737106,288,619,97.65,50.8,96.4,48.85,wet,moderate,rising,stable,TOO_WET
2026-04-25T09:45:25.374232+00:00,1777110325.374232,308,611,91.76,51.87,96.95,48.78,wet,moderate,stable,rising,TOO_WET
2026-04-25T09:45:25.374733+00:00,1777110325.3747327,315,609,89.71,52.13,96.51,49.6,wet,moderate,falling,rising,TOO_WET
2026-04-25T09:45:25.375240+00:00,1777110325.3752398,323,607,87.35,52.4,95.55,50.38,wet,moderate,falling,stable,TOO_WET
2026-04-25T09:45:25.375623+00:00,1777110325.3756225,349,603,79.71,52.93,93.09,51.0,wet,moderate,falling,stable,TOO_WET
2026-04-25T09:45:34.673491+00:00,1777110334.6734915,600,655,5.88,46.0,81.36,50.68,wet,moderate,falling,stable,
2026-04-25T09:45:35.457403+00:00,1777110335.4574027,605,652,4.41,46.4,69.41,50.37,optimal,moderate,falling,stable,
2026-04-25T09:45:35.458610+00:00,1777110335.4586098,609,648,3.24,46.93,57.46,49.93,optimal,moderate,falling,falling,
2026-04-25T09:45:35.459265+00:00,1777110335.4592655,613,644,2.06,47.47,45.52,49.52,optimal,moderate,falling,falling,
2026-04-25T09:45:35.459775+00:00,1777110335.4597747,616,641,1.18,47.87,34.19,49.02,low,moderate,falling,falling,
2026-04-25T09:45:35.460187+00:00,1777110335.4601874,297,654,95.0,46.13,34.85,48.27,low,moderate,falling,stable,
2026-04-25T09:45:35.460583+00:00,1777110335.4605832,282,640,99.41,48.0,36.36,47.72,low,moderate,rising,stable,
2026-04-25T09:45:35.460974+00:00,1777110335.4609735,281,636,99.71,48.53,38.86,47.17,low,moderate,rising,stable,
2026-04-25T09:45:35.461410+00:00,1777110335.4614103,280,633,100.0,48.93,50.63,47.53,optimal,moderate,rising,stable,
2026-04-25T09:45:35.461813+00:00,1777110335.4618132,284,622,98.82,50.4,62.43,48.03,optimal,moderate,rising,stable,
2026-04-25T09:45:35.462230+00:00,1777110335.4622302,288,619,97.65,50.8,74.23,48.52,optimal,moderate,rising,stable,
2026-04-25T09:45:35.462610+00:00,1777110335.4626102,308,611,91.76,51.87,85.44,49.07,wet,moderate,rising,stable,TOO_WET
2026-04-25T09:45:35.463003+00:00,1777110335.4630032,315,609,89.71,52.13,96.51,49.6,wet,moderate,falling,rising,TOO_WET
2026-04-25T09:45:35.463389+00:00,1777110335.4633894,323,607,87.35,52.4,95.55,50.38,wet,moderate,falling,stable,TOO_WET
2026-04-25T09:45:35.463749+00:00,1777110335.4637487,349,603,79.71,52.93,93.09,51.0,wet,moderate,falling,stable,TOO_WET
2026-04-25T09:45:40.135904+00:00,1777110340.1359036,297,654,95.0,46.13,92.5,50.7,wet,moderate,falling,stable,TOO_WET
2026-04-25T09:45:41.353669+00:00,1777110341.3536692,282,640,99.41,48.0,92.43,50.58,wet,moderate,falling,stable,TOO_WET
2026-04-25T09:45:41.524244+00:00,1777110341.524244,281,636,99.71,48.53,92.54,50.35,wet,moderate,stable,stable,TOO_WET
2026-04-25T09:45:41.525362+00:00,1777110341.5253625,280,633,100.0,48.93,92.83,50.12,wet,moderate,rising,falling,TOO_WET
2026-04-25T09:45:41.525896+00:00,1777110341.5258956,284,622,98.82,50.4,93.71,49.93,wet,moderate,rising,stable,TOO_WET
2026-04-25T09:45:41.526375+00:00,1777110341.5263748,288,619,97.65,50.8,94.71,49.77,wet,moderate,rising,stable,TOO_WET
2026-04-25T09:45:41.526794+00:00,1777110341.5267944,308,611,91.76,51.87,95.26,49.7,wet,moderate,rising,stable,TOO_WET
2026-04-25T09:45:41.527189+00:00,1777110341.527189,315,609,89.71,52.13,96.51,49.6,wet,moderate,falling,rising,TOO_WET
2026-04-25T09:45:41.527563+00:00,1777110341.5275629,323,607,87.35,52.4,95.55,50.38,wet,moderate,falling,stable,TOO_WET
2026-04-25T09:45:41.527938+00:00,1777110341.5279384,349,603,79.71,52.93,93.09,51.0,wet,moderate,falling,stable,TOO_WET
2026-04-25T09:45:41.528305+00:00,1777110341.5283046,359,602,76.76,53.07,90.22,51.57,wet,moderate,falling,stable,TOO_WET
2026-04-25T09:45:50.135593+00:00,1777110350.1355932,618,625,0.59,50.0,77.79,51.7,wet,moderate,falling,stable,
2026-04-25T09:45:51.153767+00:00,1777110351.1537673,616,623,1.18,50.27,65.59,51.68,optimal,moderate,falling,stable,
2026-04-25T09:45:51.154847+00:00,1777110351.1548467,613,620,2.06,50.67,53.64,51.67,optimal,moderate,falling,stable,
2026-04-25T09:45:51.155285+00:00,1777110351.1552846,282,640,99.41,48.0,54.6,51.18,optimal,moderate,falling,stable,
2026-04-25T09:45:51.155987+00:00,1777110351.1559873,281,636,99.71,48.53,55.85,50.73,optimal,moderate,falling,stable,
2026-04-25T09:45:51.156468+00:00,1777110351.156468,280,633,100.0,48.93,57.43,50.3,optimal,moderate,rising,stable,
2026-04-25T09:45:51.156857+00:00,1777110351.1568573,284,622,98.82,50.4,59.82,49.98,optimal,moderate,rising,stable,
2026-04-25T09:45:51.157231+00:00,1777110351.1572306,288,619,97.65,50.8,62.43,49.7,optimal,moderate,rising,stable,
2026-04-25T09:45:51.157715+00:00,1777110351.1577148,308,611,91.76,51.87,73.82,49.93,optimal,moderate,rising,stable,
2026-04-25T09:45:51.158108+00:00,1777110351.158108,315,609,89.71,52.13,84.89,50.17,wet,moderate,rising,stable,
2026-04-25T09:45:51.158476+00:00,1777110351.1584756,323,607,87.35,52.4,95.55,50.38,wet,moderate,falling,stable,TOO_WET
2026-04-25T09:45:51.158833+00:00,1777110351.1588333,349,603,79.71,52.93,93.09,51.0,wet,moderate,falling,stable,TOO_WET
2026-04-25T09:45:51.159279+00:00,1777110351.1592789,359,602,76.76,53.07,90.22,51.57,wet,moderate,falling,stable,TOO_WET
2026-04-25T09:45:51.159715+00:00,1777110351.1597154,402,600,64.12,53.33,85.73,52.12,wet,moderate,falling,stable,TOO_WET
2026-04-25T09:45:52.919678+00:00,1777110352.9196777,281,636,99.71,48.53,85.85,51.88,wet,moderate,falling,stable,TOO_WET
2026-04-25T09:45:55.192085+00:00,1777110355.1920846,280,633,100.0,48.93,86.14,51.65,wet,moderate,stable,stable,TOO_WET
2026-04-25T09:45:56.650944+00:00,1777110356.6509445,284,622,98.82,50.4,87.02,51.47,wet,moderate,rising,stable,TOO_WET
2026-04-25T09:45:56.652199+00:00,1777110356.652199,288,619,97.65,50.8,88.02,51.3,wet,moderate,rising,falling,TOO_WET
2026-04-25T09:45:56.652658+00:00,1777110356.652658,308,611,91.76,51.87,88.57,51.23,wet,moderate,rising,stable,TOO_WET
2026-04-25T09:45:56.653041+00:00,1777110356.6530414,315,609,89.71,52.13,89.82,51.13,wet,moderate,rising,stable,TOO_WET
2026-04-25T09:45:56.653470+00:00,1777110356.6534703,323,607,87.35,52.4,91.14,51.05,wet,moderate,stable,stable,TOO_WET
2026-04-25T09:45:56.654007+00:00,1777110356.6540074,349,603,79.71,52.93,93.09,51.0,wet,moderate,falling,stable,TOO_WET
2026-04-25T09:45:56.654485+00:00,1777110356.6544855,359,602,76.76,53.07,90.22,51.57,wet,moderate,falling,stable,TOO_WET
2026-04-25T09:45:56.654913+00:00,1777110356.654913,402,600,64.12,53.33,85.73,52.12,wet,moderate,falling,stable,TOO_WET
2026-04-25T09:45:56.655333+00:00,1777110356.6553328,414,600,60.59,53.33,80.96,52.48,wet,moderate,falling,stable,
2026-04-25T09:45:57.278738+00:00,1777110357.2787385,280,633,100.0,48.93,81.25,52.25,wet,moderate,falling,stable,
2026-04-25T09:46:02.311706+00:00,1777110362.3117058,284,622,98.82,50.4,82.13,52.06,wet,moderate,stable,stable,
2026-04-25T09:46:02.834228+00:00,1777110362.834228,288,619,97.65,50.8,83.12,51.9,wet,moderate,rising,stable,
2026-04-25T09:46:02.835177+00:00,1777110362.8351767,308,611,91.76,51.87,83.68,51.83,wet,moderate,rising,stable,
2026-04-25T09:46:02.835750+00:00,1777110362.8357496,315,609,89.71,52.13,84.93,51.73,wet,moderate,rising,stable,
2026-04-25T09:46:02.836232+00:00,1777110362.8362322,323,607,87.35,52.4,86.25,51.65,wet,moderate,rising,stable,TOO_WET
2026-04-25T09:46:02.836635+00:00,1777110362.8366346,349,603,79.71,52.93,88.2,51.6,wet,moderate,stable,stable,TOO_WET
2026-04-25T09:46:02.837034+00:00,1777110362.8370342,359,602,76.76,53.07,90.22,51.57,wet,moderate,falling,stable,TOO_WET
2026-04-25T09:46:02.837454+00:00,1777110362.8374538,402,600,64.12,53.33,85.73,52.12,wet,moderate,falling,stable,TOO_WET
2026-04-25T09:46:02.837847+00:00,1777110362.8378472,414,600,60.59,53.33,80.96,52.48,wet,moderate,falling,stable,
2026-04-25T09:46:02.838218+00:00,1777110362.8382177,425,600,57.35,53.33,75.92,52.8,wet,moderate,falling,stable,
2026-04-25T09:46:03.969567+00:00,1777110363.9695673,284,622,98.82,50.4,76.8,52.62,wet,moderate,falling,stable,
2026-04-25T09:46:05.721586+00:00,1777110365.7215862,288,619,97.65,50.8,77.79,52.45,wet,moderate,stable,stable,
2026-04-25T09:46:05.722964+00:00,1777110365.7229638,308,611,91.76,51.87,78.34,52.38,wet,moderate,rising,stable,
2026-04-25T09:46:05.723550+00:00,1777110365.7235503,315,609,89.71,52.13,79.59,52.28,wet,moderate,rising,stable,
2026-04-25T09:46:05.724463+00:00,1777110365.7244627,323,607,87.35,52.4,80.92,52.2,wet,moderate,rising,stable,
2026-04-25T09:46:05.725009+00:00,1777110365.7250087,349,603,79.71,52.93,82.87,52.15,wet,moderate,rising,stable,
2026-04-25T09:46:05.725405+00:00,1777110365.7254047,359,602,76.76,53.07,84.89,52.12,wet,moderate,falling,stable,
2026-04-25T09:46:05.725770+00:00,1777110365.72577,402,600,64.12,53.33,85.73,52.12,wet,moderate,falling,stable,TOO_WET
2026-04-25T09:46:05.726166+00:00,1777110365.7261658,414,600,60.59,53.33,80.96,52.48,wet,moderate,falling,stable,
2026-04-25T09:46:05.726528+00:00,1777110365.7265277,425,600,57.35,53.33,75.92,52.8,wet,moderate,falling,stable,
2026-04-25T09:46:05.726892+00:00,1777110365.7268918,437,600,53.82,53.33,71.18,52.98,optimal,moderate,falling,stable,
2026-04-25T09:46:08.360208+00:00,1777110368.3602078,288,619,97.65,50.8,72.17,52.81,optimal,moderate,falling,stable,
2026-04-25T09:46:10.160993+00:00,1777110370.160993,308,611,91.76,51.87,72.72,52.75,optimal,moderate,rising,stable,
2026-04-25T09:46:10.161975+00:00,1777110370.1619747,315,609,89.71,52.13,73.97,52.65,optimal,moderate,rising,stable,
2026-04-25T09:46:10.162423+00:00,1777110370.1624234,323,607,87.35,52.4,75.29,52.56,wet,moderate,rising,stable,
2026-04-25T09:46:10.162855+00:00,1777110370.1628551,349,603,79.71,52.93,77.24,52.52,wet,moderate,rising,stable,
2026-04-25T09:46:10.163369+00:00,1777110370.163369,359,602,76.76,53.07,79.26,52.48,wet,moderate,rising,stable,
2026-04-25T09:46:10.163772+00:00,1777110370.1637723,402,600,64.12,53.33,80.11,52.48,wet,moderate,falling,stable,
2026-04-25T09:46:10.164148+00:00,1777110370.1641483,414,600,60.59,53.33,80.96,52.48,wet,moderate,falling,stable,
2026-04-25T09:46:10.164639+00:00,1777110370.1646395,425,600,57.35,53.33,75.92,52.8,wet,moderate,falling,stable,
2026-04-25T09:46:10.165065+00:00,1777110370.165065,437,600,53.82,53.33,71.18,52.98,optimal,moderate,falling,stable,
2026-04-25T09:46:10.165441+00:00,1777110370.165441,449,600,50.29,53.33,66.25,53.13,optimal,moderate,falling,stable,
2026-04-25T09:46:12.971326+00:00,1777110372.971326,308,611,91.76,51.87,66.8,53.06,optimal,moderate,falling,stable,
2026-04-25T09:46:13.306804+00:00,1777110373.3068042,315,609,89.71,52.13,68.05,52.96,optimal,moderate,rising,stable,
2026-04-25T09:46:13.307961+00:00,1777110373.307961,323,607,87.35,52.4,69.37,52.88,optimal,moderate,rising,stable,
2026-04-25T09:46:13.308398+00:00,1777110373.3083978,349,603,79.71,52.93,71.32,52.83,optimal,moderate,rising,stable,
2026-04-25T09:46:13.308947+00:00,1777110373.308947,359,602,76.76,53.07,73.34,52.8,optimal,moderate,rising,stable,
2026-04-25T09:46:13.309453+00:00,1777110373.3094525,402,600,64.12,53.33,74.19,52.8,optimal,moderate,rising,stable,
2026-04-25T09:46:13.309910+00:00,1777110373.3099096,414,600,60.59,53.33,75.04,52.8,wet,moderate,falling,stable,
2026-04-25T09:46:13.310422+00:00,1777110373.3104217,425,600,57.35,53.33,75.92,52.8,wet,moderate,falling,stable,
2026-04-25T09:46:13.310935+00:00,1777110373.3109345,437,600,53.82,53.33,71.18,52.98,optimal,moderate,falling,stable,
2026-04-25T09:46:13.311383+00:00,1777110373.3113835,449,600,50.29,53.33,66.25,53.13,optimal,moderate,falling,stable,
2026-04-25T09:46:13.311769+00:00,1777110373.311769,461,600,46.76,53.33,61.17,53.25,optimal,moderate,falling,stable,
2026-04-25T09:46:14.379822+00:00,1777110374.3798218,315,609,89.71,52.13,62.42,53.15,optimal,moderate,falling,stable,
2026-04-25T09:46:19.284882+00:00,1777110379.2848818,323,607,87.35,52.4,63.75,53.06,optimal,moderate,rising,stable,
2026-04-25T09:46:19.627751+00:00,1777110379.627751,349,603,79.71,52.93,65.7,53.01,optimal,moderate,rising,stable,
2026-04-25T09:46:19.628610+00:00,1777110379.6286104,359,602,76.76,53.07,67.72,52.98,optimal,moderate,rising,stable,
2026-04-25T09:46:19.629027+00:00,1777110379.6290267,402,600,64.12,53.33,68.56,52.98,optimal,moderate,rising,stable,
2026-04-25T09:46:19.629423+00:00,1777110379.6294234,414,600,60.59,53.33,69.41,52.98,optimal,moderate,stable,stable,
2026-04-25T09:46:19.629903+00:00,1777110379.6299026,425,600,57.35,53.33,70.29,52.98,optimal,moderate,falling,stable,
2026-04-25T09:46:19.630338+00:00,1777110379.6303377,437,600,53.82,53.33,71.18,52.98,optimal,moderate,falling,stable,
2026-04-25T09:46:19.630796+00:00,1777110379.630796,449,600,50.29,53.33,66.25,53.13,optimal,moderate,falling,stable,
2026-04-25T09:46:19.631229+00:00,1777110379.6312287,461,600,46.76,53.33,61.17,53.25,optimal,moderate,falling,stable,
2026-04-25T09:46:19.631780+00:00,1777110379.6317797,473,601,43.24,53.2,56.62,53.28,optimal,moderate,falling,stable,
2026-04-25T09:46:26.708829+00:00,1777110386.7088292,478,600,41.76,53.33,52.24,53.31,optimal,moderate,falling,stable,
2026-04-25T09:46:26.767441+00:00,1777110386.7674408,467,600,45.0,53.33,49.85,53.31,optimal,moderate,falling,stable,
2026-04-25T09:46:26.768302+00:00,1777110386.768302,455,600,48.53,53.33,48.34,53.31,optimal,moderate,falling,stable,
2026-04-25T09:46:26.768798+00:00,1777110386.768798,443,600,52.06,53.33,47.68,53.31,optimal,moderate,stable,stable,
2026-04-25T09:46:26.769226+00:00,1777110386.769226,323,607,87.35,52.4,51.87,53.2,optimal,moderate,rising,stable,
2026-04-25T09:46:26.769608+00:00,1777110386.7696078,349,603,79.71,52.93,55.55,53.15,optimal,moderate,rising,stable,
2026-04-25T09:46:26.769973+00:00,1777110386.7699728,359,602,76.76,53.07,59.3,53.12,optimal,moderate,rising,stable,
2026-04-25T09:46:26.770335+00:00,1777110386.770335,402,600,64.12,53.33,61.91,53.13,optimal,moderate,rising,stable,
2026-04-25T09:46:26.770693+00:00,1777110386.7706926,414,600,60.59,53.33,64.27,53.13,optimal,moderate,rising,stable,
2026-04-25T09:46:26.771057+00:00,1777110386.7710574,425,600,57.35,53.33,65.81,53.13,optimal,moderate,stable,stable,
2026-04-25T09:46:26.771414+00:00,1777110386.7714143,437,600,53.82,53.33,66.47,53.13,optimal,moderate,falling,stable,
2026-04-25T09:46:26.771771+00:00,1777110386.771771,449,600,50.29,53.33,66.25,53.13,optimal,moderate,falling,stable,
2026-04-25T09:46:26.772131+00:00,1777110386.7721314,461,600,46.76,53.33,61.17,53.25,optimal,moderate,falling,stable,
2026-04-25T09:46:26.772482+00:00,1777110386.7724817,473,601,43.24,53.2,56.62,53.28,optimal,moderate,falling,stable,
2026-04-25T09:46:26.772830+00:00,1777110386.7728298,484,601,40.0,53.2,52.02,53.3,optimal,moderate,falling,stable,
2026-04-25T09:46:34.298455+00:00,1777110394.2984555,431,601,55.59,53.2,50.95,53.28,optimal,moderate,falling,stable,
2026-04-25T09:46:35.002925+00:00,1777110395.002925,419,601,59.12,53.2,50.77,53.27,optimal,moderate,stable,stable,
2026-04-25T09:46:35.004466+00:00,1777110395.004466,408,602,62.35,53.07,51.4,53.23,optimal,moderate,rising,stable,
2026-04-25T09:46:35.004968+00:00,1777110395.004968,349,603,79.71,52.93,54.63,53.18,optimal,moderate,rising,stable,
2026-04-25T09:46:38.209795+00:00,1777110398.2097948,359,602,76.76,53.07,57.94,53.15,optimal,moderate,rising,stable,
2026-04-25T09:46:38.649405+00:00,1777110398.6494052,402,600,64.12,53.33,60.11,53.15,optimal,moderate,rising,stable,
2026-04-25T09:46:38.650415+00:00,1777110398.650415,414,600,60.59,53.33,62.28,53.17,optimal,moderate,rising,stable,
2026-04-25T09:46:38.650899+00:00,1777110398.6508987,425,600,57.35,53.33,64.45,53.18,optimal,moderate,stable,stable,
2026-04-25T09:46:38.651356+00:00,1777110398.6513555,437,600,53.82,53.33,64.23,53.2,optimal,moderate,falling,stable,
2026-04-25T09:46:38.651738+00:00,1777110398.651738,449,600,50.29,53.33,63.12,53.21,optimal,moderate,falling,stable,
2026-04-25T09:46:38.652471+00:00,1777110398.6524713,461,600,46.76,53.33,61.17,53.25,optimal,moderate,falling,stable,
2026-04-25T09:46:38.652913+00:00,1777110398.6529126,473,601,43.24,53.2,56.62,53.28,optimal,moderate,falling,stable,
2026-04-25T09:46:38.653293+00:00,1777110398.6532934,484,601,40.0,53.2,52.02,53.3,optimal,moderate,falling,stable,
2026-04-25T09:46:38.653673+00:00,1777110398.6536734,496,602,36.47,53.07,48.56,53.27,optimal,moderate,falling,stable,
2026-04-25T09:46:39.508105+00:00,1777110399.508105,359,602,76.76,53.07,50.59,53.23,optimal,moderate,stable,stable,
2026-04-25T09:46:40.222631+00:00,1777110400.2226305,402,600,64.12,53.33,51.43,53.23,optimal,moderate,rising,stable,
2026-04-25T09:46:40.224261+00:00,1777110400.2242606,414,600,60.59,53.33,52.28,53.23,optimal,moderate,rising,stable,
2026-04-25T09:46:40.224924+00:00,1777110400.224924,425,600,57.35,53.33,53.16,53.23,optimal,moderate,rising,stable,
2026-04-25T09:46:40.225390+00:00,1777110400.2253902,437,600,53.82,53.33,54.04,53.23,optimal,moderate,rising,stable,
2026-04-25T09:46:40.225776+00:00,1777110400.2257762,449,600,50.29,53.33,54.93,53.25,optimal,moderate,stable,stable,
2026-04-25T09:46:40.226146+00:00,1777110400.226146,461,600,46.76,53.33,55.77,53.27,optimal,moderate,falling,stable,
2026-04-25T09:46:40.226525+00:00,1777110400.2265248,473,601,43.24,53.2,56.62,53.28,optimal,moderate,falling,stable,
2026-04-25T09:46:40.226885+00:00,1777110400.2268853,484,601,40.0,53.2,52.02,53.3,optimal,moderate,falling,stable,
2026-04-25T09:46:40.227311+00:00,1777110400.2273114,496,602,36.47,53.07,48.56,53.27,optimal,moderate,falling,stable,
2026-04-25T09:46:40.227763+00:00,1777110400.2277634,507,603,33.24,52.93,45.15,53.22,optimal,moderate,falling,stable,
2026-04-25T09:46:42.273008+00:00,1777110402.2730083,402,600,64.12,53.33,45.99,53.22,optimal,moderate,falling,stable,
2026-04-25T09:46:45.447840+00:00,1777110405.44784,414,600,60.59,53.33,46.84,53.22,optimal,moderate,rising,stable,
2026-04-25T09:46:45.791534+00:00,1777110405.7915337,425,600,57.35,53.33,47.72,53.22,optimal,moderate,rising,stable,
2026-04-25T09:46:45.793036+00:00,1777110405.7930362,437,600,53.82,53.33,48.6,53.22,optimal,moderate,rising,stable,
2026-04-25T09:46:45.793510+00:00,1777110405.7935104,449,600,50.29,53.33,49.48,53.23,optimal,moderate,rising,stable,
2026-04-25T09:46:45.793971+00:00,1777110405.7939706,461,600,46.76,53.33,50.33,53.25,optimal,moderate,rising,stable,
2026-04-25T09:46:45.794490+00:00,1777110405.79449,473,601,43.24,53.2,51.18,53.26,optimal,moderate,falling,stable,
2026-04-25T09:46:45.795011+00:00,1777110405.795011,484,601,40.0,53.2,52.02,53.3,optimal,moderate,falling,stable,
2026-04-25T09:46:45.795479+00:00,1777110405.7954793,496,602,36.47,53.07,48.56,53.27,optimal,moderate,falling,stable,
2026-04-25T09:46:45.795870+00:00,1777110405.79587,507,603,33.24,52.93,45.15,53.22,optimal,moderate,falling,stable,
2026-04-25T09:46:45.796294+00:00,1777110405.796294,518,605,30.0,52.67,41.73,53.13,low,moderate,falling,stable,
2026-04-25T09:46:47.188420+00:00,1777110407.1884196,414,600,60.59,53.33,42.57,53.13,low,moderate,falling,stable,
2026-04-25T09:46:47.867789+00:00,1777110407.8677888,425,600,57.35,53.33,43.46,53.13,low,moderate,rising,stable,
2026-04-25T09:46:47.869411+00:00,1777110407.8694112,437,600,53.82,53.33,44.34,53.13,low,moderate,rising,stable,
2026-04-25T09:46:47.870117+00:00,1777110407.870117,449,600,50.29,53.33,45.22,53.15,optimal,moderate,rising,stable,
2026-04-25T09:46:47.870556+00:00,1777110407.8705559,461,600,46.76,53.33,46.06,53.16,optimal,moderate,rising,stable,
2026-04-25T09:46:47.870927+00:00,1777110407.8709266,473,601,43.24,53.2,46.91,53.18,optimal,moderate,rising,stable,
2026-04-25T09:46:47.871342+00:00,1777110407.8713422,484,601,40.0,53.2,47.76,53.22,optimal,moderate,falling,stable,
2026-04-25T09:46:47.871823+00:00,1777110407.871823,496,602,36.47,53.07,48.56,53.27,optimal,moderate,falling,stable,
2026-04-25T09:46:47.872263+00:00,1777110407.8722632,507,603,33.24,52.93,45.15,53.22,optimal,moderate,falling,stable,
2026-04-25T09:46:47.872638+00:00,1777110407.8726385,518,605,30.0,52.67,41.73,53.13,low,moderate,falling,stable,
2026-04-25T09:46:47.873003+00:00,1777110407.8730032,583,617,10.88,51.07,36.36,52.85,low,moderate,falling,stable,
2026-04-25T09:46:49.493844+00:00,1777110409.4938438,425,600,57.35,53.33,37.24,52.85,low,moderate,falling,stable,
2026-04-25T09:46:54.049137+00:00,1777110414.0491374,437,600,53.82,53.33,38.12,52.85,low,moderate,stable,stable,
2026-04-25T09:46:54.050759+00:00,1777110414.0507593,449,600,50.29,53.33,39.01,52.87,low,moderate,rising,stable,
2026-04-25T09:46:54.051250+00:00,1777110414.0512495,461,600,46.76,53.33,39.85,52.88,low,moderate,rising,stable,
2026-04-25T09:46:54.051729+00:00,1777110414.051729,473,601,43.24,53.2,40.7,52.9,low,moderate,rising,stable,
2026-04-25T09:46:54.052617+00:00,1777110414.052617,484,601,40.0,53.2,41.54,52.93,low,moderate,rising,stable,
2026-04-25T09:46:54.053025+00:00,1777110414.0530248,496,602,36.47,53.07,42.35,52.98,low,moderate,stable,stable,
2026-04-25T09:46:54.053392+00:00,1777110414.0533917,507,603,33.24,52.93,45.15,53.22,optimal,moderate,falling,stable,
2026-04-25T09:46:54.053755+00:00,1777110414.0537546,518,605,30.0,52.67,41.73,53.13,low,moderate,falling,stable,
2026-04-25T09:46:54.054119+00:00,1777110414.0541186,583,617,10.88,51.07,36.36,52.85,low,moderate,falling,stable,
2026-04-25T09:46:54.054480+00:00,1777110414.0544796,590,619,8.82,50.8,31.18,52.53,low,moderate,falling,stable,
2026-04-25T09:46:56.711961+00:00,1777110416.7119608,437,600,53.82,53.33,32.06,52.53,low,moderate,falling,stable,
2026-04-25T09:46:57.547653+00:00,1777110417.547653,449,600,50.29,53.33,32.94,52.55,low,moderate,falling,stable,
2026-04-25T09:46:57.548598+00:00,1777110417.5485976,461,600,46.76,53.33,33.78,52.57,low,moderate,rising,stable,
2026-04-25T09:46:57.549012+00:00,1777110417.5490117,473,601,43.24,53.2,34.63,52.58,low,moderate,rising,stable,
2026-04-25T09:46:57.549392+00:00,1777110417.5493925,484,601,40.0,53.2,35.48,52.62,low,moderate,rising,stable,
2026-04-25T09:46:57.549755+00:00,1777110417.5497549,496,602,36.47,53.07,36.28,52.67,low,moderate,rising,stable,
2026-04-25T09:46:57.550111+00:00,1777110417.5501108,507,603,33.24,52.93,39.08,52.9,low,moderate,stable,stable,
2026-04-25T09:46:57.550465+00:00,1777110417.5504646,518,605,30.0,52.67,41.73,53.13,low,moderate,falling,stable,
2026-04-25T09:46:57.550819+00:00,1777110417.550819,583,617,10.88,51.07,36.36,52.85,low,moderate,falling,stable,
2026-04-25T09:46:57.551309+00:00,1777110417.5513093,590,619,8.82,50.8,31.18,52.53,low,moderate,falling,stable,
2026-04-25T09:46:57.551709+00:00,1777110417.5517087,597,622,6.76,50.4,26.18,52.17,low,moderate,falling,stable,
2026-04-25T09:46:59.169395+00:00,1777110419.1693952,449,600,50.29,53.33,27.06,52.18,low,moderate,falling,stable,
2026-04-25T09:46:59.886711+00:00,1777110419.8867114,461,600,46.76,53.33,27.9,52.2,low,moderate,stable,stable,
2026-04-25T09:47:00.063455+00:00,1777110420.0634553,473,601,43.24,53.2,28.75,52.22,low,moderate,rising,stable,
2026-04-25T09:47:00.064411+00:00,1777110420.0644112,484,601,40.0,53.2,29.59,52.25,low,moderate,rising,stable,
2026-04-25T09:47:00.064860+00:00,1777110420.06486,496,602,36.47,53.07,30.4,52.3,low,moderate,rising,stable,
2026-04-25T09:47:00.065303+00:00,1777110420.065303,507,603,33.24,52.93,33.2,52.53,low,moderate,rising,stable,
2026-04-25T09:47:00.065686+00:00,1777110420.0656865,518,605,30.0,52.67,35.84,52.77,low,moderate,stable,stable,
2026-04-25T09:47:00.066269+00:00,1777110420.0662694,583,617,10.88,51.07,36.36,52.85,low,moderate,falling,stable,
2026-04-25T09:47:00.066716+00:00,1777110420.0667157,590,619,8.82,50.8,31.18,52.53,low,moderate,falling,stable,
2026-04-25T09:47:00.067101+00:00,1777110420.067101,597,622,6.76,50.4,26.18,52.17,low,moderate,falling,stable,
2026-04-25T09:47:00.067501+00:00,1777110420.0675008,614,633,1.76,48.93,20.99,51.63,dry,moderate,falling,stable,TOO_DRY
2026-04-25T09:47:07.583245+00:00,1777110427.583245,286,632,98.24,49.07,28.27,51.12,low,moderate,stable,stable,
2026-04-25T09:47:07.976322+00:00,1777110427.9763224,283,635,99.12,48.67,36.1,50.57,low,moderate,rising,stable,
2026-04-25T09:47:07.978685+00:00,1777110427.978685,281,638,99.71,48.27,44.41,49.98,low,moderate,rising,stable,
2026-04-25T09:47:07.979971+00:00,1777110427.979971,461,600,46.76,53.33,46.51,50.07,optimal,moderate,rising,stable,
2026-04-25T09:47:07.981090+00:00,1777110427.9810898,473,601,43.24,53.2,50.55,50.33,optimal,moderate,rising,stable,
2026-04-25T09:47:07.982216+00:00,1777110427.982216,484,601,40.0,53.2,54.45,50.63,optimal,moderate,rising,stable,
2026-04-25T09:47:07.983166+00:00,1777110427.983166,496,602,36.47,53.07,58.16,50.97,optimal,moderate,falling,rising,
2026-04-25T09:47:07.984095+00:00,1777110427.9840946,507,603,33.24,52.93,62.1,51.47,optimal,moderate,falling,rising,
2026-04-25T09:47:07.984986+00:00,1777110427.9849856,518,605,30.0,52.67,53.57,51.92,optimal,moderate,falling,stable,
2026-04-25T09:47:07.985893+00:00,1777110427.9858925,583,617,10.88,51.07,42.54,52.22,low,moderate,falling,stable,
2026-04-25T09:47:07.986777+00:00,1777110427.9867768,590,619,8.82,50.8,31.18,52.53,low,moderate,falling,stable,
2026-04-25T09:47:07.987645+00:00,1777110427.9876451,597,622,6.76,50.4,26.18,52.17,low,moderate,falling,stable,
2026-04-25T09:47:07.988601+00:00,1777110427.9886007,614,633,1.76,48.93,20.99,51.63,dry,moderate,falling,stable,TOO_DRY
2026-04-25T09:47:07.989455+00:00,1777110427.9894545,617,636,0.88,48.53,16.1,51.05,dry,moderate,falling,stable,TOO_DRY
2026-04-25T13:00:58.098158+00:00,1777122058.0981584,596,992,7.06,1.07,7.06,1.07,dry,none,stable,stable,TOO_DRY
2026-04-25T13:01:00.265627+00:00,1777122060.2656274,590,991,8.82,1.2,7.94,1.14,dry,none,stable,stable,TOO_DRY
2026-04-25T13:01:02.357318+00:00,1777122062.3573184,583,989,10.88,1.47,8.92,1.25,dry,none,stable,stable,TOO_DRY
2026-04-25T13:01:04.166544+00:00,1777122064.1665437,575,987,13.24,1.73,10.0,1.37,dry,none,rising,stable,TOO_DRY
2026-04-25T13:01:06.195881+00:00,1777122066.195881,567,985,15.59,2.0,11.12,1.49,dry,none,rising,stable,TOO_DRY
2026-04-25T13:01:08.158199+00:00,1777122068.1581993,558,983,18.24,2.27,12.3,1.62,dry,none,rising,stable,TOO_DRY
2026-04-25T13:01:10.230602+00:00,1777122070.230602,548,981,21.18,2.53,13.57,1.75,dry,none,rising,stable,TOO_DRY
2026-04-25T13:01:12.167906+00:00,1777122072.1679063,539,978,23.82,2.93,14.85,1.9,dry,none,rising,stable,TOO_DRY
2026-04-25T13:01:14.114941+00:00,1777122074.1149414,528,976,27.06,3.2,17.35,2.17,dry,none,rising,stable,TOO_DRY
2026-04-25T13:01:16.139756+00:00,1777122076.139756,518,973,30.0,3.6,20.0,2.47,dry,none,rising,stable,TOO_DRY
2026-04-25T13:01:18.186186+00:00,1777122078.1861863,506,970,33.53,4.0,22.83,2.78,dry,none,rising,stable,TOO_DRY
2026-04-25T13:01:20.233552+00:00,1777122080.233552,495,967,36.76,4.4,25.77,3.12,low,none,rising,stable,
2026-04-25T13:01:22.179749+00:00,1777122082.1797488,484,964,40.0,4.8,28.82,3.47,low,none,rising,stable,
2026-04-25T13:01:24.138269+00:00,1777122084.1382692,472,961,43.53,5.2,31.98,3.83,low,none,rising,stable,
2026-04-25T13:01:26.378736+00:00,1777122086.3787365,460,957,47.06,5.73,35.22,4.23,low,none,rising,stable,
2026-04-25T13:01:28.502349+00:00,1777122088.5023494,448,954,50.59,6.13,38.57,4.63,low,none,rising,stable,
2026-04-25T13:01:30.199250+00:00,1777122090.1992497,436,950,54.12,6.67,41.95,5.07,low,none,rising,stable,
2026-04-25T13:01:32.316440+00:00,1777122092.31644,424,946,57.65,7.2,45.41,5.52,optimal,none,rising,stable,
2026-04-25T13:01:34.160589+00:00,1777122094.1605892,413,943,60.88,7.6,48.82,5.97,optimal,none,rising,stable,
2026-04-25T13:01:36.146494+00:00,1777122096.1464944,401,939,64.41,8.13,52.28,6.43,optimal,none,rising,stable,
2026-04-25T13:01:38.202905+00:00,1777122098.2029052,390,935,67.65,8.67,55.74,6.92,optimal,none,rising,stable,
2026-04-25T13:01:40.201704+00:00,1777122100.2017043,379,930,70.88,9.33,59.16,7.43,optimal,none,rising,stable,
2026-04-25T13:01:42.153389+00:00,1777122102.1533895,368,926,74.12,9.87,62.54,7.95,optimal,none,rising,stable,
2026-04-25T13:01:44.157454+00:00,1777122104.1574545,358,922,77.06,10.4,65.85,8.48,optimal,none,rising,stable,
2026-04-25T13:01:46.141712+00:00,1777122106.1417122,348,917,80.0,11.07,69.08,9.03,optimal,none,rising,stable,
2026-04-25T13:01:48.195145+00:00,1777122108.1951451,339,913,82.65,11.6,72.21,9.58,optimal,none,rising,stable,
2026-04-25T13:01:50.246293+00:00,1777122110.2462926,330,908,85.29,12.27,75.26,10.17,wet,none,rising,stable,
2026-04-25T13:01:52.183220+00:00,1777122112.1832201,322,903,87.65,12.93,78.16,10.77,wet,none,rising,stable,
2026-04-25T13:01:54.269828+00:00,1777122114.269828,314,898,90.0,13.6,80.96,11.38,wet,none,rising,stable,
2026-04-25T13:01:56.382803+00:00,1777122116.382803,308,894,91.76,14.13,83.57,11.98,wet,none,rising,stable,
2026-04-25T13:01:58.188799+00:00,1777122118.1887994,301,889,93.82,14.8,86.03,12.6,wet,none,rising,stable,TOO_WET
2026-04-25T13:02:00.175645+00:00,1777122120.1756446,296,884,95.29,15.47,88.31,13.23,wet,none,rising,stable,TOO_WET
2026-04-25T13:02:02.239226+00:00,1777122122.2392259,291,878,96.76,16.27,90.4,13.88,wet,none,rising,stable,TOO_WET
2026-04-25T13:02:04.186671+00:00,1777122124.186671,287,873,97.94,16.93,92.31,14.55,wet,none,rising,stable,TOO_WET
2026-04-25T13:02:06.212160+00:00,1777122126.21216,284,868,98.82,17.6,94.0,15.22,wet,light,rising,stable,TOO_WET
2026-04-25T13:02:08.200196+00:00,1777122128.200196,282,863,99.41,18.27,95.47,15.88,wet,light,rising,stable,TOO_WET
2026-04-25T13:02:10.216916+00:00,1777122130.2169156,280,857,100.0,19.07,96.72,16.57,wet,light,rising,stable,TOO_WET
2026-04-25T13:02:12.261007+00:00,1777122132.2610073,280,852,100.0,19.73,97.75,17.27,wet,light,rising,stable,TOO_WET
2026-04-25T13:02:15.328224+00:00,1777122135.328224,280,847,100.0,20.4,98.53,17.97,wet,light,stable,stable,TOO_WET
2026-04-25T13:02:16.253815+00:00,1777122136.2538147,281,841,99.71,21.2,99.08,18.68,wet,light,stable,stable,TOO_WET
2026-04-25T13:02:18.214422+00:00,1777122138.2144215,282,836,99.41,21.87,99.41,19.38,wet,light,stable,stable,TOO_WET
2026-04-25T13:02:20.343391+00:00,1777122140.343391,285,830,98.53,22.67,99.48,20.1,wet,light,stable,stable,TOO_WET
2026-04-25T13:02:22.186166+00:00,1777122142.1861663,289,825,97.35,23.33,99.3,20.82,wet,light,stable,stable,TOO_WET
2026-04-25T13:02:24.174186+00:00,1777122144.1741858,293,819,96.18,24.13,98.9,21.55,wet,light,stable,stable,TOO_WET
2026-04-25T13:02:26.293913+00:00,1777122146.2939126,298,813,94.71,24.93,98.24,22.28,wet,light,falling,stable,TOO_WET
2026-04-25T13:02:28.223438+00:00,1777122148.2234378,303,808,93.24,25.6,97.39,23.02,wet,light,falling,stable,TOO_WET
2026-04-25T13:02:30.167840+00:00,1777122150.16784,310,802,91.18,26.4,96.29,23.77,wet,light,falling,stable,TOO_WET
2026-04-25T13:02:32.841403+00:00,1777122152.8414035,317,797,89.12,27.07,94.97,24.5,wet,light,falling,stable,TOO_WET
2026-04-25T13:02:34.276933+00:00,1777122154.276933,325,791,86.76,27.87,93.38,25.25,wet,light,falling,stable,TOO_WET
2026-04-25T13:02:36.217506+00:00,1777122156.2175064,333,785,84.41,28.67,91.62,26.0,wet,light,falling,rising,TOO_WET
2026-04-25T13:02:38.321511+00:00,1777122158.3215106,342,780,81.76,29.33,89.67,26.75,wet,light,falling,stable,TOO_WET
2026-04-25T13:02:40.216195+00:00,1777122160.2161949,352,774,78.82,30.13,87.5,27.5,wet,light,falling,stable,TOO_WET
2026-04-25T13:02:42.273913+00:00,1777122162.2739127,362,769,75.88,30.8,85.15,28.23,wet,light,falling,stable,TOO_WET
2026-04-25T13:02:44.305436+00:00,1777122164.3054357,372,763,72.94,31.6,82.61,28.98,wet,light,falling,stable,
2026-04-25T13:02:46.207228+00:00,1777122166.207228,383,758,69.71,32.27,79.92,29.72,wet,light,falling,stable,
2026-04-25T13:02:48.305776+00:00,1777122168.3057756,394,752,66.47,33.07,77.09,30.47,wet,light,falling,stable,
2026-04-25T13:02:50.478926+00:00,1777122170.4789257,405,747,63.24,33.73,74.15,31.2,optimal,light,falling,stable,
2026-04-25T13:02:52.228123+00:00,1777122172.228123,417,741,59.71,34.53,71.07,31.93,optimal,light,falling,stable,
2026-04-25T13:02:54.351848+00:00,1777122174.3518484,429,736,56.18,35.2,67.87,32.67,optimal,light,falling,stable,
2026-04-25T13:02:56.253766+00:00,1777122176.253766,440,731,52.94,35.87,64.63,33.38,optimal,light,falling,stable,
2026-04-25T13:02:58.342220+00:00,1777122178.3422203,452,726,49.41,36.53,61.32,34.1,optimal,light,falling,stable,
2026-04-25T13:03:00.344235+00:00,1777122180.3442354,464,720,45.88,37.33,57.94,34.82,optimal,light,falling,stable,
2026-04-25T13:03:02.227945+00:00,1777122182.2279453,476,715,42.35,38.0,54.52,35.53,optimal,light,falling,stable,
2026-04-25T13:03:04.483799+00:00,1777122184.4837995,488,710,38.82,38.67,51.07,36.23,optimal,light,falling,stable,
2026-04-25T13:03:06.321932+00:00,1777122186.3219323,499,705,35.59,39.33,47.61,36.93,optimal,light,falling,stable,
2026-04-25T13:03:08.370615+00:00,1777122188.3706155,510,700,32.35,40.0,44.19,37.62,low,light,falling,stable,
2026-04-25T13:03:10.825733+00:00,1777122190.8257327,521,696,29.12,40.53,40.81,38.28,low,light,falling,stable,
2026-04-25T13:03:12.840879+00:00,1777122192.8408794,532,691,25.88,41.2,37.42,38.95,low,light,falling,stable,
2026-04-25T13:03:14.384383+00:00,1777122194.3843827,542,686,22.94,41.87,34.12,39.62,low,light,falling,stable,
2026-04-25T13:03:16.363350+00:00,1777122196.36335,552,682,20.0,42.4,30.88,40.25,low,light,falling,stable,
2026-04-25T13:03:18.845733+00:00,1777122198.845733,561,677,17.35,43.07,27.76,40.88,low,light,falling,stable,
2026-04-25T13:03:20.335618+00:00,1777122200.3356183,570,673,14.71,43.6,24.74,41.5,dry,light,falling,stable,TOO_DRY
2026-04-25T13:03:22.952308+00:00,1777122202.952308,578,668,12.35,44.27,21.84,42.12,dry,light,falling,stable,TOO_DRY
2026-04-25T13:03:25.358094+00:00,1777122205.3580935,585,664,10.29,44.8,19.08,42.72,dry,light,falling,stable,TOO_DRY
2026-04-25T13:03:27.621379+00:00,1777122207.6213787,592,660,8.24,45.33,16.47,43.32,dry,light,falling,stable,TOO_DRY
2026-04-25T13:03:29.060971+00:00,1777122209.0609715,598,656,6.47,45.87,14.04,43.9,dry,light,falling,stable,TOO_DRY
2026-04-25T13:03:32.537855+00:00,1777122212.537855,604,652,4.71,46.4,11.77,44.47,dry,light,falling,stable,TOO_DRY
2026-04-25T13:03:33.779367+00:00,1777122213.7793667,608,649,3.53,46.8,9.71,45.02,dry,moderate,falling,stable,TOO_DRY
2026-04-25T13:03:35.003016+00:00,1777122215.0030165,612,645,2.35,47.33,7.83,45.55,dry,moderate,falling,stable,TOO_DRY
2026-04-25T13:03:36.446807+00:00,1777122216.4468074,615,642,1.47,47.73,6.18,46.07,dry,moderate,falling,stable,TOO_DRY
2026-04-25T13:03:38.414963+00:00,1777122218.4149625,617,638,0.88,48.27,4.74,46.57,dry,moderate,falling,stable,TOO_DRY
2026-04-25T13:03:40.320176+00:00,1777122220.3201764,619,635,0.29,48.67,3.49,47.05,dry,moderate,falling,stable,TOO_DRY
2026-04-25T13:03:42.586486+00:00,1777122222.5864863,619,632,0.29,49.07,2.5,47.52,dry,moderate,falling,stable,TOO_DRY
2026-04-25T13:03:44.319767+00:00,1777122224.3197668,619,629,0.29,49.47,1.73,47.97,dry,moderate,stable,stable,TOO_DRY
2026-04-25T13:03:46.566124+00:00,1777122226.566124,618,626,0.59,49.87,1.21,48.4,dry,moderate,stable,stable,TOO_DRY
2026-04-25T13:03:48.904467+00:00,1777122228.9044666,616,623,1.18,50.27,0.92,48.84,dry,moderate,stable,stable,TOO_DRY
2026-04-25T13:03:50.446521+00:00,1777122230.446521,614,621,1.76,50.53,0.84,49.23,dry,moderate,stable,stable,TOO_DRY
2026-04-25T13:03:52.397066+00:00,1777122232.3970659,610,618,2.94,50.93,1.03,49.63,dry,moderate,stable,stable,TOO_DRY
2026-04-25T13:03:54.381004+00:00,1777122234.3810036,606,616,4.12,51.2,1.43,50.0,dry,moderate,stable,stable,TOO_DRY
2026-04-25T13:03:56.305496+00:00,1777122236.3054957,601,614,5.59,51.47,2.09,50.35,dry,moderate,rising,stable,TOO_DRY
2026-04-25T13:03:58.341254+00:00,1777122238.3412542,595,612,7.35,51.73,2.98,50.68,dry,moderate,rising,stable,TOO_DRY
2026-04-25T13:04:00.404281+00:00,1777122240.4042811,588,610,9.41,52.0,4.12,51.0,dry,moderate,rising,stable,TOO_DRY
2026-04-25T13:04:02.335160+00:00,1777122242.3351595,581,608,11.47,52.27,5.48,51.3,dry,moderate,rising,stable,TOO_DRY
2026-04-25T13:04:04.300351+00:00,1777122244.300351,573,607,13.82,52.4,7.06,51.57,dry,moderate,rising,stable,TOO_DRY
2026-04-25T13:04:06.355482+00:00,1777122246.3554816,565,605,16.18,52.67,8.86,51.83,dry,moderate,rising,stable,TOO_DRY
2026-04-25T13:04:08.515979+00:00,1777122248.5159786,556,604,18.82,52.8,10.85,52.07,dry,moderate,rising,stable,TOO_DRY
2026-04-25T13:04:10.436919+00:00,1777122250.4369192,546,603,21.76,52.93,13.05,52.28,dry,moderate,rising,stable,TOO_DRY
2026-04-25T13:04:12.461819+00:00,1777122252.461819,536,602,24.71,53.07,15.44,52.48,dry,moderate,rising,stable,TOO_DRY
2026-04-25T13:04:14.312125+00:00,1777122254.3121252,526,601,27.65,53.2,17.98,52.67,dry,moderate,rising,stable,TOO_DRY
2026-04-25T13:04:16.372371+00:00,1777122256.372371,515,601,30.88,53.2,20.66,52.82,dry,moderate,rising,stable,TOO_DRY
2026-04-25T13:04:18.302412+00:00,1777122258.3024116,504,600,34.12,53.33,23.49,52.95,dry,moderate,rising,stable,TOO_DRY
2026-04-25T13:04:20.314526+00:00,1777122260.3145263,492,600,37.65,53.33,26.47,53.07,low,moderate,rising,stable,
2026-04-25T13:04:22.305048+00:00,1777122262.305048,481,600,40.88,53.33,29.56,53.15,low,moderate,rising,stable,
2026-04-25T13:04:24.326155+00:00,1777122264.326155,469,600,44.41,53.33,32.76,53.22,low,moderate,rising,stable,
2026-04-25T13:04:26.405954+00:00,1777122266.4059536,457,600,47.94,53.33,36.03,53.27,low,moderate,rising,stable,
2026-04-25T13:04:28.369011+00:00,1777122268.3690112,445,600,51.47,53.33,39.38,53.3,low,moderate,rising,stable,
2026-04-25T13:04:30.393034+00:00,1777122270.3930337,433,600,55.0,53.33,42.79,53.31,low,moderate,rising,stable,
2026-04-25T13:04:32.339844+00:00,1777122272.3398435,422,601,58.24,53.2,46.21,53.31,optimal,moderate,rising,stable,
2026-04-25T13:04:35.733599+00:00,1777122275.7335994,410,602,61.76,53.07,49.67,53.28,optimal,moderate,rising,stable,
2026-04-25T13:04:36.355137+00:00,1777122276.355137,398,603,65.29,52.93,53.12,53.23,optimal,moderate,rising,stable,
2026-04-25T13:04:38.404739+00:00,1777122278.4047391,387,604,68.53,52.8,56.58,53.16,optimal,moderate,rising,stable,
2026-04-25T13:04:40.437755+00:00,1777122280.4377549,376,605,71.76,52.67,60.0,53.08,optimal,moderate,rising,stable,
2026-04-25T13:04:42.375629+00:00,1777122282.3756287,366,606,74.71,52.53,63.34,52.98,optimal,moderate,rising,stable,
2026-04-25T13:04:44.337814+00:00,1777122284.3378139,356,608,77.65,52.27,66.62,52.85,optimal,moderate,rising,stable,
2026-04-25T13:04:46.370067+00:00,1777122286.3700671,346,610,80.59,52.0,69.82,52.68,optimal,moderate,rising,stable,
2026-04-25T13:04:48.318886+00:00,1777122288.3188858,337,611,83.24,51.87,72.94,52.52,optimal,moderate,rising,stable,
2026-04-25T13:04:50.368831+00:00,1777122290.3688312,328,613,85.88,51.6,75.96,52.33,wet,moderate,rising,stable,
2026-04-25T13:04:52.829882+00:00,1777122292.8298817,320,616,88.24,51.2,78.83,52.12,wet,moderate,rising,stable,
2026-04-25T13:04:54.356581+00:00,1777122294.3565812,313,618,90.29,50.93,81.55,51.88,wet,moderate,rising,stable,
2026-04-25T13:04:56.307996+00:00,1777122296.3079963,306,620,92.35,50.67,84.12,51.63,wet,moderate,rising,stable,
2026-04-25T13:04:58.417881+00:00,1777122298.4178808,300,623,94.12,50.27,86.55,51.35,wet,moderate,rising,stable,TOO_WET
2026-04-25T13:05:00.500373+00:00,1777122300.500373,295,626,95.59,49.87,88.79,51.05,wet,moderate,rising,stable,TOO_WET
2026-04-25T13:05:02.351969+00:00,1777122302.3519685,290,628,97.06,49.6,90.85,50.75,wet,moderate,rising,stable,TOO_WET
2026-04-25T13:05:04.394059+00:00,1777122304.3940592,286,631,98.24,49.2,92.72,50.42,wet,moderate,rising,stable,TOO_WET
2026-04-25T13:05:06.440172+00:00,1777122306.440172,283,634,99.12,48.8,94.38,50.07,wet,moderate,rising,stable,TOO_WET
2026-04-25T13:05:08.587981+00:00,1777122308.5879805,281,638,99.71,48.27,95.81,49.7,wet,moderate,rising,stable,TOO_WET
2026-04-25T13:05:10.433030+00:00,1777122310.4330301,280,641,100.0,47.87,97.02,49.32,wet,moderate,rising,stable,TOO_WET
2026-04-25T13:05:12.384857+00:00,1777122312.384857,280,644,100.0,47.47,97.98,48.92,wet,moderate,rising,stable,TOO_WET
2026-04-25T13:05:14.430806+00:00,1777122314.4308062,280,648,100.0,46.93,98.72,48.5,wet,moderate,stable,stable,TOO_WET
2026-04-25T13:05:16.372955+00:00,1777122316.3729553,281,652,99.71,46.4,99.23,48.07,wet,moderate,stable,stable,TOO_WET
2026-04-25T13:05:18.323895+00:00,1777122318.3238952,283,656,99.12,45.87,99.49,47.6,wet,moderate,stable,stable,TOO_WET
2026-04-25T13:05:20.371677+00:00,1777122320.3716772,286,660,98.24,45.33,99.49,47.12,wet,moderate,stable,stable,TOO_WET
2026-04-25T13:05:22.442595+00:00,1777122322.4425945,289,664,97.35,44.8,99.27,46.62,wet,moderate,stable,stable,TOO_WET
2026-04-25T13:05:24.341141+00:00,1777122324.3411405,294,668,95.88,44.27,98.79,46.12,wet,moderate,stable,stable,TOO_WET
2026-04-25T13:05:26.409904+00:00,1777122326.4099042,299,672,94.41,43.73,98.09,45.6,wet,moderate,falling,stable,TOO_WET
2026-04-25T13:05:28.359254+00:00,1777122328.3592541,305,676,92.65,43.2,97.17,45.07,wet,moderate,falling,stable,TOO_WET
2026-04-25T13:05:30.503660+00:00,1777122330.5036597,312,681,90.59,42.53,95.99,44.52,wet,light,falling,stable,TOO_WET
2026-04-25T13:05:32.676095+00:00,1777122332.6760945,319,685,88.53,42.0,94.6,43.97,wet,light,falling,stable,TOO_WET
2026-04-25T13:05:34.396849+00:00,1777122334.396849,327,690,86.18,41.33,92.98,43.4,wet,light,falling,stable,TOO_WET
2026-04-25T13:05:36.445431+00:00,1777122336.4454305,335,695,83.82,40.67,91.18,42.82,wet,light,falling,stable,TOO_WET
2026-04-25T13:05:38.389679+00:00,1777122338.3896794,344,700,81.18,40.0,89.16,42.22,wet,light,falling,stable,TOO_WET
2026-04-25T13:05:40.437274+00:00,1777122340.4372742,354,704,78.24,39.47,86.95,41.62,wet,light,falling,stable,TOO_WET
2026-04-25T13:05:42.391531+00:00,1777122342.3915315,364,709,75.29,38.8,84.56,41.0,wet,light,falling,stable,
2026-04-25T13:05:44.437869+00:00,1777122344.4378686,375,714,72.06,38.13,81.99,40.37,wet,light,falling,stable,
2026-04-25T13:05:46.385760+00:00,1777122346.38576,385,720,69.12,37.33,79.3,39.72,wet,light,falling,stable,
2026-04-25T13:05:48.375741+00:00,1777122348.3757405,397,725,65.59,36.67,76.44,39.05,wet,light,falling,stable,
2026-04-25T13:05:50.426920+00:00,1777122350.4269197,408,730,62.35,36.0,73.46,38.38,optimal,light,falling,stable,
2026-04-25T13:05:52.440917+00:00,1777122352.4409175,420,735,58.82,35.33,70.33,37.72,optimal,light,falling,stable,
2026-04-25T13:05:54.378932+00:00,1777122354.3789318,431,741,55.59,34.53,67.13,37.03,optimal,light,falling,stable,
2026-04-25T13:05:56.491787+00:00,1777122356.491787,443,746,52.06,33.87,63.86,36.33,optimal,light,falling,stable,
2026-04-25T13:05:58.404214+00:00,1777122358.4042144,455,751,48.53,33.2,60.52,35.63,optimal,light,falling,stable,
2026-04-25T13:06:00.615146+00:00,1777122360.6151457,467,757,45.0,32.4,57.13,34.92,optimal,light,falling,stable,
2026-04-25T13:06:02.372633+00:00,1777122362.3726327,479,762,41.47,31.73,53.68,34.22,optimal,light,falling,stable,
2026-04-25T13:06:04.403981+00:00,1777122364.4039812,491,768,37.94,30.93,50.22,33.5,optimal,light,falling,stable,
2026-04-25T13:06:06.455145+00:00,1777122366.4551451,502,773,34.71,30.27,46.77,32.78,optimal,light,falling,stable,
2026-04-25T13:06:08.359234+00:00,1777122368.3592343,513,779,31.47,29.47,43.35,32.05,low,light,falling,stable,
2026-04-25T13:06:10.440599+00:00,1777122370.4405992,524,784,28.24,28.8,39.93,31.33,low,light,falling,stable,
2026-04-25T13:06:12.388337+00:00,1777122372.3883374,535,790,25.0,28.0,36.55,30.6,low,light,falling,stable,
2026-04-25T13:06:14.454180+00:00,1777122374.4541795,545,796,22.06,27.2,33.24,29.85,low,light,falling,stable,
2026-04-25T13:06:16.500113+00:00,1777122376.5001132,554,801,19.41,26.53,30.04,29.12,low,light,falling,stable,
2026-04-25T13:06:18.663735+00:00,1777122378.6637354,563,807,16.76,25.73,26.95,28.37,low,light,falling,falling,
2026-04-25T13:06:20.585641+00:00,1777122380.5856414,572,812,14.12,25.07,23.97,27.63,dry,light,falling,falling,TOO_DRY
2026-04-25T13:06:22.527615+00:00,1777122382.5276148,580,818,11.76,24.27,21.1,26.88,dry,light,falling,stable,TOO_DRY
2026-04-25T13:06:25.087332+00:00,1777122385.0873322,587,824,9.71,23.47,18.38,26.13,dry,light,falling,stable,TOO_DRY
2026-04-25T13:06:26.791234+00:00,1777122386.7912335,594,829,7.65,22.8,15.81,25.38,dry,light,falling,stable,TOO_DRY
2026-04-25T13:06:32.462934+00:00,1777122392.4629338,600,835,5.88,22.0,13.42,24.63,dry,light,falling,stable,TOO_DRY
2026-04-25T13:06:32.465281+00:00,1777122392.4652808,605,840,4.41,21.33,11.21,23.9,dry,light,falling,stable,TOO_DRY
2026-04-25T13:06:33.098805+00:00,1777122393.098805,609,846,3.24,20.53,9.19,23.15,dry,light,falling,stable,TOO_DRY
2026-04-25T13:06:34.460208+00:00,1777122394.4602077,613,851,2.06,19.87,7.35,22.42,dry,light,falling,stable,TOO_DRY
2026-04-25T13:06:36.453589+00:00,1777122396.4535894,616,856,1.18,19.2,5.74,21.68,dry,light,falling,stable,TOO_DRY
2026-04-25T13:06:38.717664+00:00,1777122398.717664,618,862,0.59,18.4,4.34,20.95,dry,light,falling,stable,TOO_DRY
2026-04-25T13:06:40.617068+00:00,1777122400.6170676,619,867,0.29,17.73,3.16,20.23,dry,light,falling,stable,TOO_DRY
2026-04-25T13:06:42.498149+00:00,1777122402.4981487,619,872,0.29,17.07,2.24,19.52,dry,light,falling,stable,TOO_DRY
2026-04-25T13:06:44.456428+00:00,1777122404.456428,619,878,0.29,16.27,1.54,18.8,dry,light,stable,stable,TOO_DRY
2026-04-25T13:06:46.559281+00:00,1777122406.5592809,618,883,0.59,15.6,1.07,18.08,dry,light,stable,stable,TOO_DRY
2026-04-25T13:06:48.511714+00:00,1777122408.5117137,616,888,1.18,14.93,0.81,17.38,dry,light,stable,stable,TOO_DRY
2026-04-25T13:06:50.749840+00:00,1777122410.7498398,613,893,2.06,14.27,0.81,16.68,dry,light,stable,stable,TOO_DRY
2026-04-25T13:06:52.886024+00:00,1777122412.8860235,609,898,3.24,13.6,1.07,15.98,dry,light,stable,stable,TOO_DRY
2026-04-25T13:06:55.440724+00:00,1777122415.440724,605,902,4.41,13.07,1.54,15.32,dry,light,stable,stable,TOO_DRY
2026-04-25T13:06:56.498364+00:00,1777122416.4983644,599,907,6.18,12.4,2.28,14.65,dry,none,rising,stable,TOO_DRY
2026-04-25T13:06:58.576572+00:00,1777122418.5765717,593,912,7.94,11.73,3.24,13.98,dry,none,rising,stable,TOO_DRY
2026-04-25T13:07:00.662714+00:00,1777122420.662714,587,916,9.71,11.2,4.41,13.35,dry,none,rising,stable,TOO_DRY
2026-04-25T13:07:02.777452+00:00,1777122422.7774522,579,921,12.06,10.53,5.85,12.72,dry,none,rising,stable,TOO_DRY
2026-04-25T13:07:04.919801+00:00,1777122424.9198008,571,925,14.41,10.0,7.5,12.1,dry,none,rising,stable,TOO_DRY
2026-04-25T13:07:07.244757+00:00,1777122427.2447572,563,930,16.76,9.33,9.34,11.48,dry,none,rising,stable,TOO_DRY
2026-04-25T13:07:09.126578+00:00,1777122429.1265779,553,934,19.71,8.8,11.4,10.88,dry,none,rising,stable,TOO_DRY
2026-04-25T13:07:10.527971+00:00,1777122430.5279708,544,938,22.35,8.27,13.64,10.28,dry,none,rising,stable,TOO_DRY
2026-04-25T13:07:12.905965+00:00,1777122432.9059653,534,942,25.29,7.73,16.03,9.7,dry,none,rising,stable,TOO_DRY
2026-04-25T13:07:14.550746+00:00,1777122434.5507464,523,946,28.53,7.2,18.6,9.13,dry,none,rising,stable,TOO_DRY
2026-04-25T13:07:16.803864+00:00,1777122436.8038638,512,950,31.76,6.67,21.36,8.57,dry,none,rising,stable,TOO_DRY
2026-04-25T13:07:18.540013+00:00,1777122438.5400126,501,953,35.0,6.27,24.23,8.03,dry,none,rising,stable,TOO_DRY
2026-04-25T13:07:20.497170+00:00,1777122440.4971697,490,957,38.24,5.73,27.21,7.5,low,none,rising,stable,
2026-04-25T13:07:22.541576+00:00,1777122442.5415761,478,960,41.76,5.33,30.33,7.0,low,none,rising,stable,
2026-04-25T13:07:25.094537+00:00,1777122445.0945368,466,963,45.29,4.93,33.53,6.52,low,none,rising,stable,
2026-04-25T13:07:26.937803+00:00,1777122446.937803,454,967,48.82,4.4,36.84,6.03,low,none,rising,stable,
2026-04-25T13:07:28.474511+00:00,1777122448.4745111,442,970,52.35,4.0,40.22,5.57,low,none,rising,stable,
2026-04-25T13:07:30.521772+00:00,1777122450.5217717,430,972,55.88,3.73,43.64,5.13,low,none,rising,stable,
2026-04-25T13:07:32.474550+00:00,1777122452.4745502,419,975,59.12,3.33,47.06,4.71,optimal,none,rising,stable,
2026-04-25T13:07:34.529707+00:00,1777122454.5297074,407,978,62.65,2.93,50.51,4.3,optimal,none,rising,stable,
2026-04-25T13:07:36.560175+00:00,1777122456.5601752,396,980,65.88,2.67,53.97,3.92,optimal,none,rising,stable,
2026-04-25T13:07:38.507854+00:00,1777122458.5078537,385,983,69.12,2.27,57.39,3.53,optimal,none,rising,stable,
2026-04-25T13:07:40.590675+00:00,1777122460.5906746,374,985,72.35,2.0,60.77,3.17,optimal,none,rising,stable,
2026-04-25T13:07:42.529886+00:00,1777122462.529886,363,987,75.59,1.73,64.12,2.83,optimal,none,rising,stable,
2026-04-25T13:07:45.168236+00:00,1777122465.168236,353,989,78.53,1.47,67.39,2.52,optimal,none,rising,stable,
2026-04-25T13:07:47.318399+00:00,1777122467.3183994,344,990,81.18,1.33,70.55,2.22,optimal,none,rising,stable,
2026-04-25T13:07:50.286779+00:00,1777122470.2867792,335,992,83.82,1.07,73.64,1.93,optimal,none,rising,stable,
2026-04-25T13:07:51.257747+00:00,1777122471.257747,326,993,86.47,0.93,76.62,1.68,wet,none,rising,stable,
2026-04-25T13:07:53.053965+00:00,1777122473.053965,318,995,88.82,0.67,79.48,1.43,wet,none,rising,stable,
2026-04-25T13:07:54.807574+00:00,1777122474.8075743,311,996,90.88,0.53,82.2,1.22,wet,none,rising,stable,
2026-04-25T13:07:56.633506+00:00,1777122476.6335056,304,997,92.94,0.4,84.78,1.02,wet,none,rising,stable,
2026-04-25T13:07:58.474395+00:00,1777122478.474395,299,998,94.41,0.27,87.13,0.83,wet,none,rising,stable,TOO_WET
2026-04-25T13:08:06.377871+00:00,1777122486.3778706,294,998,95.88,0.27,89.3,0.68,wet,none,rising,stable,TOO_WET
2026-04-25T13:08:16.199908+00:00,1777122496.1999075,289,999,97.35,0.13,91.32,0.53,wet,none,rising,stable,TOO_WET
2026-04-25T13:08:16.202229+00:00,1777122496.2022293,286,999,98.24,0.13,93.12,0.42,wet,none,rising,stable,TOO_WET
2026-04-25T13:08:16.203329+00:00,1777122496.2033288,283,999,99.12,0.13,94.7,0.32,wet,none,rising,stable,TOO_WET
2026-04-25T13:08:16.204268+00:00,1777122496.2042675,281,999,99.71,0.13,96.07,0.25,wet,none,rising,stable,TOO_WET
2026-04-25T13:08:16.205332+00:00,1777122496.2053318,280,999,100.0,0.13,97.21,0.2,wet,none,rising,stable,TOO_WET
2026-04-25T13:08:16.206212+00:00,1777122496.206212,280,999,100.0,0.13,98.09,0.17,wet,none,rising,stable,TOO_WET
2026-04-25T13:08:16.207016+00:00,1777122496.2070158,280,999,100.0,0.13,98.79,0.15,wet,none,stable,stable,TOO_WET
2026-04-25T13:08:18.324595+00:00,1777122498.3245947,281,998,99.71,0.27,99.27,0.15,wet,none,stable,stable,TOO_WET
2026-04-25T13:08:19.161647+00:00,1777122499.161647,284,997,98.82,0.4,99.45,0.18,wet,none,stable,stable,TOO_WET
2026-04-25T13:08:21.720415+00:00,1777122501.720415,287,996,97.94,0.53,99.41,0.23,wet,none,stable,stable,TOO_WET
2026-04-25T13:08:23.584323+00:00,1777122503.5843234,290,995,97.06,0.67,99.16,0.3,wet,none,stable,stable,TOO_WET
2026-04-25T13:08:25.146600+00:00,1777122505.1466002,295,994,95.59,0.8,98.64,0.38,wet,none,stable,stable,TOO_WET
2026-04-25T13:08:27.875716+00:00,1777122507.8757162,300,993,94.12,0.93,97.91,0.48,wet,none,falling,stable,TOO_WET
2026-04-25T13:08:30.658875+00:00,1777122510.6588755,306,991,92.35,1.2,96.95,0.62,wet,none,falling,stable,TOO_WET
2026-04-25T13:08:31.732783+00:00,1777122511.7327833,313,990,90.29,1.33,95.73,0.77,wet,none,falling,stable,TOO_WET
2026-04-25T13:08:34.322192+00:00,1777122514.3221917,321,988,87.94,1.6,94.26,0.93,wet,none,falling,stable,TOO_WET
2026-04-25T13:08:35.856607+00:00,1777122515.8566072,329,986,85.59,1.87,92.61,1.12,wet,none,falling,stable,TOO_WET
2026-04-25T13:08:39.333390+00:00,1777122519.3333902,337,984,83.24,2.13,90.77,1.32,wet,none,falling,stable,TOO_WET
2026-04-25T13:08:39.744338+00:00,1777122519.7443383,347,982,80.29,2.4,88.68,1.53,wet,none,falling,stable,TOO_WET
2026-04-25T13:08:41.366990+00:00,1777122521.36699,356,979,77.65,2.8,86.43,1.78,wet,none,falling,stable,TOO_WET
2026-04-25T13:08:42.922285+00:00,1777122522.9222848,367,977,74.41,3.07,83.97,2.05,wet,none,falling,stable,
2026-04-25T13:08:46.114609+00:00,1777122526.1146085,377,974,71.47,3.47,81.36,2.33,wet,none,falling,stable,
2026-04-25T13:08:47.899586+00:00,1777122527.8995857,388,971,68.24,3.87,78.6,2.65,wet,none,falling,stable,
2026-04-25T13:08:49.308321+00:00,1777122529.3083215,399,968,65.0,4.27,75.74,2.98,wet,none,falling,stable,
2026-04-25T13:08:50.607313+00:00,1777122530.6073134,411,965,61.47,4.67,72.72,3.33,optimal,none,falling,stable,
2026-04-25T13:08:52.673656+00:00,1777122532.6736557,422,962,58.24,5.07,69.6,3.7,optimal,none,falling,stable,
2026-04-25T13:08:55.016630+00:00,1777122535.01663,434,959,54.71,5.47,66.4,4.09,optimal,none,falling,stable,
2026-04-25T13:08:57.246745+00:00,1777122537.246745,446,955,51.18,6.0,63.09,4.49,optimal,none,falling,stable,
2026-04-25T13:08:59.334508+00:00,1777122539.3345077,458,952,47.65,6.4,59.74,4.9,optimal,none,falling,stable,
2026-04-25T13:09:01.368361+00:00,1777122541.3683612,470,948,44.12,6.93,56.33,5.33,optimal,none,falling,stable,
2026-04-25T13:09:02.889211+00:00,1777122542.889211,482,944,40.59,7.47,52.87,5.79,optimal,none,falling,stable,
2026-04-25T13:09:04.729633+00:00,1777122544.7296333,493,940,37.35,8.0,49.41,6.25,optimal,none,falling,stable,
2026-04-25T13:09:06.579953+00:00,1777122546.579953,505,936,33.82,8.53,45.96,6.73,optimal,none,falling,stable,
2026-04-25T13:09:08.525008+00:00,1777122548.5250082,516,932,30.59,9.07,42.5,7.23,low,none,falling,stable,
2026-04-25T13:09:10.587195+00:00,1777122550.5871954,527,928,27.35,9.6,39.08,7.75,low,none,falling,stable,
2026-04-25T13:09:13.900224+00:00,1777122553.9002242,537,924,24.41,10.13,35.73,8.27,low,none,falling,stable,
2026-04-25T13:09:15.136648+00:00,1777122555.136648,547,919,21.47,10.8,32.46,8.82,low,none,falling,stable,
2026-04-25T13:09:16.834792+00:00,1777122556.834792,556,915,18.82,11.33,29.3,9.37,low,none,falling,stable,
2026-04-25T13:09:19.180582+00:00,1777122559.1805823,565,910,16.18,12.0,26.25,9.93,low,none,falling,stable,
2026-04-25T13:09:21.041060+00:00,1777122561.0410602,574,905,13.53,12.67,23.27,10.52,dry,none,falling,stable,TOO_DRY
2026-04-25T13:09:23.786298+00:00,1777122563.7862976,582,900,11.18,13.33,20.44,11.12,dry,none,falling,stable,TOO_DRY
2026-04-25T13:09:26.749725+00:00,1777122566.7497253,589,896,9.12,13.87,17.76,11.72,dry,none,falling,stable,TOO_DRY
2026-04-25T13:09:27.475502+00:00,1777122567.4755015,595,891,7.35,14.53,15.26,12.33,dry,none,falling,stable,TOO_DRY
2026-04-25T13:09:28.834736+00:00,1777122568.834736,601,886,5.59,15.2,12.9,12.97,dry,none,falling,stable,TOO_DRY
2026-04-25T13:09:30.667165+00:00,1777122570.6671646,606,880,4.12,16.0,10.74,13.62,dry,none,falling,stable,TOO_DRY
2026-04-25T13:09:32.684286+00:00,1777122572.6842864,610,875,2.94,16.67,8.75,14.28,dry,none,falling,stable,TOO_DRY
2026-04-25T13:09:34.630163+00:00,1777122574.6301634,614,870,1.76,17.33,6.95,14.95,dry,none,falling,stable,TOO_DRY
2026-04-25T13:09:36.575635+00:00,1777122576.575635,616,865,1.18,18.0,5.4,15.62,dry,light,falling,stable,TOO_DRY
2026-04-25T13:09:38.647750+00:00,1777122578.6477504,618,860,0.59,18.67,4.08,16.28,dry,light,falling,stable,TOO_DRY
2026-04-25T13:09:40.789042+00:00,1777122580.7890425,619,854,0.29,19.47,2.98,16.98,dry,light,falling,stable,TOO_DRY
2026-04-25T13:13:42.345603+00:00,1777122822.3456025,565,516,16.18,64.53,16.18,64.53,dry,moderate,stable,stable,TOO_DRY
2026-04-25T13:13:44.496601+00:00,1777122824.4966013,566,516,15.88,64.53,16.03,64.53,dry,moderate,stable,stable,TOO_DRY
2026-04-25T13:13:46.546105+00:00,1777122826.5461051,566,517,15.88,64.4,15.98,64.49,dry,moderate,stable,stable,TOO_DRY
2026-04-25T13:13:48.075015+00:00,1777122828.0750153,566,513,15.88,64.93,15.96,64.6,dry,moderate,stable,stable,TOO_DRY
2026-04-25T13:13:50.057531+00:00,1777122830.057531,251,318,100.0,90.93,32.76,69.86,low,moderate,rising,rising,RAIN_HEAVY
2026-04-25T13:13:51.987443+00:00,1777122831.9874427,247,265,100.0,98.0,43.97,74.55,low,heavy,rising,rising,RAIN_HEAVY
2026-04-25T13:13:54.043736+00:00,1777122834.0437357,252,256,100.0,99.2,51.97,78.07,optimal,heavy,rising,rising,RAIN_HEAVY
2026-04-25T13:13:56.070594+00:00,1777122836.0705943,530,428,26.47,76.27,48.79,77.85,optimal,heavy,rising,rising,RAIN_HEAVY
2026-04-25T13:13:57.997047+00:00,1777122837.9970472,543,473,22.65,70.27,49.59,78.57,optimal,heavy,rising,rising,RAIN_HEAVY
2026-04-25T13:14:00.067222+00:00,1777122840.0672216,554,496,19.41,67.2,50.04,78.9,optimal,heavy,falling,stable,RAIN_HEAVY
2026-04-25T13:14:02.206964+00:00,1777122842.206964,560,505,17.65,66.0,50.26,79.1,optimal,heavy,falling,falling,RAIN_HEAVY
2026-04-25T13:14:04.055717+00:00,1777122844.0557172,562,511,17.06,65.2,50.41,79.13,optimal,heavy,falling,falling,RAIN_HEAVY
2026-04-25T13:14:06.201216+00:00,1777122846.2012165,563,512,16.76,65.07,40.0,75.9,low,heavy,falling,falling,RAIN_HEAVY
2026-04-25T13:14:08.050925+00:00,1777122848.0509253,565,513,16.18,64.93,29.52,71.77,low,heavy,falling,falling,RAIN_HEAVY
2026-04-25T13:14:09.996448+00:00,1777122849.996448,565,514,16.18,64.8,19.04,67.47,dry,moderate,falling,falling,TOO_DRY|RAIN_HEAVY
2026-04-25T13:14:12.039017+00:00,1777122852.0390172,564,514,16.47,64.8,17.79,66.03,dry,moderate,stable,stable,TOO_DRY|RAIN_HEAVY
2026-04-25T13:14:15.620758+00:00,1777122855.6207578,565,515,16.18,64.67,16.99,65.33,dry,moderate,stable,stable,TOO_DRY|RAIN_HEAVY
2026-04-25T13:14:16.447798+00:00,1777122856.4477983,564,515,16.47,64.67,16.62,65.02,dry,moderate,stable,stable,TOO_DRY|RAIN_HEAVY
2026-04-25T13:14:18.078819+00:00,1777122858.0788186,565,515,16.18,64.67,16.43,64.85,dry,moderate,stable,stable,TOO_DRY
2026-04-25T13:14:20.049829+00:00,1777122860.0498288,565,515,16.18,64.67,16.32,64.78,dry,moderate,stable,stable,TOO_DRY
2026-04-25T13:14:22.072732+00:00,1777122862.072732,565,514,16.18,64.8,16.25,64.75,dry,moderate,stable,stable,TOO_DRY
2026-04-25T13:14:24.140277+00:00,1777122864.1402771,565,514,16.18,64.8,16.25,64.73,dry,moderate,stable,stable,TOO_DRY
2026-04-25T13:14:26.690062+00:00,1777122866.690062,565,514,16.18,64.8,16.25,64.73,dry,moderate,stable,stable,TOO_DRY
2026-04-25T13:14:28.131625+00:00,1777122868.1316247,566,513,15.88,64.93,16.18,64.75,dry,moderate,stable,stable,TOO_DRY
2026-04-25T13:14:30.257176+00:00,1777122870.257176,565,513,16.18,64.93,16.18,64.78,dry,moderate,stable,stable,TOO_DRY
2026-04-25T13:14:32.232825+00:00,1777122872.2328246,564,513,16.47,64.93,16.18,64.82,dry,moderate,stable,stable,TOO_DRY
2026-04-25T13:14:34.073651+00:00,1777122874.0736508,565,515,16.18,64.67,16.18,64.82,dry,moderate,stable,stable,TOO_DRY
2026-04-25T13:14:35.998876+00:00,1777122875.9988759,565,515,16.18,64.67,16.18,64.82,dry,moderate,stable,stable,TOO_DRY
2026-04-25T13:14:38.056614+00:00,1777122878.0566142,565,514,16.18,64.8,16.18,64.82,dry,moderate,stable,stable,TOO_DRY
2026-04-25T13:14:40.133520+00:00,1777122880.1335204,565,515,16.18,64.67,16.18,64.8,dry,moderate,stable,stable,TOO_DRY
2026-04-25T13:14:43.066827+00:00,1777122883.0668266,565,514,16.18,64.8,16.18,64.8,dry,moderate,stable,stable,TOO_DRY
2026-04-25T13:14:44.096466+00:00,1777122884.0964658,515,380,30.88,82.67,18.05,67.02,dry,moderate,rising,rising,TOO_DRY|RAIN_HEAVY
2026-04-25T13:14:46.150129+00:00,1777122886.1501288,428,475,56.47,70.0,23.09,67.65,dry,moderate,rising,rising,TOO_DRY|RAIN_HEAVY
2026-04-25T13:14:48.087584+00:00,1777122888.0875835,539,487,23.82,68.4,24.01,68.09,dry,moderate,rising,rising,TOO_DRY|RAIN_HEAVY
2026-04-25T13:14:50.242124+00:00,1777122890.2421243,546,495,21.76,67.33,24.71,68.42,dry,moderate,rising,rising,TOO_DRY|RAIN_HEAVY
2026-04-25T13:14:52.076470+00:00,1777122892.07647,264,319,100.0,90.8,35.18,71.68,low,heavy,rising,rising,RAIN_HEAVY
2026-04-25T13:14:54.126286+00:00,1777122894.126286,237,264,100.0,98.13,45.66,75.85,optimal,heavy,rising,rising,RAIN_HEAVY
2026-04-25T13:14:56.126619+00:00,1777122896.1266193,217,231,100.0,100.0,56.14,80.27,optimal,heavy,rising,rising,RAIN_HEAVY
2026-04-25T13:14:58.380071+00:00,1777122898.380071,545,431,22.06,75.87,56.87,81.65,optimal,heavy,rising,rising,RAIN_HEAVY
2026-04-25T13:15:00.008341+00:00,1777122900.008341,246,287,100.0,95.07,65.51,83.2,optimal,heavy,rising,rising,RAIN_HEAVY
2026-04-25T13:15:02.114032+00:00,1777122902.114032,370,306,73.53,92.53,67.65,86.02,optimal,heavy,rising,rising,RAIN_HEAVY
2026-04-25T13:15:04.062983+00:00,1777122904.0629828,332,307,84.71,92.4,75.26,89.02,wet,heavy,falling,stable,RAIN_HEAVY
2026-04-25T13:15:06.106665+00:00,1777122906.1066654,326,307,86.47,92.4,83.35,92.15,wet,heavy,rising,stable,RAIN_HEAVY
2026-04-25T13:15:08.170382+00:00,1777122908.1703818,565,460,16.18,72.0,72.87,89.8,optimal,heavy,falling,falling,RAIN_HEAVY
2026-04-25T13:15:10.105262+00:00,1777122910.1052618,565,497,16.18,67.07,62.39,85.92,optimal,heavy,falling,falling,RAIN_HEAVY
2026-04-25T13:15:12.148929+00:00,1777122912.148929,565,510,16.18,65.33,51.91,81.58,optimal,heavy,falling,falling,RAIN_HEAVY
2026-04-25T13:15:14.114261+00:00,1777122914.114261,566,513,15.88,64.93,51.14,80.22,optimal,heavy,falling,falling,RAIN_HEAVY
2026-04-25T13:15:16.039149+00:00,1777122916.0391493,565,516,16.18,64.53,40.66,76.4,low,heavy,falling,falling,RAIN_HEAVY
2026-04-25T13:15:18.096476+00:00,1777122918.0964756,566,515,15.88,64.67,33.46,72.92,low,heavy,falling,falling,RAIN_HEAVY
2026-04-25T13:15:20.135218+00:00,1777122920.1352184,566,515,15.88,64.67,24.85,69.45,dry,moderate,falling,falling,TOO_DRY|RAIN_HEAVY
2026-04-25T13:15:22.057982+00:00,1777122922.0579817,565,514,16.18,64.8,16.07,66.0,dry,moderate,stable,stable,TOO_DRY|RAIN_HEAVY
2026-04-25T13:15:24.239840+00:00,1777122924.2398398,566,515,15.88,64.67,16.03,65.08,dry,moderate,stable,stable,TOO_DRY|RAIN_HEAVY
2026-04-25T13:15:26.087241+00:00,1777122926.0872414,565,514,16.18,64.8,16.03,64.8,dry,moderate,stable,stable,TOO_DRY
2026-04-25T13:15:28.023688+00:00,1777122928.023688,566,514,15.88,64.8,15.99,64.73,dry,moderate,stable,stable,TOO_DRY
2026-04-25T13:15:30.123778+00:00,1777122930.1237779,565,514,16.18,64.8,16.03,64.72,dry,moderate,stable,stable,TOO_DRY
2026-04-25T13:15:32.124659+00:00,1777122932.1246586,565,515,16.18,64.67,16.03,64.73,dry,moderate,stable,stable,TOO_DRY
2026-04-25T13:15:34.288192+00:00,1777122934.2881923,566,515,15.88,64.67,16.03,64.73,dry,moderate,stable,stable,TOO_DRY
2026-04-25T13:15:36.119072+00:00,1777122936.119072,565,515,16.18,64.67,16.07,64.73,dry,moderate,stable,stable,TOO_DRY
2026-04-25T13:15:38.159460+00:00,1777122938.15946,565,515,16.18,64.67,16.07,64.72,dry,moderate,stable,stable,TOO_DRY
2026-04-25T13:15:40.042186+00:00,1777122940.0421858,565,515,16.18,64.67,16.11,64.72,dry,moderate,stable,stable,TOO_DRY
2026-04-25T13:15:42.214595+00:00,1777122942.2145953,566,515,15.88,64.67,16.07,64.7,dry,moderate,stable,stable,TOO_DRY
2026-04-25T13:15:44.372461+00:00,1777122944.372461,565,514,16.18,64.8,16.11,64.7,dry,moderate,stable,stable,TOO_DRY
2026-04-25T13:15:46.181962+00:00,1777122946.1819615,567,516,15.59,64.53,16.03,64.67,dry,moderate,stable,stable,TOO_DRY
2026-04-25T13:15:48.205388+00:00,1777122948.2053876,566,515,15.88,64.67,15.99,64.67,dry,moderate,stable,stable,TOO_DRY
2026-04-25T13:15:50.776089+00:00,1777122950.7760892,566,515,15.88,64.67,15.99,64.67,dry,moderate,stable,stable,TOO_DRY
2026-04-25T13:15:53.520934+00:00,1777122953.5209336,566,515,15.88,64.67,15.96,64.67,dry,moderate,stable,stable,TOO_DRY
2026-04-25T13:15:54.453050+00:00,1777122954.4530497,566,514,15.88,64.8,15.92,64.69,dry,moderate,stable,stable,TOO_DRY
2026-04-25T13:15:56.691883+00:00,1777122956.691883,566,515,15.88,64.67,15.88,64.69,dry,moderate,stable,stable,TOO_DRY
2026-04-25T13:15:58.346678+00:00,1777122958.3466775,566,514,15.88,64.8,15.88,64.7,dry,moderate,stable,stable,TOO_DRY
2026-04-25T13:16:00.080675+00:00,1777122960.0806746,566,515,15.88,64.67,15.84,64.69,dry,moderate,stable,stable,TOO_DRY
2026-04-25T13:16:02.434137+00:00,1777122962.4341369,566,516,15.88,64.53,15.88,64.69,dry,moderate,stable,stable,TOO_DRY
2026-04-25T13:16:04.167989+00:00,1777122964.1679893,566,516,15.88,64.53,15.88,64.67,dry,moderate,stable,stable,TOO_DRY
2026-04-25T13:16:06.128551+00:00,1777122966.1285508,566,515,15.88,64.67,15.88,64.67,dry,moderate,stable,stable,TOO_DRY
2026-04-25T13:16:08.517237+00:00,1777122968.5172374,565,514,16.18,64.8,15.92,64.68,dry,moderate,stable,stable,TOO_DRY
2026-04-25T13:16:10.085515+00:00,1777122970.0855145,566,515,15.88,64.67,15.92,64.67,dry,moderate,stable,stable,TOO_DRY
2026-04-25T13:16:12.055344+00:00,1777122972.0553436,566,514,15.88,64.8,15.92,64.68,dry,moderate,stable,stable,TOO_DRY
2026-04-25T13:16:14.101952+00:00,1777122974.1019516,565,515,16.18,64.67,15.96,64.67,dry,moderate,stable,stable,TOO_DRY
2026-04-25T13:16:16.156925+00:00,1777122976.1569252,566,515,15.88,64.67,15.96,64.67,dry,moderate,stable,stable,TOO_DRY
2026-04-25T13:16:18.213138+00:00,1777122978.2131376,565,515,16.18,64.67,15.99,64.69,dry,moderate,stable,stable,TOO_DRY
2026-04-25T13:16:20.083972+00:00,1777122980.083972,565,516,16.18,64.53,16.03,64.69,dry,moderate,stable,stable,TOO_DRY
2026-04-25T13:16:22.089195+00:00,1777122982.0891955,566,515,15.88,64.67,16.03,64.69,dry,moderate,stable,stable,TOO_DRY
2026-04-25T13:16:24.263150+00:00,1777122984.26315,566,516,15.88,64.53,15.99,64.65,dry,moderate,stable,stable,TOO_DRY
2026-04-25T13:16:26.183594+00:00,1777122986.1835942,565,515,16.18,64.67,16.03,64.65,dry,moderate,stable,stable,TOO_DRY
2026-04-25T13:16:28.171301+00:00,1777122988.1713006,566,514,15.88,64.8,16.03,64.65,dry,moderate,stable,stable,TOO_DRY
2026-04-25T13:16:30.186657+00:00,1777122990.1866572,566,514,15.88,64.8,15.99,64.67,dry,moderate,stable,stable,TOO_DRY
2026-04-25T13:16:32.126243+00:00,1777122992.1262426,566,509,15.88,65.47,15.99,64.77,dry,moderate,stable,stable,TOO_DRY
2026-04-25T13:16:34.174434+00:00,1777122994.1744337,565,512,16.18,65.07,15.99,64.82,dry,moderate,stable,stable,TOO_DRY
2026-04-25T13:16:36.246786+00:00,1777122996.2467859,566,514,15.88,64.8,15.96,64.85,dry,moderate,stable,stable,TOO_DRY
2026-04-25T13:16:38.274872+00:00,1777122998.2748723,566,515,15.88,64.67,15.96,64.85,dry,moderate,stable,stable,TOO_DRY
2026-04-25T13:16:40.082048+00:00,1777123000.082048,565,515,16.18,64.67,15.99,64.87,dry,moderate,stable,stable,TOO_DRY
2026-04-25T13:16:42.165710+00:00,1777123002.16571,566,514,15.88,64.8,15.96,64.88,dry,moderate,stable,stable,TOO_DRY
2026-04-25T13:16:44.219417+00:00,1777123004.2194166,566,515,15.88,64.67,15.96,64.87,dry,moderate,stable,stable,TOO_DRY
2026-04-25T13:16:46.563939+00:00,1777123006.563939,566,515,15.88,64.67,15.96,64.85,dry,moderate,stable,stable,TOO_DRY
2026-04-25T13:16:48.106081+00:00,1777123008.1060805,566,515,15.88,64.67,15.96,64.75,dry,moderate,stable,stable,TOO_DRY
2026-04-25T13:16:50.164521+00:00,1777123010.1645205,566,513,15.88,64.93,15.92,64.73,dry,moderate,stable,stable,TOO_DRY
2026-04-25T13:16:52.109917+00:00,1777123012.1099172,566,516,15.88,64.53,15.92,64.7,dry,moderate,stable,stable,TOO_DRY
2026-04-25T13:16:54.141595+00:00,1777123014.141595,565,514,16.18,64.8,15.96,64.72,dry,moderate,stable,stable,TOO_DRY
2026-04-25T13:16:56.302780+00:00,1777123016.30278,566,514,15.88,64.8,15.92,64.73,dry,moderate,stable,stable,TOO_DRY
2026-04-25T13:16:58.133998+00:00,1777123018.133998,566,515,15.88,64.67,15.92,64.72,dry,moderate,stable,stable,TOO_DRY
2026-04-25T13:17:00.183260+00:00,1777123020.1832604,566,514,15.88,64.8,15.92,64.73,dry,moderate,stable,stable,TOO_DRY
2026-04-25T13:17:02.303097+00:00,1777123022.3030968,238,308,100.0,92.27,26.43,68.18,low,moderate,rising,rising,RAIN_HEAVY
2026-04-25T13:17:04.287368+00:00,1777123024.2873678,237,256,100.0,99.2,36.95,72.5,low,heavy,rising,rising,RAIN_HEAVY
2026-04-25T13:17:06.178911+00:00,1777123026.1789107,237,244,100.0,100.0,47.46,76.88,optimal,heavy,rising,rising,RAIN_HEAVY
2026-04-25T13:17:08.186489+00:00,1777123028.186489,236,239,100.0,100.0,57.98,81.32,optimal,heavy,rising,rising,RAIN_HEAVY
2026-04-25T13:17:10.104919+00:00,1777123030.1049194,236,240,100.0,100.0,68.45,85.72,optimal,heavy,rising,rising,RAIN_HEAVY
2026-04-25T13:17:13.084138+00:00,1777123033.0841384,237,239,100.0,100.0,78.97,90.12,wet,heavy,rising,rising,RAIN_HEAVY
2026-04-25T13:17:14.536133+00:00,1777123034.5361326,237,239,100.0,100.0,89.48,94.53,wet,heavy,rising,rising,TOO_WET|RAIN_HEAVY
2026-04-25T13:17:16.126992+00:00,1777123036.126992,237,238,100.0,100.0,100.0,98.93,wet,heavy,stable,stable,TOO_WET|RAIN_HEAVY
2026-04-25T13:17:18.409686+00:00,1777123038.4096856,235,237,100.0,100.0,100.0,99.9,wet,heavy,stable,stable,TOO_WET|RAIN_HEAVY
2026-04-25T13:17:20.561182+00:00,1777123040.5611818,235,237,100.0,100.0,100.0,100.0,wet,heavy,stable,stable,TOO_WET|RAIN_HEAVY
2026-04-25T13:17:22.249480+00:00,1777123042.2494798,566,444,15.88,74.13,89.48,96.77,wet,heavy,falling,falling,TOO_WET|RAIN_HEAVY
2026-04-25T13:17:24.132049+00:00,1777123044.1320488,561,490,17.35,68.0,79.15,92.77,wet,heavy,falling,falling,RAIN_HEAVY
2026-04-25T13:17:26.244165+00:00,1777123046.244165,561,503,17.35,66.27,68.82,88.55,optimal,heavy,falling,falling,RAIN_HEAVY
2026-04-25T13:17:28.144639+00:00,1777123048.1446393,562,508,17.06,65.6,58.45,84.25,optimal,heavy,falling,falling,RAIN_HEAVY
2026-04-25T13:17:30.318188+00:00,1777123050.3181884,562,510,17.06,65.33,48.09,79.92,optimal,heavy,falling,falling,RAIN_HEAVY
2026-04-25T13:17:32.341643+00:00,1777123052.3416433,562,510,17.06,65.33,37.72,75.58,low,heavy,falling,falling,RAIN_HEAVY
2026-04-25T13:17:34.399662+00:00,1777123054.399662,563,511,16.76,65.2,27.32,71.23,low,heavy,falling,falling,RAIN_HEAVY
2026-04-25T13:17:36.227086+00:00,1777123056.2270856,563,512,16.76,65.07,16.91,66.87,dry,moderate,stable,falling,TOO_DRY|RAIN_HEAVY
2026-04-25T13:17:38.284338+00:00,1777123058.284338,562,506,17.06,65.87,17.06,65.83,dry,moderate,stable,stable,TOO_DRY|RAIN_HEAVY
2026-04-25T13:17:40.842535+00:00,1777123060.8425345,563,513,16.76,64.93,16.98,65.45,dry,moderate,stable,stable,TOO_DRY|RAIN_HEAVY
2026-04-25T13:17:42.378438+00:00,1777123062.3784385,563,506,16.76,65.87,16.91,65.4,dry,moderate,stable,stable,TOO_DRY|RAIN_HEAVY
2026-04-25T13:17:44.326952+00:00,1777123064.3269515,564,513,16.47,64.93,16.84,65.32,dry,moderate,stable,stable,TOO_DRY|RAIN_HEAVY
2026-04-25T13:17:46.673123+00:00,1777123066.673123,254,322,100.0,90.4,27.2,68.45,low,moderate,rising,rising,RAIN_HEAVY
2026-04-25T13:17:48.634788+00:00,1777123068.6347883,238,259,100.0,98.8,37.57,72.63,low,heavy,rising,rising,RAIN_HEAVY
2026-04-25T13:17:50.875601+00:00,1777123070.8756013,233,240,100.0,100.0,47.98,76.98,optimal,heavy,rising,rising,RAIN_HEAVY
2026-04-25T13:17:52.612909+00:00,1777123072.6129088,231,236,100.0,100.0,58.38,81.35,optimal,heavy,rising,rising,RAIN_HEAVY
2026-04-25T13:17:54.393167+00:00,1777123074.3931665,231,236,100.0,100.0,68.75,85.62,optimal,heavy,rising,rising,RAIN_HEAVY
2026-04-25T13:17:56.195791+00:00,1777123076.1957905,231,236,100.0,100.0,79.15,90.0,wet,heavy,rising,rising,RAIN_HEAVY
2026-04-25T13:17:59.165751+00:00,1777123079.1657505,231,237,100.0,100.0,89.56,94.27,wet,heavy,rising,rising,TOO_WET|RAIN_HEAVY
2026-04-25T13:18:00.188607+00:00,1777123080.1886075,233,235,100.0,100.0,100.0,98.65,wet,heavy,stable,stable,TOO_WET|RAIN_HEAVY
2026-04-25T13:18:02.238042+00:00,1777123082.238042,237,240,100.0,100.0,100.0,99.85,wet,heavy,stable,stable,TOO_WET|RAIN_HEAVY
2026-04-25T13:18:05.174361+00:00,1777123085.1743605,562,442,17.06,74.4,89.63,96.8,wet,heavy,falling,falling,TOO_WET|RAIN_HEAVY
2026-04-25T13:18:06.261908+00:00,1777123086.2619078,563,489,16.76,68.13,79.23,92.82,wet,heavy,falling,falling,RAIN_HEAVY
2026-04-25T13:18:08.279521+00:00,1777123088.2795208,563,503,16.76,66.27,68.82,88.6,optimal,heavy,falling,falling,RAIN_HEAVY
2026-04-25T13:18:10.333425+00:00,1777123090.3334246,563,508,16.76,65.6,58.42,84.3,optimal,heavy,falling,falling,RAIN_HEAVY
2026-04-25T13:18:12.272765+00:00,1777123092.272765,563,510,16.76,65.33,48.01,79.97,optimal,heavy,falling,falling,RAIN_HEAVY
2026-04-25T13:18:14.217858+00:00,1777123094.2178583,564,512,16.47,65.07,37.57,75.6,low,heavy,falling,falling,RAIN_HEAVY
2026-04-25T13:18:16.256988+00:00,1777123096.2569876,564,512,16.47,65.07,27.13,71.23,low,heavy,falling,falling,RAIN_HEAVY
2026-04-25T13:18:18.340944+00:00,1777123098.3409436,564,513,16.47,64.93,16.69,66.85,dry,moderate,stable,falling,TOO_DRY|RAIN_HEAVY
2026-04-25T13:18:20.260211+00:00,1777123100.2602115,564,512,16.47,65.07,16.62,65.68,dry,moderate,stable,stable,TOO_DRY|RAIN_HEAVY
2026-04-25T13:18:22.206235+00:00,1777123102.2062347,564,514,16.47,64.8,16.58,65.27,dry,moderate,stable,stable,TOO_DRY|RAIN_HEAVY
2026-04-25T13:18:24.279541+00:00,1777123104.2795415,564,513,16.47,64.93,16.54,65.1,dry,moderate,stable,stable,TOO_DRY|RAIN_HEAVY
2026-04-25T13:18:28.062451+00:00,1777123108.062451,564,512,16.47,65.07,16.51,65.03,dry,moderate,stable,stable,TOO_DRY|RAIN_HEAVY
2026-04-25T13:18:29.588573+00:00,1777123109.5885727,564,513,16.47,64.93,16.47,64.98,dry,moderate,stable,stable,TOO_DRY
2026-04-25T13:18:30.697014+00:00,1777123110.6970139,564,511,16.47,65.2,16.47,65.0,dry,moderate,stable,stable,TOO_DRY
2026-04-25T13:18:32.240673+00:00,1777123112.2406733,564,512,16.47,65.07,16.47,65.0,dry,moderate,stable,stable,TOO_DRY
2026-04-25T13:18:34.193814+00:00,1777123114.1938138,564,512,16.47,65.07,16.47,65.02,dry,moderate,stable,stable,TOO_DRY|RAIN_HEAVY
2026-04-25T13:18:37.062876+00:00,1777123117.0628757,565,513,16.18,64.93,16.43,65.0,dry,moderate,stable,stable,TOO_DRY
2026-04-25T13:18:39.534252+00:00,1777123119.5342524,565,512,16.18,65.07,16.4,65.03,dry,moderate,stable,stable,TOO_DRY|RAIN_HEAVY
2026-04-25T13:18:40.672819+00:00,1777123120.6728187,565,514,16.18,64.8,16.36,65.02,dry,moderate,stable,stable,TOO_DRY|RAIN_HEAVY
2026-04-25T13:18:42.648859+00:00,1777123122.6488585,565,514,16.18,64.8,16.32,64.98,dry,moderate,stable,stable,TOO_DRY
2026-04-25T13:18:44.257222+00:00,1777123124.257222,564,512,16.47,65.07,16.32,65.0,dry,moderate,stable,stable,TOO_DRY
2026-04-25T13:18:46.682872+00:00,1777123126.6828723,565,514,16.18,64.8,16.29,64.95,dry,moderate,stable,stable,TOO_DRY
2026-04-25T13:18:48.226057+00:00,1777123128.2260573,564,513,16.47,64.93,16.29,64.93,dry,moderate,stable,stable,TOO_DRY
2026-04-25T13:18:50.301763+00:00,1777123130.301763,565,513,16.18,64.93,16.25,64.92,dry,moderate,stable,stable,TOO_DRY
2026-04-25T13:18:52.249381+00:00,1777123132.2493813,565,511,16.18,65.2,16.25,64.95,dry,moderate,stable,stable,TOO_DRY
2026-04-25T13:18:54.262041+00:00,1777123134.2620409,564,511,16.47,65.2,16.29,64.97,dry,moderate,stable,stable,TOO_DRY
2026-04-25T13:18:56.314160+00:00,1777123136.3141603,564,512,16.47,65.07,16.32,65.0,dry,moderate,stable,stable,TOO_DRY
2026-04-25T13:18:58.178076+00:00,1777123138.1780763,565,513,16.18,64.93,16.32,65.02,dry,moderate,stable,stable,TOO_DRY|RAIN_HEAVY
2026-04-25T13:19:01.845297+00:00,1777123141.8452973,564,514,16.47,64.8,16.32,64.98,dry,moderate,stable,stable,TOO_DRY
2026-04-25T13:19:02.561627+00:00,1777123142.561627,565,514,16.18,64.8,16.32,64.98,dry,moderate,stable,stable,TOO_DRY
2026-04-25T13:19:04.295085+00:00,1777123144.2950847,565,513,16.18,64.93,16.29,64.98,dry,moderate,stable,stable,TOO_DRY
2026-04-25T13:19:06.351489+00:00,1777123146.351489,565,513,16.18,64.93,16.29,64.98,dry,moderate,stable,stable,TOO_DRY
2026-04-25T13:19:08.293044+00:00,1777123148.2930443,565,513,16.18,64.93,16.29,64.95,dry,moderate,stable,stable,TOO_DRY
2026-04-25T13:19:10.232315+00:00,1777123150.2323148,565,512,16.18,65.07,16.25,64.93,dry,moderate,stable,stable,TOO_DRY
2026-04-25T13:19:12.288287+00:00,1777123152.2882872,565,512,16.18,65.07,16.22,64.93,dry,moderate,stable,stable,TOO_DRY
2026-04-25T13:19:14.226111+00:00,1777123154.226111,565,512,16.18,65.07,16.22,64.95,dry,moderate,stable,stable,TOO_DRY
2026-04-25T13:19:16.423875+00:00,1777123156.4238749,565,509,16.18,65.47,16.18,65.03,dry,moderate,stable,stable,TOO_DRY|RAIN_HEAVY
2026-04-25T13:19:18.374796+00:00,1777123158.3747964,565,506,16.18,65.87,16.18,65.17,dry,moderate,stable,stable,TOO_DRY|RAIN_HEAVY
2026-04-25T13:19:20.332879+00:00,1777123160.3328788,565,511,16.18,65.2,16.18,65.2,dry,moderate,stable,stable,TOO_DRY|RAIN_HEAVY
2026-04-25T13:19:44.546136+00:00,1777123184.5461364,565,465,16.18,71.33,16.18,71.33,dry,heavy,stable,stable,TOO_DRY|RAIN_HEAVY
2026-04-25T13:19:46.690387+00:00,1777123186.6903875,565,499,16.18,66.8,16.18,69.06,dry,moderate,stable,stable,TOO_DRY|RAIN_HEAVY
2026-04-25T13:19:48.631476+00:00,1777123188.6314764,565,509,16.18,65.47,16.18,67.87,dry,moderate,stable,stable,TOO_DRY|RAIN_HEAVY
2026-04-25T13:19:50.733247+00:00,1777123190.7332466,565,511,16.18,65.2,16.18,67.2,dry,moderate,stable,falling,TOO_DRY|RAIN_HEAVY
2026-04-25T13:19:52.967594+00:00,1777123192.967594,565,512,16.18,65.07,16.18,66.77,dry,moderate,stable,falling,TOO_DRY|RAIN_HEAVY
2026-04-25T13:19:54.576846+00:00,1777123194.5768456,565,513,16.18,64.93,16.18,66.47,dry,moderate,stable,stable,TOO_DRY|RAIN_HEAVY
2026-04-25T13:19:56.643890+00:00,1777123196.6438901,565,513,16.18,64.93,16.18,66.25,dry,moderate,stable,stable,TOO_DRY|RAIN_HEAVY
2026-04-25T13:19:58.722081+00:00,1777123198.7220807,565,512,16.18,65.07,16.18,66.1,dry,moderate,stable,stable,TOO_DRY|RAIN_HEAVY
2026-04-25T13:20:00.689861+00:00,1777123200.6898606,564,513,16.47,64.93,16.22,65.3,dry,moderate,stable,stable,TOO_DRY|RAIN_HEAVY
2026-04-25T13:20:02.667537+00:00,1777123202.6675375,565,513,16.18,64.93,16.22,65.07,dry,moderate,stable,stable,TOO_DRY|RAIN_HEAVY
2026-04-25T13:20:04.734161+00:00,1777123204.7341611,565,514,16.18,64.8,16.22,64.98,dry,moderate,stable,stable,TOO_DRY
2026-04-25T13:20:06.555499+00:00,1777123206.555499,566,513,15.88,64.93,16.18,64.95,dry,moderate,stable,stable,TOO_DRY
2026-04-25T13:20:09.009787+00:00,1777123209.0097873,565,514,16.18,64.8,16.18,64.92,dry,moderate,stable,stable,TOO_DRY
2026-04-25T13:20:10.757561+00:00,1777123210.7575612,565,514,16.18,64.8,16.18,64.9,dry,moderate,stable,stable,TOO_DRY
2026-04-25T13:20:12.619431+00:00,1777123212.619431,565,513,16.18,64.93,16.18,64.9,dry,moderate,stable,stable,TOO_DRY
2026-04-25T13:20:14.866906+00:00,1777123214.8669057,565,513,16.18,64.93,16.18,64.88,dry,moderate,stable,stable,TOO_DRY
2026-04-25T13:20:16.595755+00:00,1777123216.5957549,565,514,16.18,64.8,16.14,64.87,dry,moderate,stable,stable,TOO_DRY
2026-04-25T13:20:18.641992+00:00,1777123218.6419916,565,513,16.18,64.93,16.14,64.87,dry,moderate,stable,stable,TOO_DRY
2026-04-25T13:20:20.584628+00:00,1777123220.584628,565,513,16.18,64.93,16.14,64.88,dry,moderate,stable,stable,TOO_DRY
2026-04-25T13:20:22.635985+00:00,1777123222.6359854,565,512,16.18,65.07,16.18,64.9,dry,moderate,stable,stable,TOO_DRY
2026-04-25T13:20:24.691012+00:00,1777123224.6910121,566,513,15.88,64.93,16.14,64.92,dry,moderate,stable,stable,TOO_DRY
2026-04-25T13:26:26.777310+00:00,1777123586.7773097,569,514,15.0,64.8,15.0,64.8,dry,moderate,stable,stable,TOO_DRY
2026-04-25T13:26:28.824390+00:00,1777123588.8243902,569,519,15.0,64.13,15.0,64.47,dry,moderate,stable,stable,TOO_DRY
2026-04-25T13:26:30.692700+00:00,1777123590.6927,569,515,15.0,64.67,15.0,64.53,dry,moderate,stable,stable,TOO_DRY
2026-04-25T13:26:33.024096+00:00,1777123593.024096,291,340,96.76,88.0,35.44,70.4,low,heavy,rising,rising,RAIN_HEAVY
2026-04-25T13:26:35.139747+00:00,1777123595.1397471,255,274,100.0,96.8,48.35,75.68,optimal,heavy,rising,rising,RAIN_HEAVY
2026-04-25T13:26:36.832723+00:00,1777123596.8327227,250,256,100.0,99.2,56.96,79.6,optimal,heavy,rising,rising,RAIN_HEAVY
2026-04-25T13:26:38.798513+00:00,1777123598.798513,252,250,100.0,100.0,63.11,82.51,optimal,heavy,rising,rising,RAIN_HEAVY
2026-04-25T13:26:40.718466+00:00,1777123600.7184658,250,249,100.0,100.0,67.72,84.7,optimal,heavy,rising,rising,RAIN_HEAVY
2026-04-25T13:26:42.806311+00:00,1777123602.806311,245,246,100.0,100.0,78.34,89.1,wet,heavy,rising,rising,RAIN_HEAVY
2026-04-25T13:26:44.914393+00:00,1777123604.9143932,244,244,100.0,100.0,88.97,93.58,wet,heavy,rising,rising,TOO_WET|RAIN_HEAVY
2026-04-25T13:26:46.814771+00:00,1777123606.814771,244,245,100.0,100.0,99.59,98.0,wet,heavy,stable,rising,TOO_WET|RAIN_HEAVY
2026-04-25T13:26:49.112352+00:00,1777123609.112352,242,244,100.0,100.0,100.0,99.5,wet,heavy,stable,stable,TOO_WET|RAIN_HEAVY
2026-04-25T13:26:50.930188+00:00,1777123610.9301882,240,241,100.0,100.0,100.0,99.9,wet,heavy,stable,stable,TOO_WET|RAIN_HEAVY
2026-04-25T13:26:52.813003+00:00,1777123612.8130026,241,242,100.0,100.0,100.0,100.0,wet,heavy,stable,stable,TOO_WET|RAIN_HEAVY
2026-04-25T13:26:54.768373+00:00,1777123614.7683735,241,242,100.0,100.0,100.0,100.0,wet,heavy,stable,stable,TOO_WET|RAIN_HEAVY
2026-04-25T13:26:56.861645+00:00,1777123616.8616455,240,241,100.0,100.0,100.0,100.0,wet,heavy,stable,stable,TOO_WET|RAIN_HEAVY
2026-04-25T13:26:58.794978+00:00,1777123618.7949784,239,240,100.0,100.0,100.0,100.0,wet,heavy,stable,stable,TOO_WET|RAIN_HEAVY
2026-04-25T13:27:01.051053+00:00,1777123621.0510528,241,241,100.0,100.0,100.0,100.0,wet,heavy,stable,stable,TOO_WET|RAIN_HEAVY
2026-04-25T13:27:02.832377+00:00,1777123622.8323774,241,239,100.0,100.0,100.0,100.0,wet,heavy,stable,stable,TOO_WET|RAIN_HEAVY
2026-04-25T13:27:04.761878+00:00,1777123624.7618775,241,235,100.0,100.0,100.0,100.0,wet,heavy,stable,stable,TOO_WET|RAIN_HEAVY
2026-04-25T13:27:06.826957+00:00,1777123626.8269565,242,245,100.0,100.0,100.0,100.0,wet,heavy,stable,stable,TOO_WET|RAIN_HEAVY
2026-04-25T13:27:08.772807+00:00,1777123628.772807,241,241,100.0,100.0,100.0,100.0,wet,heavy,stable,stable,TOO_WET|RAIN_HEAVY
2026-04-25T13:27:10.838863+00:00,1777123630.8388634,243,247,100.0,100.0,100.0,100.0,wet,heavy,stable,stable,TOO_WET|RAIN_HEAVY
2026-04-25T13:27:12.780165+00:00,1777123632.7801654,243,242,100.0,100.0,100.0,100.0,wet,heavy,stable,stable,TOO_WET|RAIN_HEAVY
2026-04-25T13:27:14.821374+00:00,1777123634.8213742,243,243,100.0,100.0,100.0,100.0,wet,heavy,stable,stable,TOO_WET|RAIN_HEAVY
2026-04-25T13:27:16.765529+00:00,1777123636.765529,243,244,100.0,100.0,100.0,100.0,wet,heavy,stable,stable,TOO_WET|RAIN_HEAVY
2026-04-25T13:27:18.894139+00:00,1777123638.8941386,246,245,100.0,100.0,100.0,100.0,wet,heavy,stable,stable,TOO_WET|RAIN_HEAVY
2026-04-25T13:27:20.844791+00:00,1777123640.8447914,247,247,100.0,100.0,100.0,100.0,wet,heavy,stable,stable,TOO_WET|RAIN_HEAVY
2026-04-25T13:27:22.793089+00:00,1777123642.7930894,251,250,100.0,100.0,100.0,100.0,wet,heavy,stable,stable,TOO_WET|RAIN_HEAVY
2026-04-25T13:27:24.936904+00:00,1777123644.9369037,249,247,100.0,100.0,100.0,100.0,wet,heavy,stable,stable,TOO_WET|RAIN_HEAVY
2026-04-25T13:27:26.780345+00:00,1777123646.7803454,249,247,100.0,100.0,100.0,100.0,wet,heavy,stable,stable,TOO_WET|RAIN_HEAVY
2026-04-25T13:27:28.835771+00:00,1777123648.8357708,250,248,100.0,100.0,100.0,100.0,wet,heavy,stable,stable,TOO_WET|RAIN_HEAVY
2026-04-25T13:27:30.775721+00:00,1777123650.7757206,248,249,100.0,100.0,100.0,100.0,wet,heavy,stable,stable,TOO_WET|RAIN_HEAVY
2026-04-25T13:27:32.940923+00:00,1777123652.9409227,255,252,100.0,99.73,100.0,99.97,wet,heavy,stable,stable,TOO_WET|RAIN_HEAVY
2026-04-25T13:27:34.879114+00:00,1777123654.8791142,568,448,15.29,73.6,89.41,96.67,wet,heavy,falling,falling,TOO_WET|RAIN_HEAVY
2026-04-25T13:27:36.953429+00:00,1777123656.9534285,568,495,15.29,67.33,78.82,92.58,wet,heavy,falling,falling,RAIN_HEAVY
2026-04-25T13:27:38.805892+00:00,1777123658.8058915,569,509,15.0,65.47,68.2,88.27,optimal,heavy,falling,falling,RAIN_HEAVY
2026-04-25T13:27:40.802651+00:00,1777123660.8026507,569,513,15.0,64.93,57.57,83.88,optimal,heavy,falling,falling,RAIN_HEAVY
2026-04-25T13:27:42.804890+00:00,1777123662.8048904,569,514,15.0,64.8,46.95,79.48,optimal,heavy,falling,falling,RAIN_HEAVY
2026-04-25T13:27:44.734587+00:00,1777123664.7345872,570,515,14.71,64.67,36.29,75.07,low,heavy,falling,falling,RAIN_HEAVY
2026-04-25T13:27:46.793643+00:00,1777123666.7936432,569,515,15.0,64.67,25.66,70.65,low,heavy,falling,falling,RAIN_HEAVY
2026-04-25T13:27:48.823426+00:00,1777123668.8234255,569,516,15.0,64.53,15.04,66.25,dry,moderate,stable,falling,TOO_DRY|RAIN_HEAVY
2026-04-25T13:27:50.858186+00:00,1777123670.858186,569,515,15.0,64.67,15.0,65.13,dry,moderate,stable,stable,TOO_DRY|RAIN_HEAVY
2026-04-25T13:27:52.829164+00:00,1777123672.8291643,569,516,15.0,64.53,14.96,64.78,dry,moderate,stable,stable,TOO_DRY
2026-04-25T13:27:54.856665+00:00,1777123674.856665,569,517,15.0,64.4,14.96,64.65,dry,moderate,stable,stable,TOO_DRY
2026-04-25T13:27:56.789136+00:00,1777123676.7891364,569,517,15.0,64.4,14.96,64.58,dry,moderate,stable,stable,TOO_DRY
2026-04-25T13:27:58.834394+00:00,1777123678.8343935,569,516,15.0,64.53,14.96,64.55,dry,moderate,stable,stable,TOO_DRY
2026-04-25T13:28:00.786017+00:00,1777123680.786017,570,517,14.71,64.4,14.96,64.52,dry,moderate,stable,stable,TOO_DRY
2026-04-25T13:28:02.828334+00:00,1777123682.828334,569,516,15.0,64.53,14.96,64.5,dry,moderate,stable,stable,TOO_DRY
2026-04-25T13:28:04.758381+00:00,1777123684.7583814,569,515,15.0,64.67,14.96,64.52,dry,moderate,stable,stable,TOO_DRY
2026-04-25T13:28:06.820219+00:00,1777123686.8202186,569,516,15.0,64.53,14.96,64.5,dry,moderate,stable,stable,TOO_DRY
2026-04-25T13:28:08.779929+00:00,1777123688.7799287,570,516,14.71,64.53,14.93,64.5,dry,moderate,stable,stable,TOO_DRY
2026-04-25T13:28:10.817297+00:00,1777123690.8172975,569,516,15.0,64.53,14.93,64.52,dry,moderate,stable,stable,TOO_DRY
2026-04-25T13:28:12.774234+00:00,1777123692.7742338,570,514,14.71,64.8,14.89,64.56,dry,moderate,stable,stable,TOO_DRY
2026-04-25T13:28:14.812328+00:00,1777123694.812328,569,515,15.0,64.67,14.89,64.58,dry,moderate,stable,stable,TOO_DRY
2026-04-25T13:28:16.751473+00:00,1777123696.7514734,569,517,15.0,64.4,14.93,64.58,dry,moderate,stable,stable,TOO_DRY
2026-04-25T13:28:18.809686+00:00,1777123698.8096857,569,517,15.0,64.4,14.93,64.57,dry,moderate,stable,stable,TOO_DRY
2026-04-25T13:28:20.855436+00:00,1777123700.8554363,569,517,15.0,64.4,14.93,64.53,dry,moderate,stable,stable,TOO_DRY
2026-04-25T13:28:22.799875+00:00,1777123702.7998755,570,517,14.71,64.4,14.89,64.52,dry,moderate,stable,stable,TOO_DRY
2026-04-25T13:28:25.876439+00:00,1777123705.8764393,570,519,14.71,64.13,14.89,64.47,dry,moderate,stable,stable,TOO_DRY
2026-04-25T13:53:20.158457+00:00,1777125200.158457,566,516,15.88,64.53,15.88,64.53,dry,moderate,stable,stable,TOO_DRY
2026-04-25T13:54:22.099872+00:00,1777125262.099872,271,265,100.0,98.0,100.0,98.0,wet,heavy,stable,stable,TOO_WET|RAIN_HEAVY
2026-04-25T13:54:24.124900+00:00,1777125264.1248996,268,264,100.0,98.13,100.0,98.06,wet,heavy,stable,stable,TOO_WET|RAIN_HEAVY
2026-04-25T13:54:26.176571+00:00,1777125266.176571,264,260,100.0,98.67,100.0,98.27,wet,heavy,stable,stable,TOO_WET|RAIN_HEAVY
2026-04-25T13:54:28.223520+00:00,1777125268.22352,266,260,100.0,98.67,100.0,98.37,wet,heavy,stable,stable,TOO_WET|RAIN_HEAVY
2026-04-25T13:54:30.144991+00:00,1777125270.144991,266,261,100.0,98.53,100.0,98.4,wet,heavy,stable,stable,TOO_WET|RAIN_HEAVY
2026-04-25T13:54:32.212685+00:00,1777125272.2126849,266,262,100.0,98.4,100.0,98.4,wet,heavy,stable,stable,TOO_WET|RAIN_HEAVY
2026-04-25T13:54:34.252571+00:00,1777125274.252571,265,260,100.0,98.67,100.0,98.44,wet,heavy,stable,stable,TOO_WET|RAIN_HEAVY
2026-04-25T13:54:36.198267+00:00,1777125276.198267,263,260,100.0,98.67,100.0,98.47,wet,heavy,stable,stable,TOO_WET|RAIN_HEAVY
2026-04-25T13:54:38.144870+00:00,1777125278.1448703,262,260,100.0,98.67,100.0,98.55,wet,heavy,stable,stable,TOO_WET|RAIN_HEAVY
2026-04-25T13:54:40.195663+00:00,1777125280.1956632,261,258,100.0,98.93,100.0,98.65,wet,heavy,stable,stable,TOO_WET|RAIN_HEAVY
2026-04-25T13:54:42.143392+00:00,1777125282.1433923,567,451,15.59,73.2,89.45,95.47,wet,heavy,falling,falling,TOO_WET|RAIN_HEAVY
2026-04-25T13:54:44.228734+00:00,1777125284.228734,567,497,15.59,67.07,78.9,91.52,wet,heavy,falling,falling,RAIN_HEAVY
2026-04-25T13:54:46.121335+00:00,1777125286.1213348,567,510,15.59,65.33,68.35,87.37,optimal,heavy,falling,falling,RAIN_HEAVY
2026-04-25T13:54:48.126723+00:00,1777125288.1267226,567,513,15.59,64.93,57.8,83.18,optimal,heavy,falling,falling,RAIN_HEAVY
2026-04-25T13:54:50.239830+00:00,1777125290.2398298,567,514,15.59,64.8,47.24,78.95,optimal,heavy,falling,falling,RAIN_HEAVY
2026-04-25T13:54:52.179201+00:00,1777125292.1792011,567,514,15.59,64.8,36.69,74.72,low,heavy,falling,falling,RAIN_HEAVY
2026-04-25T13:54:54.123918+00:00,1777125294.123918,568,515,15.29,64.67,26.1,70.47,low,heavy,falling,falling,RAIN_HEAVY
2026-04-25T13:54:56.276548+00:00,1777125296.2765477,568,515,15.29,64.67,15.52,66.18,dry,moderate,stable,stable,TOO_DRY|RAIN_HEAVY
2026-04-25T13:54:58.224568+00:00,1777125298.2245684,568,515,15.29,64.67,15.48,65.12,dry,moderate,stable,stable,TOO_DRY|RAIN_HEAVY
2026-04-25T13:55:00.161264+00:00,1777125300.1612642,568,515,15.29,64.67,15.44,64.82,dry,moderate,stable,stable,TOO_DRY
2026-04-25T13:57:38.261559+00:00,1777125458.2615592,569,515,15.0,64.67,15.0,64.67,dry,moderate,stable,stable,TOO_DRY
2026-04-25T13:57:44.876618+00:00,1777125464.8766184,569,515,15.0,64.67,15.0,64.67,dry,moderate,stable,stable,TOO_DRY
2026-04-25T13:57:44.878917+00:00,1777125464.878917,569,515,15.0,64.67,15.0,64.67,dry,moderate,stable,stable,TOO_DRY
2026-04-25T13:57:44.879896+00:00,1777125464.8798962,569,514,15.0,64.8,15.0,64.7,dry,moderate,stable,stable,TOO_DRY
2026-04-25T13:57:44.880790+00:00,1777125464.8807898,569,515,15.0,64.67,15.0,64.7,dry,moderate,stable,stable,TOO_DRY
2026-04-25T13:57:44.882047+00:00,1777125464.8820467,569,515,15.0,64.67,15.0,64.69,dry,moderate,stable,stable,TOO_DRY
2026-04-25T13:57:44.882739+00:00,1777125464.8827393,569,515,15.0,64.67,15.0,64.69,dry,moderate,stable,stable,TOO_DRY
2026-04-25T13:57:44.883412+00:00,1777125464.883412,569,516,15.0,64.53,15.0,64.67,dry,moderate,stable,stable,TOO_DRY
2026-04-25T13:57:44.884080+00:00,1777125464.8840802,569,515,15.0,64.67,15.0,64.67,dry,moderate,stable,stable,TOO_DRY
2026-04-25T13:57:44.884686+00:00,1777125464.8846858,569,514,15.0,64.8,15.0,64.69,dry,moderate,stable,stable,TOO_DRY
2026-04-25T13:57:45.920622+00:00,1777125465.920622,569,515,15.0,64.67,15.0,64.69,dry,moderate,stable,stable,TOO_DRY
2026-04-25T13:57:48.071111+00:00,1777125468.071111,568,515,15.29,64.67,15.04,64.67,dry,moderate,stable,stable,TOO_DRY
2026-04-25T13:57:49.887106+00:00,1777125469.8871064,569,515,15.0,64.67,15.04,64.67,dry,moderate,stable,stable,TOO_DRY
2026-04-25T13:57:51.943592+00:00,1777125471.9435918,568,517,15.29,64.4,15.07,64.64,dry,moderate,stable,stable,TOO_DRY
2026-04-25T13:57:53.730722+00:00,1777125473.7307222,569,516,15.0,64.53,15.07,64.62,dry,moderate,stable,stable,TOO_DRY
2026-04-25T13:57:56.443480+00:00,1777125476.4434803,569,516,15.0,64.53,15.07,64.62,dry,moderate,stable,stable,TOO_DRY
2026-04-25T13:57:57.631197+00:00,1777125477.6311967,568,516,15.29,64.53,15.11,64.6,dry,moderate,stable,stable,TOO_DRY
2026-04-25T13:57:59.792524+00:00,1777125479.7925239,569,517,15.0,64.4,15.11,64.55,dry,moderate,stable,stable,TOO_DRY
2026-04-25T13:58:01.631366+00:00,1777125481.6313663,569,517,15.0,64.4,15.11,64.52,dry,moderate,stable,stable,TOO_DRY
2026-04-25T13:58:03.680844+00:00,1777125483.6808443,568,518,15.29,64.27,15.11,64.47,dry,moderate,stable,stable,TOO_DRY
2026-04-25T13:58:05.702203+00:00,1777125485.7022033,568,516,15.29,64.53,15.14,64.45,dry,moderate,stable,stable,TOO_DRY
2026-04-25T13:58:07.664977+00:00,1777125487.6649766,568,516,15.29,64.53,15.14,64.47,dry,moderate,stable,stable,TOO_DRY
2026-04-25T13:58:08.134023+00:00,1777125488.1340227,568,515,15.29,64.67,15.18,64.48,dry,moderate,stable,stable,TOO_DRY
2026-04-25T13:58:10.184261+00:00,1777125490.1842608,568,514,15.29,64.8,15.22,64.52,dry,moderate,stable,stable,TOO_DRY
2026-04-25T13:58:12.123379+00:00,1777125492.1233795,568,514,15.29,64.8,15.22,64.55,dry,moderate,stable,stable,TOO_DRY
2026-04-25T13:58:14.270835+00:00,1777125494.2708347,568,514,15.29,64.8,15.25,64.6,dry,moderate,stable,stable,TOO_DRY
2026-04-25T13:58:16.300061+00:00,1777125496.3000615,568,515,15.29,64.67,15.29,64.63,dry,moderate,stable,stable,TOO_DRY
2026-04-25T13:58:18.275604+00:00,1777125498.2756045,568,514,15.29,64.8,15.29,64.7,dry,moderate,stable,stable,TOO_DRY
2026-04-25T13:58:20.146515+00:00,1777125500.1465147,568,514,15.29,64.8,15.29,64.73,dry,moderate,stable,stable,TOO_DRY
2026-04-25T13:58:22.266505+00:00,1777125502.2665048,568,515,15.29,64.67,15.29,64.75,dry,moderate,stable,stable,TOO_DRY
2026-04-25T13:58:24.140759+00:00,1777125504.1407592,568,515,15.29,64.67,15.29,64.75,dry,moderate,stable,stable,TOO_DRY
2026-04-25T13:58:26.156476+00:00,1777125506.1564755,568,514,15.29,64.8,15.29,64.75,dry,moderate,stable,stable,TOO_DRY
2026-04-25T13:58:28.199918+00:00,1777125508.1999178,569,516,15.0,64.53,15.25,64.72,dry,moderate,stable,stable,TOO_DRY
2026-04-25T13:58:30.248529+00:00,1777125510.248529,569,517,15.0,64.4,15.22,64.67,dry,moderate,stable,stable,TOO_DRY
2026-04-25T13:58:32.445842+00:00,1777125512.4458416,569,518,15.0,64.27,15.18,64.62,dry,moderate,stable,stable,TOO_DRY
2026-04-25T13:58:34.245898+00:00,1777125514.2458985,568,515,15.29,64.67,15.18,64.6,dry,moderate,stable,stable,TOO_DRY
2026-04-25T13:58:36.184366+00:00,1777125516.184366,568,515,15.29,64.67,15.18,64.59,dry,moderate,stable,stable,TOO_DRY
2026-04-25T13:58:38.444500+00:00,1777125518.4445002,568,514,15.29,64.8,15.18,64.6,dry,moderate,stable,stable,TOO_DRY
2026-04-25T13:58:40.401007+00:00,1777125520.401007,568,514,15.29,64.8,15.18,64.62,dry,moderate,stable,stable,TOO_DRY
2026-04-25T13:58:42.174031+00:00,1777125522.1740313,568,514,15.29,64.8,15.18,64.62,dry,moderate,stable,stable,TOO_DRY
2026-04-25T13:58:44.174524+00:00,1777125524.1745238,568,514,15.29,64.8,15.22,64.65,dry,moderate,stable,stable,TOO_DRY
2026-04-25T13:58:46.342408+00:00,1777125526.3424082,568,513,15.29,64.93,15.25,64.72,dry,moderate,stable,stable,TOO_DRY
2026-04-25T13:58:48.227122+00:00,1777125528.2271218,570,515,14.71,64.67,15.22,64.77,dry,moderate,stable,stable,TOO_DRY
2026-04-25T13:58:50.174023+00:00,1777125530.1740227,569,511,15.0,65.2,15.18,64.83,dry,moderate,stable,stable,TOO_DRY
2026-04-25T13:59:28.950941+00:00,1777125568.950941,568,513,15.29,64.93,15.29,64.93,dry,moderate,stable,stable,TOO_DRY
2026-04-25T13:59:35.296084+00:00,1777125575.2960842,568,513,15.29,64.93,15.29,64.93,dry,moderate,stable,stable,TOO_DRY
2026-04-25T13:59:35.296976+00:00,1777125575.296976,568,514,15.29,64.8,15.29,64.89,dry,moderate,stable,stable,TOO_DRY
2026-04-25T13:59:35.297626+00:00,1777125575.2976255,568,513,15.29,64.93,15.29,64.9,dry,moderate,stable,stable,TOO_DRY
2026-04-25T13:59:37.059917+00:00,1777125577.0599172,569,513,15.0,64.93,15.23,64.9,dry,moderate,stable,stable,TOO_DRY
2026-04-25T13:59:39.161613+00:00,1777125579.1616127,306,349,92.35,86.8,28.08,68.55,low,moderate,rising,rising,RAIN_HEAVY
2026-04-25T13:59:41.040808+00:00,1777125581.0408077,260,282,100.0,95.73,38.36,72.44,low,heavy,rising,rising,RAIN_HEAVY
2026-04-25T13:59:43.055470+00:00,1777125583.05547,258,262,100.0,98.4,46.06,75.68,optimal,heavy,rising,rising,RAIN_HEAVY
2026-04-25T13:59:45.042397+00:00,1777125585.0423968,260,260,100.0,98.67,56.65,79.9,optimal,heavy,rising,rising,RAIN_HEAVY
2026-04-25T13:59:47.051838+00:00,1777125587.0518382,262,257,100.0,99.07,67.24,84.17,optimal,heavy,rising,rising,RAIN_HEAVY
2026-04-25T13:59:49.024443+00:00,1777125589.024443,261,260,100.0,98.67,77.83,88.4,wet,heavy,rising,rising,RAIN_HEAVY
2026-04-25T13:59:50.976418+00:00,1777125590.976418,261,257,100.0,99.07,88.42,92.67,wet,heavy,rising,rising,TOO_WET|RAIN_HEAVY
2026-04-25T13:59:52.989982+00:00,1777125592.9899817,257,254,100.0,99.47,99.04,96.98,wet,heavy,stable,rising,TOO_WET|RAIN_HEAVY
2026-04-25T13:59:55.144882+00:00,1777125595.1448817,258,252,100.0,99.73,100.0,98.6,wet,heavy,stable,stable,TOO_WET|RAIN_HEAVY
2026-04-25T13:59:57.245927+00:00,1777125597.2459269,257,253,100.0,99.6,100.0,99.08,wet,heavy,stable,stable,TOO_WET|RAIN_HEAVY
2026-04-25T13:59:59.073927+00:00,1777125599.0739274,258,256,100.0,99.2,100.0,99.19,wet,heavy,stable,stable,TOO_WET|RAIN_HEAVY
2026-04-25T14:00:01.182089+00:00,1777125601.1820893,258,256,100.0,99.2,100.0,99.25,wet,heavy,stable,stable,TOO_WET|RAIN_HEAVY
2026-04-25T14:00:02.972304+00:00,1777125602.9723039,258,255,100.0,99.33,100.0,99.28,wet,heavy,stable,stable,TOO_WET|RAIN_HEAVY
2026-04-25T14:00:05.409872+00:00,1777125605.409872,257,256,100.0,99.2,100.0,99.35,wet,heavy,stable,stable,TOO_WET|RAIN_HEAVY
2026-04-25T14:00:07.167217+00:00,1777125607.1672173,258,255,100.0,99.33,100.0,99.38,wet,heavy,stable,stable,TOO_WET|RAIN_HEAVY
2026-04-25T14:00:09.224431+00:00,1777125609.2244306,258,254,100.0,99.47,100.0,99.38,wet,heavy,stable,stable,TOO_WET|RAIN_HEAVY
2026-04-25T14:00:11.233770+00:00,1777125611.2337701,259,254,100.0,99.47,100.0,99.35,wet,heavy,stable,stable,TOO_WET|RAIN_HEAVY
2026-04-25T14:00:13.060790+00:00,1777125613.0607898,258,254,100.0,99.47,100.0,99.33,wet,heavy,stable,stable,TOO_WET|RAIN_HEAVY
2026-04-25T14:00:15.013223+00:00,1777125615.0132227,259,256,100.0,99.2,100.0,99.33,wet,heavy,stable,stable,TOO_WET|RAIN_HEAVY
2026-04-25T14:00:17.885941+00:00,1777125617.8859406,259,257,100.0,99.07,100.0,99.32,wet,heavy,stable,stable,TOO_WET|RAIN_HEAVY
2026-04-25T14:00:18.975423+00:00,1777125618.9754233,259,257,100.0,99.07,100.0,99.28,wet,heavy,stable,stable,TOO_WET|RAIN_HEAVY
2026-04-25T14:00:21.783144+00:00,1777125621.7831445,259,254,100.0,99.47,100.0,99.32,wet,heavy,stable,stable,TOO_WET|RAIN_HEAVY
2026-04-25T14:00:23.396460+00:00,1777125623.3964598,259,255,100.0,99.33,100.0,99.32,wet,heavy,stable,stable,TOO_WET|RAIN_HEAVY
2026-04-25T14:00:25.264260+00:00,1777125625.26426,260,258,100.0,98.93,100.0,99.25,wet,heavy,stable,stable,TOO_WET|RAIN_HEAVY
2026-04-25T14:00:27.088450+00:00,1777125627.08845,260,256,100.0,99.2,100.0,99.22,wet,heavy,stable,stable,TOO_WET|RAIN_HEAVY
2026-04-25T14:00:29.057207+00:00,1777125629.057207,259,256,100.0,99.2,100.0,99.18,wet,heavy,stable,stable,TOO_WET|RAIN_HEAVY
2026-04-25T14:00:31.083978+00:00,1777125631.0839782,259,256,100.0,99.2,100.0,99.18,wet,heavy,stable,stable,TOO_WET|RAIN_HEAVY
2026-04-25T14:00:33.024540+00:00,1777125633.02454,259,255,100.0,99.33,100.0,99.22,wet,heavy,stable,stable,TOO_WET|RAIN_HEAVY
2026-04-25T14:00:35.085110+00:00,1777125635.0851102,258,255,100.0,99.33,100.0,99.25,wet,heavy,stable,stable,TOO_WET|RAIN_HEAVY
2026-04-25T14:00:37.129943+00:00,1777125637.1299434,258,255,100.0,99.33,100.0,99.23,wet,heavy,stable,stable,TOO_WET|RAIN_HEAVY
2026-04-25T14:00:39.088191+00:00,1777125639.088191,258,254,100.0,99.47,100.0,99.25,wet,heavy,stable,stable,TOO_WET|RAIN_HEAVY
2026-04-25T14:00:41.016170+00:00,1777125641.0161695,257,254,100.0,99.47,100.0,99.32,wet,heavy,stable,stable,TOO_WET|RAIN_HEAVY
2026-04-25T14:00:43.062420+00:00,1777125643.0624197,257,256,100.0,99.2,100.0,99.32,wet,heavy,stable,stable,TOO_WET|RAIN_HEAVY
2026-04-25T14:00:45.222479+00:00,1777125645.222479,258,255,100.0,99.33,100.0,99.33,wet,heavy,stable,stable,TOO_WET|RAIN_HEAVY
2026-04-25T14:00:47.065300+00:00,1777125647.0653,258,254,100.0,99.47,100.0,99.37,wet,heavy,stable,stable,TOO_WET|RAIN_HEAVY
2026-04-25T14:00:49.006927+00:00,1777125649.0069268,257,254,100.0,99.47,100.0,99.38,wet,heavy,stable,stable,TOO_WET|RAIN_HEAVY
2026-04-25T14:00:51.071782+00:00,1777125651.0717819,257,254,100.0,99.47,100.0,99.4,wet,heavy,stable,stable,TOO_WET|RAIN_HEAVY
2026-04-25T14:00:53.131476+00:00,1777125653.1314762,258,255,100.0,99.33,100.0,99.4,wet,heavy,stable,stable,TOO_WET|RAIN_HEAVY
2026-04-25T14:00:55.063562+00:00,1777125655.0635622,258,256,100.0,99.2,100.0,99.37,wet,heavy,stable,stable,TOO_WET|RAIN_HEAVY
2026-04-25T14:00:57.075164+00:00,1777125657.075164,259,255,100.0,99.33,100.0,99.35,wet,heavy,stable,stable,TOO_WET|RAIN_HEAVY
2026-04-25T14:00:59.045144+00:00,1777125659.045144,259,254,100.0,99.47,100.0,99.38,wet,heavy,stable,stable,TOO_WET|RAIN_HEAVY
2026-04-25T14:01:01.304382+00:00,1777125661.3043823,261,254,100.0,99.47,100.0,99.4,wet,heavy,stable,stable,TOO_WET|RAIN_HEAVY
2026-04-25T14:01:03.047025+00:00,1777125663.0470247,260,255,100.0,99.33,100.0,99.38,wet,heavy,stable,stable,TOO_WET|RAIN_HEAVY
2026-04-25T14:01:05.198522+00:00,1777125665.1985219,258,254,100.0,99.47,100.0,99.38,wet,heavy,stable,stable,TOO_WET|RAIN_HEAVY
2026-04-25T14:01:07.258126+00:00,1777125667.2581265,259,256,100.0,99.2,100.0,99.35,wet,heavy,stable,stable,TOO_WET|RAIN_HEAVY
2026-04-25T14:01:09.028439+00:00,1777125669.0284393,259,257,100.0,99.07,100.0,99.32,wet,heavy,stable,stable,TOO_WET|RAIN_HEAVY
2026-04-25T14:01:11.135706+00:00,1777125671.135706,259,255,100.0,99.33,100.0,99.33,wet,heavy,stable,stable,TOO_WET|RAIN_HEAVY
2026-04-25T14:01:13.176349+00:00,1777125673.1763494,260,254,100.0,99.47,100.0,99.35,wet,heavy,stable,stable,TOO_WET|RAIN_HEAVY
2026-04-25T14:01:15.131065+00:00,1777125675.1310647,260,255,100.0,99.33,100.0,99.33,wet,heavy,stable,stable,TOO_WET|RAIN_HEAVY
2026-04-25T14:01:17.101319+00:00,1777125677.1013186,260,256,100.0,99.2,100.0,99.3,wet,heavy,stable,stable,TOO_WET|RAIN_HEAVY
2026-04-25T14:01:19.117412+00:00,1777125679.117412,259,255,100.0,99.33,100.0,99.3,wet,heavy,stable,stable,TOO_WET|RAIN_HEAVY
2026-04-25T14:01:22.384981+00:00,1777125682.3849807,259,255,100.0,99.33,100.0,99.28,wet,heavy,stable,stable,TOO_WET|RAIN_HEAVY
2026-04-25T14:01:23.057276+00:00,1777125683.0572755,259,254,100.0,99.47,100.0,99.32,wet,heavy,stable,stable,TOO_WET|RAIN_HEAVY
2026-04-25T14:01:25.096705+00:00,1777125685.0967047,259,256,100.0,99.2,100.0,99.33,wet,heavy,stable,stable,TOO_WET|RAIN_HEAVY
2026-04-25T14:01:27.055778+00:00,1777125687.055778,258,256,100.0,99.2,100.0,99.32,wet,heavy,stable,stable,TOO_WET|RAIN_HEAVY
2026-04-25T14:01:29.152546+00:00,1777125689.152546,257,254,100.0,99.47,100.0,99.32,wet,heavy,stable,stable,TOO_WET|RAIN_HEAVY
2026-04-25T14:01:31.095335+00:00,1777125691.095335,257,255,100.0,99.33,100.0,99.32,wet,heavy,stable,stable,TOO_WET|RAIN_HEAVY
2026-04-25T14:01:33.138199+00:00,1777125693.1381986,257,254,100.0,99.47,100.0,99.35,wet,heavy,stable,stable,TOO_WET|RAIN_HEAVY
2026-04-25T14:01:35.052555+00:00,1777125695.0525548,567,449,15.59,73.47,89.45,96.12,wet,heavy,falling,falling,TOO_WET|RAIN_HEAVY
2026-04-25T14:01:37.149776+00:00,1777125697.149776,570,497,14.71,67.07,78.79,92.08,wet,heavy,falling,falling,RAIN_HEAVY
2026-04-25T14:01:39.106955+00:00,1777125699.1069546,570,509,14.71,65.47,68.13,87.83,optimal,heavy,falling,falling,RAIN_HEAVY
2026-04-25T14:01:41.131600+00:00,1777125701.1316004,569,512,15.0,65.07,57.5,83.57,optimal,heavy,falling,falling,RAIN_HEAVY
2026-04-25T14:01:43.198139+00:00,1777125703.198139,569,512,15.0,65.07,46.88,79.3,optimal,heavy,falling,falling,RAIN_HEAVY
2026-04-25T14:01:45.125523+00:00,1777125705.125523,569,515,15.0,64.67,36.25,74.95,low,heavy,falling,falling,RAIN_HEAVY
2026-04-25T14:01:47.172395+00:00,1777125707.172395,569,515,15.0,64.67,25.63,70.62,low,heavy,falling,falling,RAIN_HEAVY
2026-04-25T14:01:49.112112+00:00,1777125709.112112,569,518,15.0,64.27,15.0,66.22,dry,moderate,stable,falling,TOO_DRY|RAIN_HEAVY
2026-04-25T14:01:51.150986+00:00,1777125711.1509857,569,513,15.0,64.93,14.93,65.15,dry,moderate,stable,stable,TOO_DRY|RAIN_HEAVY
2026-04-25T14:01:53.195093+00:00,1777125713.195093,569,514,15.0,64.8,14.96,64.87,dry,moderate,stable,stable,TOO_DRY
2026-04-25T14:01:59.721091+00:00,1777125719.721091,570,515,14.71,64.67,14.96,64.77,dry,moderate,stable,stable,TOO_DRY
2026-04-25T14:01:59.722869+00:00,1777125719.7228692,570,515,14.71,64.67,14.93,64.72,dry,moderate,stable,stable,TOO_DRY
2026-04-25T14:01:59.724203+00:00,1777125719.724203,570,517,14.71,64.4,14.89,64.64,dry,moderate,stable,stable,TOO_DRY
2026-04-25T14:02:01.226531+00:00,1777125721.2265313,569,516,15.0,64.53,14.89,64.62,dry,moderate,stable,stable,TOO_DRY
2026-04-25T14:02:03.069617+00:00,1777125723.0696166,569,514,15.0,64.8,14.89,64.63,dry,moderate,stable,stable,TOO_DRY
2026-04-25T14:02:05.109918+00:00,1777125725.1099176,569,514,15.0,64.8,14.89,64.7,dry,moderate,stable,stable,TOO_DRY
2026-04-25T14:02:07.139676+00:00,1777125727.1396763,569,515,15.0,64.67,14.89,64.67,dry,moderate,stable,stable,TOO_DRY
2026-04-25T14:02:09.183433+00:00,1777125729.183433,569,516,15.0,64.53,14.89,64.63,dry,moderate,stable,stable,TOO_DRY
2026-04-25T14:02:11.370441+00:00,1777125731.3704407,569,514,15.0,64.8,14.93,64.65,dry,moderate,stable,stable,TOO_DRY
2026-04-25T14:55:45.268683+00:00,1777128945.2686832,524,568,28.24,57.6,28.24,57.6,low,moderate,stable,stable,
2026-04-25T14:55:50.215000+00:00,1777128950.2150002,523,568,28.53,57.6,28.38,57.6,low,moderate,stable,stable,
2026-04-25T14:55:50.216700+00:00,1777128950.2166998,522,568,28.82,57.6,28.53,57.6,low,moderate,stable,stable,
2026-04-25T14:55:51.677346+00:00,1777128951.6773455,524,567,28.24,57.73,28.46,57.63,low,moderate,stable,stable,
2026-04-25T14:55:58.334141+00:00,1777128958.3341408,523,568,28.53,57.6,28.47,57.63,low,moderate,stable,stable,
2026-04-25T14:55:59.110313+00:00,1777128959.1103134,523,567,28.53,57.73,28.48,57.64,low,moderate,stable,stable,
2026-04-25T14:55:59.112213+00:00,1777128959.1122127,524,568,28.24,57.6,28.45,57.64,low,moderate,stable,stable,
2026-04-25T14:55:59.113009+00:00,1777128959.1130092,524,568,28.24,57.6,28.42,57.63,low,moderate,stable,stable,
2026-04-25T14:55:59.114296+00:00,1777128959.114296,524,568,28.24,57.6,28.42,57.63,low,moderate,stable,stable,
2026-04-25T14:55:59.115336+00:00,1777128959.1153362,523,568,28.53,57.6,28.42,57.63,low,moderate,stable,stable,
2026-04-25T14:56:01.332577+00:00,1777128961.3325765,340,277,82.35,96.4,35.11,62.48,low,moderate,rising,rising,
2026-04-25T14:56:02.960399+00:00,1777128962.960399,329,290,85.59,94.67,42.28,67.1,low,moderate,rising,rising,RAIN_HEAVY
2026-04-25T14:56:04.674389+00:00,1777128964.6743894,323,282,87.35,95.73,49.63,71.87,optimal,heavy,rising,rising,RAIN_HEAVY
2026-04-25T14:56:06.497320+00:00,1777128966.4973204,323,287,87.35,95.07,56.99,76.53,optimal,heavy,rising,rising,RAIN_HEAVY
2026-04-25T14:56:08.668854+00:00,1777128968.6688535,321,279,87.94,96.13,64.45,81.35,optimal,heavy,rising,rising,RAIN_HEAVY
2026-04-25T14:56:10.744984+00:00,1777128970.7449844,319,278,88.53,96.27,71.98,86.18,optimal,heavy,rising,rising,RAIN_HEAVY
2026-04-25T14:56:13.077013+00:00,1777128973.0770125,318,276,88.82,96.53,79.56,91.05,wet,heavy,rising,rising,RAIN_HEAVY
2026-04-25T14:56:15.196464+00:00,1777128975.1964643,318,278,88.82,96.27,87.09,95.88,wet,heavy,stable,stable,TOO_WET|RAIN_HEAVY
2026-04-25T14:56:16.898710+00:00,1777128976.8987098,319,278,88.53,96.27,87.87,95.87,wet,heavy,stable,stable,TOO_WET|RAIN_HEAVY
2026-04-25T14:56:19.248099+00:00,1777128979.2480993,319,278,88.53,96.27,88.23,96.07,wet,heavy,stable,stable,TOO_WET|RAIN_HEAVY
2026-04-25T14:56:22.820360+00:00,1777128982.8203604,319,280,88.53,96.0,88.38,96.1,wet,heavy,stable,stable,TOO_WET|RAIN_HEAVY
2026-04-25T14:56:23.523934+00:00,1777128983.5239341,321,281,87.94,95.87,88.45,96.2,wet,heavy,stable,stable,TOO_WET|RAIN_HEAVY
2026-04-25T14:56:24.590586+00:00,1777128984.590586,321,281,87.94,95.87,88.45,96.17,wet,heavy,stable,stable,TOO_WET|RAIN_HEAVY
2026-04-25T14:56:26.536487+00:00,1777128986.5364869,321,281,87.94,95.87,88.38,96.12,wet,heavy,stable,stable,TOO_WET|RAIN_HEAVY
2026-04-25T14:56:28.563560+00:00,1777128988.5635605,323,285,87.35,95.33,88.2,95.97,wet,heavy,stable,stable,TOO_WET|RAIN_HEAVY
2026-04-25T14:56:30.547624+00:00,1777128990.5476243,326,295,86.47,94.0,87.9,95.69,wet,heavy,stable,stable,TOO_WET|RAIN_HEAVY
2026-04-25T14:56:32.398692+00:00,1777128992.3986921,329,296,85.59,93.87,87.54,95.39,wet,heavy,stable,stable,TOO_WET|RAIN_HEAVY
2026-04-25T14:56:34.373117+00:00,1777128994.3731174,506,569,33.53,57.47,80.66,90.53,wet,heavy,falling,falling,RAIN_HEAVY
2026-04-25T14:56:36.419478+00:00,1777128996.4194782,521,569,29.12,57.47,73.23,85.72,optimal,heavy,falling,falling,RAIN_HEAVY
2026-04-25T14:56:39.277373+00:00,1777128999.2773728,523,568,28.53,57.6,65.81,80.94,optimal,heavy,falling,falling,RAIN_HEAVY
2026-04-25T14:56:41.122765+00:00,1777129001.1227653,525,569,27.94,57.47,58.31,76.14,optimal,heavy,falling,falling,RAIN_HEAVY
2026-04-25T14:56:43.147494+00:00,1777129003.1474943,524,568,28.24,57.6,50.85,71.35,optimal,heavy,falling,falling,RAIN_HEAVY
2026-04-25T14:56:44.938858+00:00,1777129004.9388576,525,569,27.94,57.47,43.42,66.62,low,moderate,falling,falling,RAIN_HEAVY
2026-04-25T14:56:46.738221+00:00,1777129006.7382207,525,568,27.94,57.6,36.1,62.07,low,moderate,falling,falling,
2026-04-25T14:56:48.549198+00:00,1777129008.5491982,524,568,28.24,57.6,28.94,57.53,low,moderate,stable,stable,
2026-04-25T14:56:50.999099+00:00,1777129010.9990995,525,569,27.94,57.47,28.24,57.53,low,moderate,stable,stable,
2026-04-25T14:56:52.651749+00:00,1777129012.6517491,525,569,27.94,57.47,28.09,57.53,low,moderate,stable,stable,
2026-04-25T14:56:54.594792+00:00,1777129014.5947924,524,569,28.24,57.47,28.05,57.52,low,moderate,stable,stable,
2026-04-25T14:56:56.865329+00:00,1777129016.8653288,525,569,27.94,57.47,28.05,57.52,low,moderate,stable,stable,
2026-04-25T14:56:58.650416+00:00,1777129018.6504157,524,568,28.24,57.6,28.05,57.52,low,moderate,stable,stable,
2026-04-25T14:57:00.620780+00:00,1777129020.6207798,525,569,27.94,57.47,28.05,57.52,low,moderate,stable,stable,
2026-04-25T14:57:02.465147+00:00,1777129022.4651468,525,568,27.94,57.6,28.05,57.52,low,moderate,stable,stable,
2026-04-25T14:57:04.768897+00:00,1777129024.7688973,524,568,28.24,57.6,28.05,57.52,low,moderate,stable,stable,
2026-04-25T14:57:06.419740+00:00,1777129026.4197397,525,568,27.94,57.6,28.05,57.53,low,moderate,stable,stable,
2026-04-25T14:57:08.432124+00:00,1777129028.4321237,524,568,28.24,57.6,28.09,57.55,low,moderate,stable,stable,
2026-04-25T14:57:11.287120+00:00,1777129031.2871203,524,569,28.24,57.47,28.09,57.55,low,moderate,stable,stable,
2026-04-25T14:57:12.401487+00:00,1777129032.4014874,526,568,27.65,57.6,28.05,57.57,low,moderate,stable,stable,
2026-04-25T14:57:14.428473+00:00,1777129034.4284725,526,568,27.65,57.6,27.98,57.57,low,moderate,stable,stable,
2026-04-25T14:57:16.475749+00:00,1777129036.4757485,525,569,27.94,57.47,27.98,57.57,low,moderate,stable,stable,
2026-04-25T14:57:18.421592+00:00,1777129038.4215925,524,568,28.24,57.6,28.02,57.57,low,moderate,stable,stable,
2026-04-25T14:57:20.562751+00:00,1777129040.562751,525,568,27.94,57.6,27.98,57.57,low,moderate,stable,stable,
2026-04-25T14:57:22.696967+00:00,1777129042.6969666,523,568,28.53,57.6,28.05,57.57,low,moderate,stable,stable,
2026-04-25T14:57:24.498815+00:00,1777129044.4988153,524,568,28.24,57.6,28.05,57.57,low,moderate,stable,stable,
2026-04-25T14:57:26.425726+00:00,1777129046.4257262,525,568,27.94,57.6,28.02,57.58,low,moderate,stable,stable,
2026-04-25T14:57:28.810336+00:00,1777129048.8103364,524,568,28.24,57.6,28.09,57.58,low,moderate,stable,stable,
2026-04-25T14:57:30.531113+00:00,1777129050.531113,525,569,27.94,57.47,28.13,57.57,low,moderate,stable,stable,
2026-04-25T14:57:32.505310+00:00,1777129052.5053096,524,568,28.24,57.6,28.16,57.58,low,moderate,stable,stable,
2026-04-25T14:57:35.836954+00:00,1777129055.8369539,524,568,28.24,57.6,28.16,57.58,low,moderate,stable,stable,
2026-04-25T14:57:36.465052+00:00,1777129056.4650521,525,568,27.94,57.6,28.16,57.58,low,moderate,stable,stable,
2026-04-25T14:57:38.446098+00:00,1777129058.446098,525,568,27.94,57.6,28.09,57.58,low,moderate,stable,stable,
2026-04-25T14:57:40.839553+00:00,1777129060.839553,525,568,27.94,57.6,28.05,57.58,low,moderate,stable,stable,
2026-04-25T14:57:42.978975+00:00,1777129062.9789746,524,568,28.24,57.6,28.09,57.58,low,moderate,stable,stable,
2026-04-25T14:57:44.423168+00:00,1777129064.423168,525,569,27.94,57.47,28.05,57.57,low,moderate,stable,stable,
2026-04-25T14:57:46.444830+00:00,1777129066.44483,525,568,27.94,57.6,28.05,57.58,low,moderate,stable,stable,
2026-04-25T14:57:48.760278+00:00,1777129068.7602775,524,568,28.24,57.6,28.05,57.58,low,moderate,stable,stable,
2026-04-25T14:57:50.581295+00:00,1777129070.581295,525,568,27.94,57.6,28.02,57.58,low,moderate,stable,stable,
2026-04-25T14:57:52.512759+00:00,1777129072.5127587,524,568,28.24,57.6,28.05,57.58,low,moderate,stable,stable,
2026-04-25T14:57:54.759686+00:00,1777129074.7596865,524,568,28.24,57.6,28.09,57.58,low,moderate,stable,stable,
2026-04-25T14:57:56.781362+00:00,1777129076.7813618,524,568,28.24,57.6,28.13,57.58,low,moderate,stable,stable,
2026-04-25T14:57:58.559515+00:00,1777129078.5595148,524,568,28.24,57.6,28.13,57.58,low,moderate,stable,stable,
2026-04-25T14:58:00.936728+00:00,1777129080.9367275,524,568,28.24,57.6,28.16,57.6,low,moderate,stable,stable,
2026-04-25T14:58:02.443830+00:00,1777129082.44383,524,568,28.24,57.6,28.2,57.6,low,moderate,stable,stable,
2026-04-25T14:58:04.440563+00:00,1777129084.4405632,524,568,28.24,57.6,28.2,57.6,low,moderate,stable,stable,
2026-04-25T14:58:06.597752+00:00,1777129086.5977519,524,568,28.24,57.6,28.24,57.6,low,moderate,stable,stable,
2026-04-25T14:58:08.720778+00:00,1777129088.720778,524,568,28.24,57.6,28.24,57.6,low,moderate,stable,stable,
2026-04-25T14:58:10.467840+00:00,1777129090.4678404,522,568,28.82,57.6,28.31,57.6,low,moderate,stable,stable,
2026-04-25T14:58:12.495553+00:00,1777129092.495553,524,568,28.24,57.6,28.31,57.6,low,moderate,stable,stable,
2026-04-25T14:58:14.741961+00:00,1777129094.7419615,524,568,28.24,57.6,28.31,57.6,low,moderate,stable,stable,
2026-04-25T14:58:16.705079+00:00,1777129096.7050786,524,568,28.24,57.6,28.31,57.6,low,moderate,stable,stable,
2026-04-25T14:58:18.648931+00:00,1777129098.6489313,524,568,28.24,57.6,28.31,57.6,low,moderate,stable,stable,
2026-04-25T14:58:21.000649+00:00,1777129101.000649,513,568,31.47,57.6,28.72,57.6,low,moderate,stable,stable,
2026-04-25T14:58:24.706922+00:00,1777129104.7069216,516,568,30.59,57.6,29.01,57.6,low,moderate,stable,stable,
2026-04-25T14:58:25.438050+00:00,1777129105.4380496,527,568,27.35,57.6,28.9,57.6,low,moderate,stable,stable,
2026-04-25T14:58:26.897437+00:00,1777129106.8974369,527,569,27.35,57.47,28.71,57.58,low,moderate,stable,stable,
2026-04-25T14:58:28.584529+00:00,1777129108.584529,529,568,26.76,57.6,28.53,57.58,low,moderate,stable,stable,
2026-04-25T14:58:30.568330+00:00,1777129110.5683298,527,568,27.35,57.6,28.42,57.58,low,moderate,stable,stable,
2026-04-25T14:58:32.742076+00:00,1777129112.7420762,525,568,27.94,57.6,28.38,57.58,low,moderate,stable,stable,
2026-04-25T14:58:34.582957+00:00,1777129114.5829573,525,567,27.94,57.73,28.34,57.6,low,moderate,stable,stable,
2026-04-25T14:58:36.489763+00:00,1777129116.489763,524,568,28.24,57.6,27.94,57.6,low,moderate,stable,stable,
2026-04-25T14:58:39.589099+00:00,1777129119.589099,524,568,28.24,57.6,27.65,57.6,low,moderate,stable,stable,
2026-04-25T14:58:40.759115+00:00,1777129120.7591152,521,568,29.12,57.6,27.87,57.6,low,moderate,stable,stable,
2026-04-25T14:58:42.725419+00:00,1777129122.725419,525,568,27.94,57.6,27.94,57.62,low,moderate,stable,stable,
2026-04-25T14:58:45.073708+00:00,1777129125.073708,526,568,27.65,57.6,28.05,57.62,low,moderate,stable,stable,
2026-04-25T14:58:46.614813+00:00,1777129126.614813,526,568,27.65,57.6,28.09,57.62,low,moderate,stable,stable,
2026-04-25T14:58:48.636336+00:00,1777129128.636336,526,568,27.65,57.6,28.05,57.62,low,moderate,stable,stable,
2026-04-25T14:58:50.564676+00:00,1777129130.5646756,524,568,28.24,57.6,28.09,57.6,low,moderate,stable,stable,
2026-04-25T14:58:52.545546+00:00,1777129132.5455456,525,568,27.94,57.6,28.05,57.6,low,moderate,stable,stable,
2026-04-25T14:58:54.566744+00:00,1777129134.5667439,525,568,27.94,57.6,28.02,57.6,low,moderate,stable,stable,
2026-04-25T14:58:56.613959+00:00,1777129136.6139588,525,568,27.94,57.6,27.87,57.6,low,moderate,stable,stable,
2026-04-25T14:58:58.617450+00:00,1777129138.61745,526,568,27.65,57.6,27.83,57.6,low,moderate,stable,stable,
2026-04-25T14:59:00.485021+00:00,1777129140.485021,525,568,27.94,57.6,27.87,57.6,low,moderate,stable,stable,
2026-04-25T14:59:02.549059+00:00,1777129142.549059,525,568,27.94,57.6,27.91,57.6,low,moderate,stable,stable,
2026-04-25T14:59:04.737876+00:00,1777129144.7378757,525,568,27.94,57.6,27.94,57.6,low,moderate,stable,stable,
2026-04-25T14:59:06.614115+00:00,1777129146.6141148,524,568,28.24,57.6,27.94,57.6,low,moderate,stable,stable,
2026-04-25T14:59:08.630715+00:00,1777129148.6307151,523,568,28.53,57.6,28.02,57.6,low,moderate,stable,stable,
2026-04-25T14:59:10.791651+00:00,1777129150.7916515,524,568,28.24,57.6,28.05,57.6,low,moderate,stable,stable,
2026-04-25T14:59:12.701746+00:00,1777129152.701746,524,568,28.24,57.6,28.09,57.6,low,moderate,stable,stable,
2026-04-25T14:59:14.771079+00:00,1777129154.7710788,524,568,28.24,57.6,28.16,57.6,low,moderate,stable,stable,
2026-04-25T14:59:16.527051+00:00,1777129156.5270514,525,568,27.94,57.6,28.16,57.6,low,moderate,stable,stable,
2026-04-25T14:59:18.744452+00:00,1777129158.744452,524,568,28.24,57.6,28.2,57.6,low,moderate,stable,stable,
2026-04-25T14:59:20.905993+00:00,1777129160.9059927,524,568,28.24,57.6,28.24,57.6,low,moderate,stable,stable,
2026-04-25T14:59:22.623056+00:00,1777129162.6230557,525,568,27.94,57.6,28.2,57.6,low,moderate,stable,stable,
2026-04-25T14:59:24.581911+00:00,1777129164.581911,523,568,28.53,57.6,28.2,57.6,low,moderate,stable,stable,
2026-04-25T14:59:26.571406+00:00,1777129166.571406,524,567,28.24,57.73,28.2,57.62,low,moderate,stable,stable,
2026-04-25T14:59:28.601878+00:00,1777129168.6018777,524,568,28.24,57.6,28.2,57.62,low,moderate,stable,stable,
2026-04-25T14:59:30.632766+00:00,1777129170.6327658,524,568,28.24,57.6,28.2,57.62,low,moderate,stable,stable,
2026-04-25T14:59:32.787616+00:00,1777129172.7876155,521,568,29.12,57.6,28.35,57.62,low,moderate,stable,stable,
2026-04-25T14:59:35.853769+00:00,1777129175.8537686,526,568,27.65,57.6,28.27,57.62,low,moderate,stable,stable,
2026-04-25T14:59:37.592871+00:00,1777129177.5928707,521,568,29.12,57.6,28.38,57.62,low,moderate,stable,stable,
2026-04-25T14:59:38.995767+00:00,1777129178.9957666,525,568,27.94,57.6,28.38,57.62,low,moderate,stable,stable,
2026-04-25T14:59:41.559019+00:00,1777129181.559019,525,568,27.94,57.6,28.31,57.62,low,moderate,stable,stable,
2026-04-25T14:59:44.496753+00:00,1777129184.4967525,525,568,27.94,57.6,28.27,57.6,low,moderate,stable,stable,
2026-04-25T14:59:44.990350+00:00,1777129184.9903498,524,568,28.24,57.6,28.27,57.6,low,moderate,stable,stable,
2026-04-25T14:59:47.123920+00:00,1777129187.1239197,525,568,27.94,57.6,28.24,57.6,low,moderate,stable,stable,
2026-04-25T14:59:48.806626+00:00,1777129188.8066258,524,568,28.24,57.6,28.13,57.6,low,moderate,stable,stable,
2026-04-25T14:59:50.610356+00:00,1777129190.6103559,524,570,28.24,57.33,28.2,57.57,low,moderate,stable,stable,
2026-04-25T14:59:52.545547+00:00,1777129192.5455465,522,568,28.82,57.6,28.16,57.57,low,moderate,stable,stable,
2026-04-25T14:59:54.582565+00:00,1777129194.5825646,527,568,27.35,57.6,28.09,57.57,low,moderate,stable,stable,
2026-04-25T14:59:56.922454+00:00,1777129196.9224536,524,568,28.24,57.6,28.13,57.57,low,moderate,stable,stable,
2026-04-25T14:59:59.220401+00:00,1777129199.2204006,524,568,28.24,57.6,28.16,57.57,low,moderate,stable,stable,
2026-04-25T15:00:01.243150+00:00,1777129201.2431502,524,568,28.24,57.6,28.16,57.57,low,moderate,stable,stable,
2026-04-25T15:00:02.730405+00:00,1777129202.7304046,522,568,28.82,57.6,28.27,57.57,low,moderate,stable,stable,
2026-04-25T15:00:04.839864+00:00,1777129204.839864,514,568,31.18,57.6,28.64,57.57,low,moderate,stable,stable,
2026-04-25T15:00:06.587739+00:00,1777129206.5877385,527,568,27.35,57.6,28.53,57.6,low,moderate,stable,stable,
2026-04-25T15:00:08.851935+00:00,1777129208.8519351,526,568,27.65,57.6,28.38,57.6,low,moderate,stable,stable,
2026-04-25T15:00:10.592816+00:00,1777129210.592816,524,568,28.24,57.6,28.49,57.6,low,moderate,stable,stable,
2026-04-25T15:00:12.780982+00:00,1777129212.7809825,524,568,28.24,57.6,28.49,57.6,low,moderate,stable,stable,
2026-04-25T15:00:15.072210+00:00,1777129215.0722096,524,568,28.24,57.6,28.49,57.6,low,moderate,stable,stable,
2026-04-25T15:00:18.094847+00:00,1777129218.0948474,519,568,29.71,57.6,28.68,57.6,low,moderate,stable,stable,
2026-04-25T15:00:18.642094+00:00,1777129218.6420937,526,568,27.65,57.6,28.53,57.6,low,moderate,stable,stable,
2026-04-25T15:00:20.632422+00:00,1777129220.6324217,525,567,27.94,57.73,28.13,57.62,low,moderate,stable,stable,
2026-04-25T15:00:22.959029+00:00,1777129222.959029,525,568,27.94,57.6,28.2,57.62,low,moderate,stable,stable,
2026-04-25T15:00:24.627708+00:00,1777129224.6277084,524,568,28.24,57.6,28.27,57.62,low,moderate,stable,stable,
2026-04-25T15:00:26.647515+00:00,1777129226.647515,525,568,27.94,57.6,28.24,57.62,low,moderate,stable,stable,
2026-04-25T15:00:28.986273+00:00,1777129228.9862733,525,568,27.94,57.6,28.2,57.62,low,moderate,stable,stable,
2026-04-25T15:00:30.586040+00:00,1777129230.5860398,524,568,28.24,57.6,28.2,57.62,low,moderate,stable,stable,
2026-04-25T15:00:32.668425+00:00,1777129232.6684253,524,568,28.24,57.6,28.02,57.62,low,moderate,stable,stable,
2026-04-25T15:00:35.027219+00:00,1777129235.0272193,524,568,28.24,57.6,28.09,57.62,low,moderate,stable,stable,
2026-04-25T15:00:36.663339+00:00,1777129236.6633394,524,568,28.24,57.6,28.13,57.6,low,moderate,stable,stable,
2026-04-25T15:00:39.035741+00:00,1777129239.0357406,524,568,28.24,57.6,28.16,57.6,low,moderate,stable,stable,
2026-04-25T15:00:41.183751+00:00,1777129241.1837509,524,568,28.24,57.6,28.16,57.6,low,moderate,stable,stable,
2026-04-25T15:00:43.512351+00:00,1777129243.5123506,524,568,28.24,57.6,28.2,57.6,low,moderate,stable,stable,
2026-04-25T15:00:44.712338+00:00,1777129244.7123382,525,568,27.94,57.6,28.2,57.6,low,moderate,stable,stable,
2026-04-25T15:00:47.600759+00:00,1777129247.600759,525,569,27.94,57.47,28.16,57.58,low,moderate,stable,stable,
2026-04-25T15:00:49.901831+00:00,1777129249.9018314,524,568,28.24,57.6,28.16,57.58,low,moderate,stable,stable,
2026-04-25T15:00:51.216763+00:00,1777129251.2167625,523,568,28.53,57.6,28.2,57.58,low,moderate,stable,stable,
2026-04-25T15:00:52.633742+00:00,1777129252.6337416,524,568,28.24,57.6,28.2,57.58,low,moderate,stable,stable,
2026-04-25T15:00:54.897475+00:00,1777129254.8974748,523,568,28.53,57.6,28.24,57.58,low,moderate,stable,stable,
2026-04-25T15:00:56.685734+00:00,1777129256.6857338,521,567,29.12,57.73,28.35,57.6,low,moderate,stable,stable,
2026-04-25T15:00:58.703437+00:00,1777129258.7034366,522,568,28.82,57.6,28.42,57.6,low,moderate,stable,stable,
2026-04-25T15:01:01.009435+00:00,1777129261.0094354,525,568,27.94,57.6,28.42,57.6,low,moderate,stable,stable,
2026-04-25T15:01:02.649139+00:00,1777129262.6491387,523,568,28.53,57.6,28.49,57.62,low,moderate,stable,stable,
2026-04-25T15:01:04.652264+00:00,1777129264.652264,522,567,28.82,57.73,28.57,57.63,low,moderate,stable,stable,
2026-04-25T15:01:06.999485+00:00,1777129266.999485,523,568,28.53,57.6,28.57,57.63,low,moderate,stable,stable,
2026-04-25T15:01:08.591672+00:00,1777129268.5916724,524,568,28.24,57.6,28.57,57.63,low,moderate,stable,stable,
2026-04-25T15:01:10.638964+00:00,1777129270.638964,525,568,27.94,57.6,28.49,57.63,low,moderate,stable,stable,
2026-04-25T15:01:12.938435+00:00,1777129272.938435,526,568,27.65,57.6,28.31,57.62,low,moderate,stable,stable,
2026-04-25T15:01:14.603893+00:00,1777129274.603893,524,568,28.24,57.6,28.24,57.62,low,moderate,stable,stable,
2026-04-25T15:01:16.648961+00:00,1777129276.6489608,523,567,28.53,57.73,28.31,57.63,low,moderate,stable,stable,
2026-04-25T15:01:18.850917+00:00,1777129278.8509166,524,567,28.24,57.73,28.27,57.65,low,moderate,stable,stable,
2026-04-25T15:01:21.516597+00:00,1777129281.516597,524,567,28.24,57.73,28.2,57.65,low,moderate,stable,stable,
2026-04-25T15:01:22.603265+00:00,1777129282.6032646,524,568,28.24,57.6,28.16,57.65,low,moderate,stable,stable,
2026-04-25T15:01:24.630951+00:00,1777129284.6309507,524,568,28.24,57.6,28.16,57.65,low,moderate,stable,stable,
2026-04-25T15:01:26.994427+00:00,1777129286.994427,524,568,28.24,57.6,28.2,57.65,low,moderate,stable,stable,
2026-04-25T15:01:28.880382+00:00,1777129288.8803823,524,568,28.24,57.6,28.28,57.65,low,moderate,stable,stable,
2026-04-25T15:01:43.686976+00:00,1777129303.6869757,548,567,21.18,58.99,21.18,58.99,dry,moderate,stable,stable,TOO_DRY
2026-04-25T15:01:50.415222+00:00,1777129310.415222,527,568,27.35,58.86,24.27,58.92,dry,moderate,stable,stable,TOO_DRY
2026-04-25T15:01:50.906374+00:00,1777129310.9063745,524,567,28.24,58.99,25.59,58.95,low,moderate,stable,stable,TOO_DRY
2026-04-25T15:01:50.907588+00:00,1777129310.9075875,525,568,27.94,58.86,26.18,58.92,low,moderate,rising,stable,TOO_DRY
2026-04-25T15:01:51.769392+00:00,1777129311.769392,524,567,28.24,58.99,26.59,58.94,low,moderate,rising,stable,TOO_DRY
2026-04-25T15:01:53.826408+00:00,1777129313.8264081,525,570,27.94,58.6,26.81,58.88,low,moderate,stable,stable,TOO_DRY
2026-04-25T15:01:55.861698+00:00,1777129315.8616984,524,568,28.24,58.86,27.02,58.88,low,moderate,stable,stable,TOO_DRY
2026-04-25T15:01:57.792058+00:00,1777129317.7920582,523,568,28.53,58.86,27.21,58.88,low,moderate,stable,stable,TOO_DRY
2026-04-25T15:02:02.138871+00:00,1777129322.1388712,524,568,28.24,58.86,28.09,58.86,low,moderate,stable,stable,TOO_DRY
2026-04-25T15:02:02.618478+00:00,1777129322.618478,524,568,28.24,58.86,28.2,58.86,low,moderate,stable,stable,TOO_DRY
2026-04-25T15:02:05.290450+00:00,1777129325.29045,523,568,28.53,58.86,28.24,58.84,low,moderate,stable,stable,TOO_DRY
2026-04-25T15:02:07.700802+00:00,1777129327.7008023,524,569,28.24,58.73,28.27,58.83,low,moderate,stable,stable,TOO_DRY
2026-04-25T15:02:08.292690+00:00,1777129328.2926896,524,568,28.24,58.86,28.27,58.81,low,moderate,stable,stable,TOO_DRY
2026-04-25T15:02:09.897453+00:00,1777129329.8974528,526,569,27.65,58.73,28.24,58.83,low,moderate,stable,stable,TOO_DRY
2026-04-25T15:02:14.361965+00:00,1777129334.3619654,523,568,28.53,58.86,28.27,58.83,low,moderate,stable,stable,TOO_DRY
2026-04-25T15:02:14.815658+00:00,1777129334.815658,524,568,28.24,58.86,28.24,58.83,low,moderate,stable,stable,TOO_DRY
2026-04-25T15:02:15.943803+00:00,1777129335.9438028,524,568,28.24,58.86,28.24,58.83,low,moderate,stable,stable,TOO_DRY
2026-04-25T15:02:19.338281+00:00,1777129339.3382814,524,569,28.24,58.73,28.24,58.81,low,moderate,stable,stable,TOO_DRY
2026-04-25T15:02:20.377321+00:00,1777129340.3773212,525,568,27.94,58.86,28.16,58.81,low,moderate,stable,stable,TOO_DRY
2026-04-25T15:02:22.054732+00:00,1777129342.054732,525,570,27.94,58.6,28.13,58.8,low,moderate,stable,stable,TOO_DRY
2026-04-25T15:02:24.491117+00:00,1777129344.4911175,525,568,27.94,58.86,28.09,58.8,low,moderate,stable,stable,TOO_DRY
2026-04-25T15:02:26.005359+00:00,1777129346.0053592,524,570,28.24,58.6,28.16,58.78,low,moderate,stable,stable,TOO_DRY
2026-04-25T15:02:27.784700+00:00,1777129347.7847002,524,568,28.24,58.86,28.13,58.78,low,moderate,stable,stable,TOO_DRY
2026-04-25T15:02:30.501737+00:00,1777129350.5017374,525,568,27.94,58.86,28.09,58.78,low,moderate,stable,stable,TOO_DRY
2026-04-25T15:02:33.727975+00:00,1777129353.7279751,524,568,28.24,58.86,28.09,58.78,low,moderate,stable,stable,TOO_DRY
2026-04-25T15:02:34.097646+00:00,1777129354.0976465,524,568,28.24,58.86,28.09,58.8,low,moderate,stable,stable,TOO_DRY
2026-04-25T15:02:36.193829+00:00,1777129356.1938286,523,568,28.53,58.86,28.16,58.8,low,moderate,stable,stable,TOO_DRY
2026-04-25T15:02:38.911202+00:00,1777129358.9112022,524,568,28.24,58.86,28.2,58.83,low,moderate,stable,stable,TOO_DRY
2026-04-25T15:02:39.906591+00:00,1777129359.906591,524,568,28.24,58.86,28.24,58.83,low,moderate,stable,stable,TOO_DRY
2026-04-25T15:02:41.760263+00:00,1777129361.760263,524,569,28.24,58.73,28.24,58.84,low,moderate,stable,stable,TOO_DRY
2026-04-25T15:02:44.171590+00:00,1777129364.1715896,522,568,28.82,58.86,28.31,58.84,low,moderate,stable,stable,TOO_DRY
2026-04-25T15:02:45.782542+00:00,1777129365.7825418,523,568,28.53,58.86,28.38,58.84,low,moderate,stable,stable,TOO_DRY
2026-04-25T15:02:47.749391+00:00,1777129367.7493908,523,569,28.53,58.73,28.42,58.83,low,moderate,stable,stable,TOO_DRY
2026-04-25T15:02:50.999823+00:00,1777129370.999823,524,568,28.24,58.86,28.42,58.83,low,moderate,stable,stable,TOO_DRY
2026-04-25T15:02:52.464395+00:00,1777129372.4643948,523,568,28.53,58.86,28.42,58.83,low,moderate,stable,stable,TOO_DRY
2026-04-25T15:02:54.719511+00:00,1777129374.7195113,523,568,28.53,58.86,28.46,58.83,low,moderate,stable,stable,TOO_DRY
2026-04-25T15:02:56.094954+00:00,1777129376.094954,525,568,27.94,58.86,28.42,58.83,low,moderate,stable,stable,TOO_DRY
2026-04-25T15:02:57.734679+00:00,1777129377.7346785,523,568,28.53,58.86,28.46,58.84,low,moderate,stable,stable,TOO_DRY
2026-04-25T15:02:59.812680+00:00,1777129379.8126798,523,568,28.53,58.86,28.42,58.84,low,moderate,stable,stable,TOO_DRY
2026-04-25T15:03:01.874097+00:00,1777129381.8740973,524,568,28.24,58.86,28.38,58.84,low,moderate,stable,stable,TOO_DRY
2026-04-25T15:03:03.959848+00:00,1777129383.9598477,522,568,28.82,58.86,28.42,58.86,low,moderate,stable,stable,TOO_DRY
2026-04-25T15:03:05.750948+00:00,1777129385.7509484,522,567,28.82,58.99,28.49,58.88,low,moderate,stable,stable,TOO_DRY
2026-04-25T15:03:07.806852+00:00,1777129387.8068519,525,568,27.94,58.86,28.42,58.88,low,moderate,stable,stable,TOO_DRY
2026-04-25T15:03:09.797839+00:00,1777129389.7978387,524,568,28.24,58.86,28.38,58.88,low,moderate,stable,stable,TOO_DRY
2026-04-25T15:03:11.778349+00:00,1777129391.7783487,525,568,27.94,58.86,28.38,58.88,low,moderate,stable,stable,TOO_DRY
2026-04-25T15:03:13.840868+00:00,1777129393.8408678,525,568,27.94,58.86,28.31,58.88,low,moderate,stable,stable,TOO_DRY
2026-04-25T15:03:15.796392+00:00,1777129395.7963922,525,568,27.94,58.86,28.23,58.88,low,moderate,stable,stable,TOO_DRY
2026-04-25T15:03:17.836873+00:00,1777129397.8368733,524,568,28.24,58.86,28.23,58.88,low,moderate,stable,stable,TOO_DRY
2026-04-25T15:03:19.886921+00:00,1777129399.8869212,524,568,28.24,58.86,28.16,58.88,low,moderate,stable,stable,TOO_DRY
2026-04-25T15:03:21.829004+00:00,1777129401.829004,522,568,28.82,58.86,28.16,58.86,low,moderate,stable,stable,TOO_DRY
2026-04-25T15:03:23.878192+00:00,1777129403.8781922,525,568,27.94,58.86,28.16,58.86,low,moderate,stable,stable,TOO_DRY
2026-04-25T15:03:25.890008+00:00,1777129405.8900077,525,567,27.94,58.99,28.12,58.88,low,moderate,stable,stable,TOO_DRY
2026-04-25T15:03:27.783417+00:00,1777129407.7834165,524,568,28.24,58.86,28.16,58.88,low,moderate,stable,stable,TOO_DRY
2026-04-25T15:03:29.924575+00:00,1777129409.9245753,525,568,27.94,58.86,28.16,58.88,low,moderate,stable,stable,TOO_DRY
2026-04-25T15:03:31.811402+00:00,1777129411.811402,525,568,27.94,58.86,28.16,58.88,low,moderate,stable,stable,TOO_DRY
2026-04-25T15:03:33.835007+00:00,1777129413.8350072,524,568,28.24,58.86,28.16,58.88,low,moderate,stable,stable,TOO_DRY
2026-04-25T15:03:35.896514+00:00,1777129415.8965144,523,568,28.53,58.86,28.2,58.88,low,moderate,stable,stable,TOO_DRY
2026-04-25T15:03:37.812032+00:00,1777129417.8120315,524,568,28.24,58.86,28.13,58.88,low,moderate,stable,stable,TOO_DRY
2026-04-25T15:03:39.852216+00:00,1777129419.8522162,522,568,28.82,58.86,28.24,58.88,low,moderate,stable,stable,TOO_DRY
2026-04-25T15:03:41.808514+00:00,1777129421.8085144,524,567,28.24,58.99,28.27,58.88,low,moderate,stable,stable,TOO_DRY
2026-04-25T15:03:43.864015+00:00,1777129423.8640146,523,567,28.53,58.99,28.31,58.89,low,moderate,stable,stable,TOO_DRY
2026-04-25T15:03:48.455453+00:00,1777129428.4554534,525,568,27.94,58.86,28.31,58.89,low,moderate,stable,stable,TOO_DRY
2026-04-25T15:03:48.456885+00:00,1777129428.456885,524,568,28.24,58.86,28.35,58.89,low,moderate,stable,stable,TOO_DRY
2026-04-25T15:03:49.957875+00:00,1777129429.9578748,524,568,28.24,58.86,28.35,58.89,low,moderate,stable,stable,TOO_DRY
2026-04-25T15:03:52.085982+00:00,1777129432.0859818,523,568,28.53,58.86,28.35,58.89,low,moderate,stable,stable,TOO_DRY
2026-04-25T15:03:53.880063+00:00,1777129433.880063,525,571,27.94,58.47,28.31,58.84,low,moderate,stable,stable,TOO_DRY
2026-04-25T15:03:55.928312+00:00,1777129435.9283118,528,573,27.06,58.21,28.09,58.76,low,moderate,stable,stable,TOO_DRY
2026-04-25T15:05:11.103314+00:00,1777129511.1033144,524,568,28.24,58.86,28.24,58.86,low,moderate,stable,stable,TOO_DRY
2026-04-25T15:05:16.228821+00:00,1777129516.2288206,515,569,30.88,58.73,29.56,58.8,low,moderate,stable,stable,TOO_DRY
2026-04-25T15:05:18.270752+00:00,1777129518.2707524,522,568,28.82,58.86,29.31,58.82,low,moderate,stable,stable,TOO_DRY
2026-04-25T15:05:20.333394+00:00,1777129520.3333943,523,568,28.53,58.86,29.12,58.83,low,moderate,stable,stable,TOO_DRY
2026-04-25T15:05:23.461744+00:00,1777129523.4617443,521,567,29.12,58.99,29.12,58.86,low,moderate,stable,stable,TOO_DRY
2026-04-25T15:05:24.753421+00:00,1777129524.7534213,524,568,28.24,58.86,28.97,58.86,low,moderate,stable,stable,TOO_DRY
2026-04-25T15:05:26.262603+00:00,1777129526.2626026,523,568,28.53,58.86,28.91,58.86,low,moderate,stable,stable,TOO_DRY
2026-04-25T15:05:28.224391+00:00,1777129528.2243912,524,567,28.24,58.99,28.82,58.88,low,moderate,stable,stable,TOO_DRY
2026-04-25T15:05:30.253462+00:00,1777129530.253462,524,568,28.24,58.86,28.82,58.88,low,moderate,stable,stable,TOO_DRY
2026-04-25T15:05:32.487728+00:00,1777129532.487728,519,568,29.71,58.86,28.68,58.89,low,moderate,stable,stable,TOO_DRY
2026-04-25T15:05:34.406533+00:00,1777129534.406533,523,568,28.53,58.86,28.64,58.89,low,moderate,stable,stable,TOO_DRY
2026-04-25T15:05:36.274640+00:00,1777129536.2746398,525,567,27.94,58.99,28.57,58.91,low,moderate,stable,stable,TOO_DRY
2026-04-25T15:05:38.347034+00:00,1777129538.3470335,524,567,28.24,58.99,28.46,58.91,low,moderate,stable,stable,TOO_DRY
2026-04-25T15:05:40.277624+00:00,1777129540.2776244,529,567,26.76,58.99,28.27,58.92,low,moderate,stable,stable,TOO_DRY
2026-04-25T15:05:42.255025+00:00,1777129542.2550254,464,548,45.88,61.45,30.44,59.25,low,moderate,rising,stable,
2026-04-25T15:05:44.293572+00:00,1777129544.293572,514,567,31.18,58.99,30.81,59.25,low,moderate,rising,stable,
2026-04-25T15:05:46.447452+00:00,1777129546.4474518,522,567,28.82,58.99,30.88,59.27,low,moderate,rising,stable,
2026-04-25T15:06:17.108699+00:00,1777129577.1086986,524,567,28.24,58.99,28.24,58.99,low,moderate,stable,stable,TOO_DRY
2026-04-25T15:06:22.082868+00:00,1777129582.0828676,513,568,31.47,58.86,29.85,58.92,low,moderate,stable,stable,TOO_DRY
2026-04-25T15:06:24.367133+00:00,1777129584.367133,522,568,28.82,58.86,29.51,58.9,low,moderate,stable,stable,TOO_DRY
2026-04-25T15:06:26.090213+00:00,1777129586.0902128,524,567,28.24,58.99,29.19,58.92,low,moderate,stable,stable,TOO_DRY
2026-04-25T15:06:28.097479+00:00,1777129588.0974793,523,567,28.53,58.99,29.06,58.94,low,moderate,stable,stable,TOO_DRY
2026-04-25T15:06:30.318425+00:00,1777129590.3184252,523,567,28.53,58.99,28.97,58.95,low,moderate,stable,stable,TOO_DRY
2026-04-25T15:06:32.178999+00:00,1777129592.178999,523,567,28.53,58.99,28.91,58.95,low,moderate,stable,stable,TOO_DRY
2026-04-25T15:06:34.199619+00:00,1777129594.1996186,523,567,28.53,58.99,28.86,58.96,low,moderate,stable,stable,TOO_DRY
2026-04-25T15:06:36.252011+00:00,1777129596.2520113,526,568,27.65,58.86,28.79,58.94,low,moderate,stable,stable,TOO_DRY
2026-04-25T15:06:38.133192+00:00,1777129598.1331923,523,566,28.53,59.12,28.42,58.97,low,moderate,stable,stable,TOO_DRY
2026-04-25T15:06:40.157286+00:00,1777129600.157286,522,566,28.82,59.12,28.42,59.01,low,moderate,stable,stable,TOO_DRY
2026-04-25T15:06:42.223817+00:00,1777129602.223817,521,566,29.12,59.12,28.53,59.02,low,moderate,stable,stable,TOO_DRY
2026-04-25T15:06:44.287719+00:00,1777129604.2877192,524,566,28.24,59.12,28.49,59.04,low,moderate,stable,stable,TOO_DRY
2026-04-25T15:06:46.153640+00:00,1777129606.1536398,523,567,28.53,58.99,28.49,59.04,low,moderate,stable,stable,TOO_DRY
2026-04-25T15:06:48.182949+00:00,1777129608.1829488,522,566,28.82,59.12,28.53,59.05,low,moderate,stable,stable,TOO_DRY
2026-04-25T15:06:50.224101+00:00,1777129610.2241013,522,566,28.82,59.12,28.57,59.07,low,moderate,stable,stable,TOO_DRY
2026-04-25T15:06:52.188595+00:00,1777129612.1885946,522,566,28.82,59.12,28.71,59.1,low,moderate,stable,stable,TOO_DRY
2026-04-25T15:06:54.229519+00:00,1777129614.2295191,523,566,28.53,59.12,28.71,59.1,low,moderate,stable,stable,TOO_DRY
2026-04-25T15:06:56.166018+00:00,1777129616.1660178,523,566,28.53,59.12,28.68,59.1,low,moderate,stable,stable,TOO_DRY
2026-04-25T15:06:58.328891+00:00,1777129618.328891,525,566,27.94,59.12,28.53,59.1,low,moderate,stable,stable,TOO_DRY
2026-04-25T15:07:00.496917+00:00,1777129620.496917,523,566,28.53,59.12,28.57,59.1,low,moderate,stable,stable,TOO_DRY
2026-04-25T15:07:02.405365+00:00,1777129622.4053655,519,567,29.71,58.99,28.71,59.1,low,moderate,stable,stable,TOO_DRY
2026-04-25T15:07:04.453841+00:00,1777129624.453841,521,566,29.12,59.12,28.75,59.1,low,moderate,stable,stable,TOO_DRY
2026-04-25T15:07:06.418775+00:00,1777129626.4187748,523,567,28.53,58.99,28.71,59.09,low,moderate,stable,stable,TOO_DRY
2026-04-25T15:07:08.312093+00:00,1777129628.3120928,523,566,28.53,59.12,28.68,59.09,low,moderate,stable,stable,TOO_DRY
2026-04-25T15:07:10.279485+00:00,1777129630.2794852,524,566,28.24,59.12,28.64,59.09,low,moderate,stable,stable,TOO_DRY
2026-04-25T15:07:12.162652+00:00,1777129632.162652,521,566,29.12,59.12,28.71,59.09,low,moderate,stable,stable,TOO_DRY
2026-04-25T15:07:14.280805+00:00,1777129634.2808046,524,566,28.24,59.12,28.75,59.09,low,moderate,stable,stable,TOO_DRY
2026-04-25T15:07:16.105782+00:00,1777129636.105782,525,566,27.94,59.12,28.68,59.09,low,moderate,stable,stable,TOO_DRY
2026-04-25T15:07:18.223611+00:00,1777129638.2236106,517,566,30.29,59.12,28.75,59.1,low,moderate,stable,stable,TOO_DRY
2026-04-25T15:07:20.799052+00:00,1777129640.7990518,521,566,29.12,59.12,28.75,59.1,low,moderate,stable,stable,TOO_DRY
2026-04-25T15:07:23.460057+00:00,1777129643.4600575,524,567,28.24,58.99,28.71,59.1,low,moderate,stable,stable,TOO_DRY
2026-04-25T15:07:24.368355+00:00,1777129644.3683548,525,566,27.94,59.12,28.64,59.1,low,moderate,stable,stable,TOO_DRY
2026-04-25T15:07:26.161339+00:00,1777129646.1613388,524,566,28.24,59.12,28.64,59.1,low,moderate,stable,stable,TOO_DRY
2026-04-25T15:07:28.100090+00:00,1777129648.1000898,503,566,34.41,59.12,29.3,59.1,low,moderate,stable,stable,TOO_DRY
2026-04-25T15:07:30.205760+00:00,1777129650.2057605,526,566,27.65,59.12,29.23,59.1,low,moderate,stable,stable,TOO_DRY
2026-04-25T15:07:32.201596+00:00,1777129652.2015963,526,566,27.65,59.12,29.19,59.1,low,moderate,stable,stable,TOO_DRY
2026-04-25T15:07:34.256807+00:00,1777129654.2568073,526,566,27.65,59.12,28.86,59.1,low,moderate,stable,stable,TOO_DRY
2026-04-25T15:07:36.408587+00:00,1777129656.4085865,526,566,27.65,59.12,28.68,59.1,low,moderate,stable,stable,TOO_DRY
2026-04-25T15:07:38.147976+00:00,1777129658.1479762,524,566,28.24,59.12,28.68,59.12,low,moderate,stable,stable,TOO_DRY
2026-04-25T15:07:40.496328+00:00,1777129660.4963276,525,566,27.94,59.12,28.68,59.12,low,moderate,stable,stable,TOO_DRY
2026-04-25T15:07:42.404154+00:00,1777129662.4041543,525,566,27.94,59.12,28.64,59.12,low,moderate,stable,stable,TOO_DRY
2026-04-25T15:07:44.294363+00:00,1777129664.2943625,524,566,28.24,59.12,27.87,59.12,low,moderate,stable,stable,TOO_DRY
2026-04-25T15:07:46.246253+00:00,1777129666.2462525,524,566,28.24,59.12,27.94,59.12,low,moderate,stable,stable,TOO_DRY
2026-04-25T15:07:48.185885+00:00,1777129668.1858847,523,566,28.53,59.12,28.05,59.12,low,moderate,stable,stable,TOO_DRY
2026-04-25T15:07:50.223910+00:00,1777129670.2239103,523,566,28.53,59.12,28.16,59.12,low,moderate,stable,stable,TOO_DRY
2026-04-25T15:07:52.374460+00:00,1777129672.3744605,523,566,28.53,59.12,28.27,59.12,low,moderate,stable,stable,TOO_DRY
2026-04-25T15:07:54.424549+00:00,1777129674.4245493,521,566,29.12,59.12,28.38,59.12,low,moderate,stable,stable,TOO_DRY
2026-04-25T15:07:56.275652+00:00,1777129676.2756517,522,566,28.82,59.12,28.49,59.12,low,moderate,stable,stable,TOO_DRY
2026-04-25T15:07:58.222003+00:00,1777129678.2220035,524,566,28.24,59.12,28.53,59.12,low,moderate,stable,stable,TOO_DRY
2026-04-25T15:08:00.204935+00:00,1777129680.2049348,522,566,28.82,59.12,28.6,59.12,low,moderate,stable,stable,TOO_DRY
2026-04-25T15:08:02.230849+00:00,1777129682.230849,524,567,28.24,58.99,28.6,59.1,low,moderate,stable,stable,TOO_DRY
2026-04-25T15:08:04.211578+00:00,1777129684.2115777,524,566,28.24,59.12,28.57,59.1,low,moderate,stable,stable,TOO_DRY
2026-04-25T15:08:06.260068+00:00,1777129686.2600682,525,566,27.94,59.12,28.49,59.1,low,moderate,stable,stable,TOO_DRY
2026-04-25T15:08:08.246683+00:00,1777129688.2466826,519,566,29.71,59.12,28.64,59.1,low,moderate,stable,stable,TOO_DRY
2026-04-25T15:08:10.553142+00:00,1777129690.553142,522,566,28.82,59.12,28.6,59.1,low,moderate,stable,stable,TOO_DRY
2026-04-25T15:08:13.516022+00:00,1777129693.5160222,521,566,29.12,59.12,28.64,59.1,low,moderate,stable,stable,TOO_DRY
2026-04-25T15:08:15.029182+00:00,1777129695.0291824,526,566,27.65,59.12,28.57,59.1,low,moderate,stable,stable,TOO_DRY
2026-04-25T15:08:17.473103+00:00,1777129697.4731028,523,565,28.53,59.25,28.53,59.12,low,moderate,stable,stable,TOO_DRY
2026-04-25T15:08:23.209682+00:00,1777129703.2096817,513,566,31.47,59.12,28.93,59.14,low,moderate,stable,stable,TOO_DRY
2026-04-25T15:08:24.739157+00:00,1777129704.739157,522,566,28.82,59.12,29.01,59.14,low,moderate,stable,stable,TOO_DRY
2026-04-25T15:08:26.634061+00:00,1777129706.6340609,521,566,29.12,59.12,29.16,59.14,low,moderate,stable,stable,TOO_DRY
2026-04-25T15:08:29.034413+00:00,1777129709.0344133,523,566,28.53,59.12,29.01,59.14,low,moderate,stable,stable,TOO_DRY
2026-04-25T15:08:30.698943+00:00,1777129710.6989427,523,566,28.53,59.12,28.97,59.14,low,moderate,stable,stable,TOO_DRY
2026-04-25T15:08:32.741458+00:00,1777129712.7414582,523,566,28.53,59.12,28.9,59.14,low,moderate,stable,stable,TOO_DRY
2026-04-25T15:08:34.643079+00:00,1777129714.6430788,523,566,28.53,59.12,29.01,59.14,low,moderate,stable,stable,TOO_DRY
2026-04-25T15:08:36.731865+00:00,1777129716.7318652,521,566,29.12,59.12,29.08,59.12,low,moderate,stable,stable,TOO_DRY
2026-04-25T15:08:38.770089+00:00,1777129718.7700887,523,566,28.53,59.12,28.71,59.12,low,moderate,stable,stable,TOO_DRY
2026-04-25T15:08:40.923354+00:00,1777129720.9233544,523,566,28.53,59.12,28.68,59.12,low,moderate,stable,stable,TOO_DRY
2026-04-25T15:08:42.794032+00:00,1777129722.794032,519,566,29.71,59.12,28.75,59.12,low,moderate,stable,stable,TOO_DRY
2026-04-25T15:08:44.809230+00:00,1777129724.8092296,523,566,28.53,59.12,28.75,59.12,low,moderate,stable,stable,TOO_DRY
2026-04-25T15:08:46.767211+00:00,1777129726.7672112,523,566,28.53,59.12,28.75,59.12,low,moderate,stable,stable,TOO_DRY
2026-04-25T15:08:48.864987+00:00,1777129728.8649871,523,566,28.53,59.12,28.75,59.12,low,moderate,stable,stable,TOO_DRY
2026-04-25T15:08:50.847962+00:00,1777129730.8479621,515,566,30.88,59.12,29.05,59.12,low,moderate,stable,stable,TOO_DRY
2026-04-25T15:08:52.723976+00:00,1777129732.7239764,524,566,28.24,59.12,28.94,59.12,low,moderate,stable,stable,TOO_DRY
2026-04-25T15:08:54.759421+00:00,1777129734.7594209,523,566,28.53,59.12,28.94,59.12,low,moderate,stable,stable,TOO_DRY
2026-04-25T15:08:56.691972+00:00,1777129736.6919715,524,566,28.24,59.12,28.9,59.12,low,moderate,stable,stable,TOO_DRY
2026-04-25T15:08:58.960748+00:00,1777129738.9607477,524,566,28.24,59.12,28.71,59.12,low,moderate,stable,stable,TOO_DRY
2026-04-25T15:09:01.011658+00:00,1777129741.011658,524,566,28.24,59.12,28.68,59.12,low,moderate,stable,stable,TOO_DRY
2026-04-25T15:09:02.773624+00:00,1777129742.7736237,523,566,28.53,59.12,28.68,59.12,low,moderate,stable,stable,TOO_DRY
2026-04-25T15:09:04.788160+00:00,1777129744.78816,521,566,29.12,59.12,28.75,59.12,low,moderate,stable,stable,TOO_DRY
2026-04-25T15:09:06.718458+00:00,1777129746.7184584,520,566,29.41,59.12,28.57,59.12,low,moderate,stable,stable,TOO_DRY
2026-04-25T15:09:08.868975+00:00,1777129748.8689752,523,566,28.53,59.12,28.61,59.12,low,moderate,stable,stable,TOO_DRY
2026-04-25T15:09:10.712671+00:00,1777129750.712671,522,566,28.82,59.12,28.64,59.12,low,moderate,stable,stable,TOO_DRY
2026-04-25T15:09:12.870728+00:00,1777129752.8707283,523,566,28.53,59.12,28.68,59.12,low,moderate,stable,stable,TOO_DRY
2026-04-25T15:09:14.941903+00:00,1777129754.9419026,521,566,29.12,59.12,28.79,59.12,low,moderate,stable,stable,TOO_DRY
2026-04-25T15:09:16.808944+00:00,1777129756.8089445,523,566,28.53,59.12,28.82,59.12,low,moderate,stable,stable,TOO_DRY
2026-04-25T15:09:18.913097+00:00,1777129758.913097,523,566,28.53,59.12,28.82,59.12,low,moderate,stable,stable,TOO_DRY
2026-04-25T15:09:20.627576+00:00,1777129760.6275756,520,566,29.41,59.12,28.86,59.12,low,moderate,stable,stable,TOO_DRY
2026-04-25T15:09:24.232049+00:00,1777129764.2320495,524,567,28.24,58.99,28.71,59.1,low,moderate,stable,stable,TOO_DRY
2026-04-25T15:09:26.587882+00:00,1777129766.5878816,522,566,28.82,59.12,28.75,59.1,low,moderate,stable,stable,TOO_DRY
2026-04-25T15:09:27.450835+00:00,1777129767.4508348,523,566,28.53,59.12,28.71,59.1,low,moderate,stable,stable,TOO_DRY
2026-04-25T15:09:29.854969+00:00,1777129769.854969,523,566,28.53,59.12,28.71,59.1,low,moderate,stable,stable,TOO_DRY
2026-04-25T15:09:30.680052+00:00,1777129770.6800518,520,566,29.41,59.12,28.75,59.1,low,moderate,stable,stable,TOO_DRY
2026-04-25T15:09:32.676402+00:00,1777129772.676402,520,566,29.41,59.12,28.86,59.1,low,moderate,stable,stable,TOO_DRY
2026-04-25T15:09:34.778027+00:00,1777129774.7780268,523,566,28.53,59.12,28.86,59.1,low,moderate,stable,stable,TOO_DRY
2026-04-25T15:09:36.735283+00:00,1777129776.7352827,522,566,28.82,59.12,28.79,59.1,low,moderate,stable,stable,TOO_DRY
2026-04-25T15:09:38.733753+00:00,1777129778.7337532,522,566,28.82,59.12,28.86,59.12,low,moderate,stable,stable,TOO_DRY
2026-04-25T15:09:40.804753+00:00,1777129780.8047533,523,566,28.53,59.12,28.82,59.12,low,moderate,stable,stable,TOO_DRY
2026-04-25T15:09:42.869357+00:00,1777129782.869357,522,566,28.82,59.12,28.86,59.12,low,moderate,stable,stable,TOO_DRY
2026-04-25T15:09:45.493294+00:00,1777129785.493294,521,566,29.12,59.12,28.93,59.12,low,moderate,stable,stable,TOO_DRY
2026-04-25T15:09:46.761594+00:00,1777129786.761594,476,477,42.35,70.63,30.55,60.56,low,moderate,rising,stable,
2026-04-25T15:09:48.918142+00:00,1777129788.9181423,568,507,15.29,66.75,28.79,61.51,low,moderate,stable,rising,TOO_DRY
2026-04-25T15:09:50.738718+00:00,1777129790.738718,566,513,15.88,65.98,27.2,62.37,low,moderate,falling,rising,TOO_DRY
2026-04-25T15:09:52.808453+00:00,1777129792.808453,567,1023,15.59,0.0,25.55,54.98,low,moderate,falling,falling,TOO_DRY
2026-04-25T15:09:54.680255+00:00,1777129794.6802547,566,1023,15.88,0.0,23.93,47.59,dry,moderate,falling,falling,TOO_DRY
2026-04-25T15:09:57.363357+00:00,1777129797.3633568,566,1023,15.88,0.0,22.35,40.2,dry,light,falling,falling,TOO_DRY
2026-04-25T15:09:59.469421+00:00,1777129799.4694214,566,1023,15.88,0.0,20.73,32.81,dry,light,falling,falling,TOO_DRY
2026-04-25T15:10:00.774665+00:00,1777129800.774665,566,1023,15.88,0.0,19.08,25.42,dry,light,falling,falling,TOO_DRY
2026-04-25T15:10:03.130451+00:00,1777129803.1304507,565,1023,16.18,0.0,15.81,16.59,dry,light,stable,falling,TOO_DRY
2026-04-25T15:10:05.042846+00:00,1777129805.0428462,566,1023,15.88,0.0,15.88,8.25,dry,none,stable,falling,TOO_DRY
2026-04-25T15:10:06.823320+00:00,1777129806.8233204,566,1023,15.88,0.0,15.88,0.0,dry,none,stable,stable,TOO_DRY
2026-04-25T15:10:08.696470+00:00,1777129808.6964695,566,1023,15.88,0.0,15.92,0.0,dry,none,stable,stable,TOO_DRY
2026-04-25T15:10:11.032718+00:00,1777129811.0327184,566,1023,15.88,0.0,15.92,0.0,dry,none,stable,stable,TOO_DRY
2026-04-25T15:10:12.933841+00:00,1777129812.9338412,566,1023,15.88,0.0,15.92,0.0,dry,none,stable,stable,TOO_DRY
2026-04-25T15:10:41.244638+00:00,1777129841.244638,564,1023,16.47,0.0,16.47,0.0,dry,none,stable,stable,TOO_DRY
2026-04-25T15:10:47.964513+00:00,1777129847.9645128,563,1023,16.76,0.0,16.62,0.0,dry,none,stable,stable,TOO_DRY
2026-04-25T15:10:50.107800+00:00,1777129850.1077998,563,992,16.76,4.01,16.66,1.34,dry,none,stable,stable,TOO_DRY
2026-04-25T15:10:52.220185+00:00,1777129852.220185,293,1023,96.18,0.0,36.54,1.0,low,none,rising,stable,
2026-04-25T15:10:54.596149+00:00,1777129854.5961494,289,1023,97.35,0.0,48.7,0.8,optimal,none,rising,stable,
2026-04-25T15:10:55.956805+00:00,1777129855.9568052,290,1023,97.06,0.0,56.76,0.67,optimal,none,rising,stable,
2026-04-25T15:10:58.045154+00:00,1777129858.0451536,288,1023,97.65,0.0,62.6,0.57,optimal,none,rising,stable,
2026-04-25T15:11:00.284047+00:00,1777129860.284047,290,1023,97.06,0.0,66.91,0.5,optimal,none,rising,stable,
2026-04-25T15:11:02.228236+00:00,1777129862.2282362,293,1023,96.18,0.0,76.88,0.5,wet,none,rising,stable,
2026-04-25T15:11:04.096651+00:00,1777129864.0966508,289,1023,97.35,0.0,86.95,0.5,wet,none,rising,stable,TOO_WET
2026-04-25T15:11:06.141488+00:00,1777129866.1414876,289,1023,97.35,0.0,97.02,0.0,wet,none,stable,stable,TOO_WET
2026-04-25T15:11:08.097022+00:00,1777129868.097022,295,1023,95.59,0.0,96.95,0.0,wet,none,stable,stable,TOO_WET
2026-04-25T15:11:10.146789+00:00,1777129870.146789,292,1023,96.47,0.0,96.84,0.0,wet,none,stable,stable,TOO_WET
2026-04-25T15:11:12.087755+00:00,1777129872.0877554,291,1023,96.76,0.0,96.8,0.0,wet,none,stable,stable,TOO_WET
2026-04-25T15:11:14.005073+00:00,1777129874.0050733,292,1023,96.47,0.0,96.65,0.0,wet,none,stable,stable,TOO_WET
2026-04-25T15:11:16.003891+00:00,1777129876.0038912,295,1023,95.59,0.0,96.47,0.0,wet,none,stable,stable,TOO_WET
2026-04-25T15:11:18.000273+00:00,1777129878.0002732,293,1023,96.18,0.0,96.47,0.0,wet,none,stable,stable,TOO_WET
2026-04-25T15:11:20.081118+00:00,1777129880.081118,296,1023,95.29,0.0,96.21,0.0,wet,none,stable,stable,TOO_WET
2026-04-25T15:11:22.047256+00:00,1777129882.0472565,294,1023,95.88,0.0,96.03,0.0,wet,none,stable,stable,TOO_WET
2026-04-25T15:11:24.095278+00:00,1777129884.0952778,292,1023,96.47,0.0,96.14,0.0,wet,none,stable,stable,TOO_WET
2026-04-25T15:11:25.999570+00:00,1777129885.99957,292,1023,96.47,0.0,96.14,0.0,wet,none,stable,stable,TOO_WET
2026-04-25T15:11:28.340297+00:00,1777129888.3402967,290,1023,97.06,0.0,96.18,0.0,wet,none,stable,stable,TOO_WET
2026-04-25T15:11:30.089223+00:00,1777129890.0892227,292,1023,96.47,0.0,96.18,0.0,wet,none,stable,stable,TOO_WET
2026-04-25T15:11:32.129777+00:00,1777129892.1297774,292,1023,96.47,0.0,96.29,0.0,wet,none,stable,stable,TOO_WET
2026-04-25T15:11:35.569600+00:00,1777129895.5696,294,1023,95.88,0.0,96.25,0.0,wet,none,stable,stable,TOO_WET
2026-04-25T15:11:36.021396+00:00,1777129896.0213962,294,1023,95.88,0.0,96.32,0.0,wet,none,stable,stable,TOO_WET
2026-04-25T15:11:37.967108+00:00,1777129897.9671082,294,1023,95.88,0.0,96.32,0.0,wet,none,stable,stable,TOO_WET
2026-04-25T15:11:40.014366+00:00,1777129900.0143664,295,1023,95.59,0.0,96.21,0.0,wet,none,stable,stable,TOO_WET
2026-04-25T15:11:42.217553+00:00,1777129902.217553,292,1023,96.47,0.0,96.21,0.0,wet,none,stable,stable,TOO_WET
2026-04-25T15:11:44.038628+00:00,1777129904.0386276,292,1023,96.47,0.0,96.14,0.0,wet,none,stable,stable,TOO_WET
2026-04-25T15:11:46.772606+00:00,1777129906.772606,290,1023,97.06,0.0,96.21,0.0,wet,none,stable,stable,TOO_WET
2026-04-25T15:11:47.971525+00:00,1777129907.9715252,289,1023,97.35,0.0,96.32,0.0,wet,none,stable,stable,TOO_WET
2026-04-25T15:11:50.080585+00:00,1777129910.0805852,291,1023,96.76,0.0,96.43,0.0,wet,none,stable,stable,TOO_WET
2026-04-25T15:11:52.099811+00:00,1777129912.0998106,291,1023,96.76,0.0,96.54,0.0,wet,none,stable,stable,TOO_WET
2026-04-25T15:11:54.043605+00:00,1777129914.0436049,289,1023,97.35,0.0,96.73,0.0,wet,none,stable,stable,TOO_WET
2026-04-25T15:11:56.147658+00:00,1777129916.1476576,289,1023,97.35,0.0,96.95,0.0,wet,none,stable,stable,TOO_WET
2026-04-25T15:11:58.719548+00:00,1777129918.719548,292,1023,96.47,0.0,96.95,0.0,wet,none,stable,stable,TOO_WET
2026-04-25T15:12:00.054902+00:00,1777129920.0549023,292,1023,96.47,0.0,96.95,0.0,wet,none,stable,stable,TOO_WET
2026-04-25T15:12:02.241342+00:00,1777129922.2413423,289,1023,97.35,0.0,96.98,0.0,wet,none,stable,stable,TOO_WET
2026-04-25T15:12:04.080550+00:00,1777129924.0805497,288,1023,97.65,0.0,97.02,0.0,wet,none,stable,stable,TOO_WET
2026-04-25T15:12:06.058412+00:00,1777129926.0584116,288,1023,97.65,0.0,97.13,0.0,wet,none,stable,stable,TOO_WET
2026-04-25T15:12:08.152072+00:00,1777129928.1520722,290,1023,97.06,0.0,97.17,0.0,wet,none,stable,stable,TOO_WET
2026-04-25T15:12:10.128180+00:00,1777129930.1281803,288,1023,97.65,0.0,97.21,0.0,wet,none,stable,stable,TOO_WET
2026-04-25T15:12:12.108638+00:00,1777129932.1086383,289,1023,97.35,0.0,97.21,0.0,wet,none,stable,stable,TOO_WET
2026-04-25T15:12:14.226882+00:00,1777129934.2268817,289,1023,97.35,0.0,97.32,0.0,wet,none,stable,stable,TOO_WET
2026-04-25T15:12:16.098280+00:00,1777129936.0982797,289,1023,97.35,0.0,97.43,0.0,wet,none,stable,stable,TOO_WET
2026-04-25T15:12:18.111586+00:00,1777129938.1115859,290,1023,97.06,0.0,97.39,0.0,wet,none,stable,stable,TOO_WET
2026-04-25T15:12:20.258420+00:00,1777129940.2584198,289,1023,97.35,0.0,97.35,0.0,wet,none,stable,stable,TOO_WET
2026-04-25T15:12:22.107193+00:00,1777129942.1071932,288,1023,97.65,0.0,97.35,0.0,wet,none,stable,stable,TOO_WET
2026-04-25T15:12:24.106796+00:00,1777129944.1067958,289,1023,97.35,0.0,97.39,0.0,wet,none,stable,stable,TOO_WET
2026-04-25T15:12:26.053574+00:00,1777129946.0535738,286,1023,98.24,0.0,97.46,0.0,wet,none,stable,stable,TOO_WET
2026-04-25T15:12:28.276327+00:00,1777129948.276327,288,1023,97.65,0.0,97.5,0.0,wet,none,stable,stable,TOO_WET
2026-04-25T15:12:30.206246+00:00,1777129950.2062457,287,1023,97.94,0.0,97.57,0.0,wet,none,stable,stable,TOO_WET
2026-04-25T15:12:32.102285+00:00,1777129952.102285,288,1023,97.65,0.0,97.61,0.0,wet,none,stable,stable,TOO_WET
2026-04-25T15:12:34.103231+00:00,1777129954.1032312,287,1023,97.94,0.0,97.72,0.0,wet,none,stable,stable,TOO_WET
2026-04-25T15:12:36.212636+00:00,1777129956.212636,287,1023,97.94,0.0,97.8,0.0,wet,none,stable,stable,TOO_WET
2026-04-25T15:12:38.251328+00:00,1777129958.2513275,291,1023,96.76,0.0,97.68,0.0,wet,none,stable,stable,TOO_WET
2026-04-25T15:12:40.182429+00:00,1777129960.1824288,288,1023,97.65,0.0,97.72,0.0,wet,none,stable,stable,TOO_WET
2026-04-25T15:12:42.056594+00:00,1777129962.0565944,287,1023,97.94,0.0,97.68,0.0,wet,none,stable,stable,TOO_WET
2026-04-25T15:12:44.129444+00:00,1777129964.129444,288,1023,97.65,0.0,97.68,0.0,wet,none,stable,stable,TOO_WET
2026-04-25T15:12:46.084917+00:00,1777129966.0849166,286,1023,98.24,0.0,97.72,0.0,wet,none,stable,stable,TOO_WET
2026-04-25T15:12:48.215152+00:00,1777129968.2151515,285,1023,98.53,0.0,97.83,0.0,wet,none,stable,stable,TOO_WET
2026-04-25T15:12:50.271649+00:00,1777129970.2716491,286,1023,98.24,0.0,97.87,0.0,wet,none,stable,stable,TOO_WET
2026-04-25T15:12:52.107036+00:00,1777129972.1070359,563,1023,16.76,0.0,87.72,0.0,wet,none,falling,stable,TOO_WET
2026-04-25T15:12:54.156315+00:00,1777129974.1563146,565,1023,16.18,0.0,77.65,0.0,wet,none,falling,stable,
2026-04-25T15:12:56.060204+00:00,1777129976.0602036,565,1023,16.18,0.0,67.47,0.0,optimal,none,falling,stable,
2026-04-25T15:12:58.074476+00:00,1777129978.0744765,565,1023,16.18,0.0,57.24,0.0,optimal,none,falling,stable,
2026-04-25T15:13:00.092651+00:00,1777129980.0926514,565,1023,16.18,0.0,47.06,0.0,optimal,none,falling,stable,
2026-04-25T15:13:02.243754+00:00,1777129982.2437537,564,1023,16.47,0.0,36.84,0.0,low,none,falling,stable,
2026-04-25T15:13:04.221998+00:00,1777129984.221998,565,1023,16.18,0.0,26.55,0.0,low,none,falling,stable,TOO_DRY
2026-04-25T15:13:09.574478+00:00,1777129989.574478,565,1023,16.18,0.0,16.29,0.0,dry,none,stable,stable,TOO_DRY
2026-04-25T15:13:11.623757+00:00,1777129991.6237571,565,1023,16.18,0.0,16.22,0.0,dry,none,stable,stable,TOO_DRY
2026-04-25T15:13:13.780090+00:00,1777129993.7800899,564,1023,16.47,0.0,16.25,0.0,dry,none,stable,stable,TOO_DRY
2026-04-25T15:13:15.674725+00:00,1777129995.6747253,565,1023,16.18,0.0,16.25,0.0,dry,none,stable,stable,TOO_DRY
2026-04-25T15:13:17.609670+00:00,1777129997.60967,564,1023,16.47,0.0,16.29,0.0,dry,none,stable,stable,TOO_DRY
2026-04-25T15:13:19.651854+00:00,1777129999.651854,565,1023,16.18,0.0,16.29,0.0,dry,none,stable,stable,TOO_DRY
2026-04-25T15:13:21.496895+00:00,1777130001.4968948,564,1023,16.47,0.0,16.29,0.0,dry,none,stable,stable,TOO_DRY
2026-04-25T15:13:23.628870+00:00,1777130003.6288702,565,1023,16.18,0.0,16.29,0.0,dry,none,stable,stable,TOO_DRY
2026-04-25T15:13:25.515714+00:00,1777130005.5157137,564,1023,16.47,0.0,16.32,0.0,dry,none,stable,stable,TOO_DRY
2026-04-25T15:13:27.543980+00:00,1777130007.5439804,564,1023,16.47,0.0,16.36,0.0,dry,none,stable,stable,TOO_DRY
2026-04-25T15:13:29.606814+00:00,1777130009.6068141,564,1023,16.47,0.0,16.36,0.0,dry,none,stable,stable,TOO_DRY
2026-04-25T15:13:31.735435+00:00,1777130011.7354352,565,1023,16.18,0.0,16.36,0.0,dry,none,stable,stable,TOO_DRY
2026-04-25T15:13:33.584617+00:00,1777130013.5846174,564,1023,16.47,0.0,16.36,0.0,dry,none,stable,stable,TOO_DRY
2026-04-25T15:13:35.862251+00:00,1777130015.8622508,565,1023,16.18,0.0,16.36,0.0,dry,none,stable,stable,TOO_DRY
2026-04-25T15:13:37.526096+00:00,1777130017.526096,564,1023,16.47,0.0,16.36,0.0,dry,none,stable,stable,TOO_DRY
2026-04-25T15:13:39.547094+00:00,1777130019.547094,565,1023,16.18,0.0,16.36,0.0,dry,none,stable,stable,TOO_DRY
2026-04-25T15:13:41.599930+00:00,1777130021.59993,565,1023,16.18,0.0,16.32,0.0,dry,none,stable,stable,TOO_DRY
2026-04-25T15:13:43.582363+00:00,1777130023.582363,565,1023,16.18,0.0,16.29,0.0,dry,none,stable,stable,TOO_DRY
2026-04-25T15:13:45.685366+00:00,1777130025.685366,564,1023,16.47,0.0,16.29,0.0,dry,none,stable,stable,TOO_DRY
2026-04-25T15:13:47.723222+00:00,1777130027.7232215,564,1023,16.47,0.0,16.32,0.0,dry,none,stable,stable,TOO_DRY
2026-04-25T15:13:49.662061+00:00,1777130029.6620615,565,1023,16.18,0.0,16.29,0.0,dry,none,stable,stable,TOO_DRY
2026-04-25T15:13:51.710517+00:00,1777130031.7105167,564,1023,16.47,0.0,16.32,0.0,dry,none,stable,stable,TOO_DRY
2026-04-25T15:13:53.807017+00:00,1777130033.8070168,565,1023,16.18,0.0,16.29,0.0,dry,none,stable,stable,TOO_DRY
2026-04-25T15:13:55.611396+00:00,1777130035.6113956,564,1023,16.47,0.0,16.32,0.0,dry,none,stable,stable,TOO_DRY
2026-04-25T15:13:57.586686+00:00,1777130037.586686,564,1023,16.47,0.0,16.36,0.0,dry,none,stable,stable,TOO_DRY
2026-04-25T15:13:59.533412+00:00,1777130039.5334115,565,1023,16.18,0.0,16.36,0.0,dry,none,stable,stable,TOO_DRY
2026-04-25T15:14:01.641010+00:00,1777130041.6410103,565,1023,16.18,0.0,16.32,0.0,dry,none,stable,stable,TOO_DRY
2026-04-25T15:14:03.662304+00:00,1777130043.662304,565,1023,16.18,0.0,16.29,0.0,dry,none,stable,stable,TOO_DRY
2026-04-25T15:18:04.020868+00:00,1777130284.020868,564,1023,16.47,0.0,16.32,0.0,dry,none,stable,stable,TOO_DRY
2026-04-25T15:18:10.780162+00:00,1777130290.780162,567,1023,15.59,0.0,16.21,0.0,dry,none,stable,stable,TOO_DRY
2026-04-25T15:18:12.977442+00:00,1777130292.977442,566,1023,15.88,0.0,16.18,0.0,dry,none,stable,stable,TOO_DRY
2026-04-25T15:18:14.899849+00:00,1777130294.8998494,566,1023,15.88,0.0,16.1,0.0,dry,none,stable,stable,TOO_DRY
2026-04-25T15:18:16.843231+00:00,1777130296.8432307,566,1023,15.88,0.0,16.03,0.0,dry,none,stable,stable,TOO_DRY
2026-04-25T15:18:18.772443+00:00,1777130298.7724428,567,1023,15.59,0.0,15.96,0.0,dry,none,stable,stable,TOO_DRY
2026-04-25T15:18:22.457698+00:00,1777130302.4576983,566,1023,15.88,0.0,15.92,0.0,dry,none,stable,stable,TOO_DRY
2026-04-25T15:18:23.390374+00:00,1777130303.3903737,567,1023,15.59,0.0,15.85,0.0,dry,none,stable,stable,TOO_DRY
2026-04-25T15:18:24.770508+00:00,1777130304.770508,566,1023,15.88,0.0,15.77,0.0,dry,none,stable,stable,TOO_DRY
2026-04-25T15:18:27.315493+00:00,1777130307.3154933,567,1023,15.59,0.0,15.77,0.0,dry,none,stable,stable,TOO_DRY
2026-04-25T15:18:28.822246+00:00,1777130308.8222463,566,1023,15.88,0.0,15.77,0.0,dry,none,stable,stable,TOO_DRY
2026-04-25T15:18:30.852287+00:00,1777130310.8522868,566,1023,15.88,0.0,15.77,0.0,dry,none,stable,stable,TOO_DRY
2026-04-25T15:18:32.929167+00:00,1777130312.9291666,529,1023,26.76,0.0,17.13,0.0,dry,none,stable,stable,TOO_DRY
2026-04-25T15:18:34.973413+00:00,1777130314.9734135,565,1023,16.18,0.0,17.21,0.0,dry,none,stable,stable,TOO_DRY
2026-04-25T15:18:36.894789+00:00,1777130316.894789,565,1023,16.18,0.0,17.24,0.0,dry,none,rising,stable,TOO_DRY
2026-04-25T15:18:38.914072+00:00,1777130318.9140716,565,879,16.18,18.63,17.32,2.33,dry,none,rising,rising,TOO_DRY
2026-04-25T15:18:40.923938+00:00,1777130320.923938,566,846,15.88,22.9,17.32,5.19,dry,none,stable,rising,TOO_DRY
2026-04-25T16:53:47.939265+00:00,1777136027.939265,564,877,16.47,16.4,16.47,16.4,dry,light,stable,stable,TOO_DRY
2026-04-25T16:53:58.715607+00:00,1777136038.715607,564,881,16.47,15.87,16.47,16.13,dry,light,stable,stable,TOO_DRY
2026-04-25T16:54:00.424192+00:00,1777136040.424192,564,873,16.47,16.93,16.47,16.4,dry,light,stable,stable,TOO_DRY
2026-04-25T16:54:02.290812+00:00,1777136042.290812,564,873,16.47,16.93,16.47,16.53,dry,light,stable,stable,TOO_DRY
2026-04-25T16:54:04.310225+00:00,1777136044.3102255,564,875,16.47,16.67,16.47,16.56,dry,light,stable,stable,TOO_DRY
2026-04-25T16:54:06.409830+00:00,1777136046.4098303,564,881,16.47,15.87,16.47,16.45,dry,light,stable,stable,TOO_DRY
2026-04-25T16:54:08.595955+00:00,1777136048.5959551,564,881,16.47,15.87,16.47,16.36,dry,light,stable,stable,TOO_DRY
2026-04-25T16:54:11.493989+00:00,1777136051.4939885,564,881,16.47,15.87,16.47,16.3,dry,light,stable,stable,TOO_DRY
2026-04-25T16:54:13.064980+00:00,1777136053.0649803,564,882,16.47,15.73,16.47,16.22,dry,light,stable,stable,TOO_DRY
2026-04-25T16:54:15.050651+00:00,1777136055.0506506,564,868,16.47,17.6,16.47,16.43,dry,light,stable,stable,TOO_DRY
2026-04-25T16:54:18.500438+00:00,1777136058.5004382,565,868,16.18,17.6,16.43,16.52,dry,light,stable,stable,TOO_DRY
2026-04-25T16:54:19.201337+00:00,1777136059.2013373,565,866,16.18,17.87,16.4,16.64,dry,light,stable,stable,TOO_DRY
2026-04-25T16:54:20.217472+00:00,1777136060.2174723,565,864,16.18,18.13,16.36,16.82,dry,light,stable,stable,TOO_DRY
2026-04-25T16:54:22.322578+00:00,1777136062.3225777,565,868,16.18,17.6,16.32,17.03,dry,light,stable,stable,TOO_DRY
2026-04-25T16:54:24.261028+00:00,1777136064.2610276,564,875,16.47,16.67,16.32,17.13,dry,light,stable,stable,TOO_DRY
2026-04-25T16:54:26.618789+00:00,1777136066.618789,564,878,16.47,16.27,16.32,17.18,dry,light,stable,stable,TOO_DRY
2026-04-25T16:54:28.276073+00:00,1777136068.2760732,564,875,16.47,16.67,16.32,17.3,dry,light,stable,stable,TOO_DRY
2026-04-25T16:54:30.432166+00:00,1777136070.4321663,564,878,16.47,16.27,16.32,17.14,dry,light,stable,stable,TOO_DRY
2026-04-25T16:54:32.475002+00:00,1777136072.4750018,564,870,16.47,17.33,16.36,17.1,dry,light,stable,stable,TOO_DRY
2026-04-25T16:54:34.738309+00:00,1777136074.7383094,564,869,16.47,17.47,16.4,17.05,dry,light,stable,stable,TOO_DRY
2026-04-25T16:54:36.205921+00:00,1777136076.2059207,563,870,16.76,17.33,16.47,16.95,dry,light,stable,stable,TOO_DRY
2026-04-25T16:54:38.253780+00:00,1777136078.2537804,564,869,16.47,17.47,16.51,16.93,dry,light,stable,stable,TOO_DRY
2026-04-25T16:54:40.255693+00:00,1777136080.255693,564,869,16.47,17.47,16.51,17.04,dry,light,stable,stable,TOO_DRY
2026-04-25T16:54:42.309454+00:00,1777136082.3094544,564,869,16.47,17.47,16.51,17.18,dry,light,stable,stable,TOO_DRY
2026-04-25T16:54:44.387378+00:00,1777136084.3873782,564,869,16.47,17.47,16.51,17.29,dry,light,stable,stable,TOO_DRY
2026-04-25T16:54:46.291704+00:00,1777136086.2917042,564,869,16.47,17.47,16.51,17.43,dry,light,stable,stable,TOO_DRY
2026-04-25T16:54:48.344016+00:00,1777136088.3440156,564,869,16.47,17.47,16.51,17.45,dry,light,stable,stable,TOO_DRY
2026-04-25T16:54:50.212993+00:00,1777136090.2129934,564,869,16.47,17.47,16.51,17.45,dry,light,stable,stable,TOO_DRY
2026-04-25T16:54:52.439106+00:00,1777136092.4391065,564,869,16.47,17.47,16.47,17.47,dry,light,stable,stable,TOO_DRY
2026-04-25T16:54:54.308799+00:00,1777136094.3087988,564,869,16.47,17.47,16.47,17.47,dry,light,stable,stable,TOO_DRY
2026-04-25T16:54:56.339489+00:00,1777136096.3394885,564,869,16.47,17.47,16.47,17.47,dry,light,stable,stable,TOO_DRY
2026-04-25T16:54:58.505390+00:00,1777136098.5053902,564,869,16.47,17.47,16.47,17.47,dry,light,stable,stable,TOO_DRY
2026-04-25T16:55:00.493043+00:00,1777136100.4930432,564,869,16.47,17.47,16.47,17.47,dry,light,stable,stable,TOO_DRY
2026-04-25T16:55:02.341305+00:00,1777136102.341305,565,869,16.18,17.47,16.43,17.47,dry,light,stable,stable,TOO_DRY
2026-04-25T16:55:04.272548+00:00,1777136104.2725482,564,869,16.47,17.47,16.43,17.47,dry,light,stable,stable,TOO_DRY
2026-04-25T16:55:06.242376+00:00,1777136106.2423756,565,868,16.18,17.6,16.4,17.49,dry,light,stable,stable,TOO_DRY
2026-04-25T16:55:08.490318+00:00,1777136108.490318,564,867,16.47,17.73,16.4,17.52,dry,light,stable,stable,TOO_DRY
2026-04-25T16:55:10.233679+00:00,1777136110.2336786,564,866,16.47,17.87,16.4,17.57,dry,light,stable,stable,TOO_DRY
2026-04-25T16:55:12.258447+00:00,1777136112.2584472,565,865,16.18,18.0,16.36,17.63,dry,light,stable,stable,TOO_DRY
2026-04-25T16:55:14.821108+00:00,1777136114.8211076,565,863,16.18,18.27,16.32,17.73,dry,light,stable,stable,TOO_DRY
2026-04-25T16:55:16.376630+00:00,1777136116.37663,565,865,16.18,18.0,16.29,17.8,dry,light,stable,stable,TOO_DRY
2026-04-25T16:55:18.531374+00:00,1777136118.5313737,564,863,16.47,18.27,16.32,17.9,dry,light,stable,stable,TOO_DRY
2026-04-25T16:55:20.244957+00:00,1777136120.2449567,564,874,16.47,16.8,16.32,17.82,dry,light,stable,stable,TOO_DRY
2026-04-25T16:55:22.787071+00:00,1777136122.7870708,564,877,16.47,16.4,16.36,17.67,dry,light,stable,stable,TOO_DRY
2026-04-25T16:55:26.944355+00:00,1777136126.9443548,564,873,16.47,16.93,16.36,17.57,dry,light,stable,stable,TOO_DRY
2026-04-25T16:55:32.025812+00:00,1777136132.0258117,564,869,16.47,17.47,16.36,17.52,dry,light,stable,stable,TOO_DRY
2026-04-25T16:55:35.850679+00:00,1777136135.8506794,564,869,16.47,17.47,16.4,17.45,dry,light,stable,stable,TOO_DRY
2026-04-25T16:55:35.852256+00:00,1777136135.8522563,564,869,16.47,17.47,16.43,17.35,dry,light,stable,stable,TOO_DRY
2026-04-25T16:55:37.190279+00:00,1777136137.1902788,564,869,16.47,17.47,16.47,17.29,dry,light,stable,stable,TOO_DRY
2026-04-25T16:55:37.192488+00:00,1777136137.1924884,564,869,16.47,17.47,16.47,17.18,dry,light,stable,stable,TOO_DRY
2026-04-25T16:55:38.311201+00:00,1777136138.3112013,564,870,16.47,17.33,16.47,17.25,dry,light,stable,stable,TOO_DRY
2026-04-25T16:55:38.480676+00:00,1777136138.4806762,564,869,16.47,17.47,16.47,17.38,dry,light,stable,stable,TOO_DRY
2026-04-25T16:55:40.993322+00:00,1777136140.993322,564,869,16.47,17.47,16.47,17.45,dry,light,stable,stable,TOO_DRY
2026-04-25T16:55:42.293972+00:00,1777136142.2939718,565,869,16.18,17.47,16.43,17.45,dry,light,stable,stable,TOO_DRY
2026-04-25T16:55:44.364216+00:00,1777136144.3642163,564,869,16.47,17.47,16.43,17.45,dry,light,stable,stable,TOO_DRY
2026-04-25T16:55:46.511519+00:00,1777136146.5115187,564,869,16.47,17.47,16.43,17.45,dry,light,stable,stable,TOO_DRY
2026-04-25T16:55:48.355016+00:00,1777136148.355016,564,869,16.47,17.47,16.43,17.45,dry,light,stable,stable,TOO_DRY
2026-04-25T16:55:58.918229+00:00,1777136158.918229,565,876,16.18,16.53,16.4,17.34,dry,light,stable,stable,TOO_DRY
2026-04-25T16:56:00.448116+00:00,1777136160.4481163,564,875,16.47,16.67,16.4,17.25,dry,light,stable,stable,TOO_DRY
2026-04-25T16:56:02.486398+00:00,1777136162.4863977,565,874,16.18,16.8,16.36,17.17,dry,light,stable,stable,TOO_DRY
2026-04-25T16:56:04.451207+00:00,1777136164.4512072,564,875,16.47,16.67,16.36,17.07,dry,light,stable,stable,TOO_DRY
2026-04-25T16:56:06.461991+00:00,1777136166.4619913,564,874,16.47,16.8,16.4,16.98,dry,light,stable,stable,TOO_DRY
2026-04-25T16:56:08.449969+00:00,1777136168.4499693,565,874,16.18,16.8,16.36,16.9,dry,light,stable,stable,TOO_DRY
2026-04-25T16:56:10.471087+00:00,1777136170.4710872,564,872,16.47,17.07,16.36,16.85,dry,light,stable,stable,TOO_DRY
2026-04-25T16:56:12.517249+00:00,1777136172.5172489,565,869,16.18,17.47,16.32,16.85,dry,light,stable,stable,TOO_DRY
2026-04-25T17:00:40.053129+00:00,1777136440.0531292,564,869,16.47,17.47,16.47,17.47,dry,light,stable,stable,TOO_DRY
2026-04-25T17:00:42.050343+00:00,1777136442.0503428,566,868,15.88,17.6,16.18,17.54,dry,light,stable,stable,TOO_DRY
2026-04-25T17:00:44.112052+00:00,1777136444.1120524,564,869,16.47,17.47,16.27,17.51,dry,light,stable,stable,TOO_DRY
2026-04-25T17:00:46.235619+00:00,1777136446.2356193,564,870,16.47,17.33,16.32,17.47,dry,light,stable,stable,TOO_DRY
2026-04-25T17:00:48.086404+00:00,1777136448.0864036,564,873,16.47,16.93,16.35,17.36,dry,light,stable,stable,TOO_DRY
2026-04-25T17:00:50.271316+00:00,1777136450.2713158,565,873,16.18,16.93,16.32,17.29,dry,light,stable,stable,TOO_DRY
2026-04-25T17:00:53.210214+00:00,1777136453.2102144,564,849,16.47,20.13,16.34,17.69,dry,light,stable,stable,TOO_DRY
2026-04-25T17:00:54.362125+00:00,1777136454.3621254,564,872,16.47,17.07,16.36,17.62,dry,light,stable,stable,TOO_DRY
2026-04-25T17:00:56.288661+00:00,1777136456.2886615,564,873,16.47,16.93,16.36,17.55,dry,light,stable,stable,TOO_DRY
2026-04-25T17:02:27.523013+00:00,1777136547.5230134,564,874,16.47,16.8,16.47,16.8,dry,light,stable,stable,TOO_DRY
2026-04-25T17:02:29.814179+00:00,1777136549.8141794,592,872,8.24,17.07,12.36,16.94,dry,light,stable,stable,TOO_DRY
2026-04-25T17:02:31.508078+00:00,1777136551.5080779,564,874,16.47,16.8,13.73,16.89,dry,light,stable,stable,TOO_DRY
2026-04-25T17:02:33.467084+00:00,1777136553.4670842,564,868,16.47,17.6,14.41,17.07,dry,light,rising,stable,TOO_DRY
2026-04-25T17:02:35.397870+00:00,1777136555.39787,564,869,16.47,17.47,14.82,17.15,dry,light,rising,stable,TOO_DRY
2026-04-25T17:02:37.344762+00:00,1777136557.344762,564,863,16.47,18.27,15.1,17.34,dry,light,stable,stable,TOO_DRY
2026-04-25T17:02:39.511101+00:00,1777136559.511101,565,861,16.18,18.53,15.25,17.51,dry,light,stable,stable,TOO_DRY
2026-04-25T17:02:41.597424+00:00,1777136561.5974243,564,865,16.47,18.0,15.4,17.57,dry,light,stable,stable,TOO_DRY
2026-04-25T17:02:43.491573+00:00,1777136563.4915726,564,863,16.47,18.27,15.4,17.75,dry,light,stable,stable,TOO_DRY
2026-04-25T17:02:45.451192+00:00,1777136565.451192,564,855,16.47,19.33,16.43,18.03,dry,light,stable,stable,TOO_DRY
2026-04-25T17:02:47.483589+00:00,1777136567.4835894,564,877,16.47,16.4,16.43,17.98,dry,light,stable,stable,TOO_DRY
2026-04-25T17:02:49.531318+00:00,1777136569.5313177,564,876,16.47,16.53,16.43,17.85,dry,light,stable,stable,TOO_DRY
2026-04-25T17:02:51.600439+00:00,1777136571.6004388,564,877,16.47,16.4,16.43,17.72,dry,light,stable,stable,TOO_DRY
2026-04-25T17:02:53.633134+00:00,1777136573.6331336,565,878,16.18,16.27,16.4,17.47,dry,light,stable,stable,TOO_DRY
2026-04-25T17:02:55.469905+00:00,1777136575.4699047,564,878,16.47,16.27,16.43,17.18,dry,light,stable,stable,TOO_DRY
2026-04-25T17:02:57.401531+00:00,1777136577.401531,564,873,16.47,16.93,16.43,17.05,dry,light,stable,stable,TOO_DRY
2026-04-25T17:02:59.376136+00:00,1777136579.3761363,564,871,16.47,17.2,16.43,16.92,dry,light,stable,stable,TOO_DRY
2026-04-25T17:03:01.449322+00:00,1777136581.449322,564,855,16.47,19.33,16.43,16.92,dry,light,stable,stable,TOO_DRY
2026-04-25T17:03:03.675457+00:00,1777136583.6754575,564,872,16.47,17.07,16.43,17.0,dry,light,stable,stable,TOO_DRY
2026-04-25T17:03:05.466080+00:00,1777136585.4660802,564,874,16.47,16.8,16.43,17.03,dry,light,stable,stable,TOO_DRY
2026-04-25T17:03:07.452475+00:00,1777136587.4524748,564,874,16.47,16.8,16.43,17.08,dry,light,stable,stable,TOO_DRY
2026-04-25T17:03:33.891738+00:00,1777136613.8917382,566,845,15.88,20.67,15.88,20.67,dry,light,stable,stable,TOO_DRY
2026-04-25T17:03:37.164488+00:00,1777136617.1644876,591,845,8.53,20.67,12.21,20.67,dry,light,stable,stable,TOO_DRY
2026-04-25T17:03:39.310949+00:00,1777136619.3109486,565,856,16.18,19.2,13.53,20.18,dry,light,stable,stable,TOO_DRY
2026-04-25T17:03:41.243347+00:00,1777136621.2433467,564,855,16.47,19.33,14.27,19.97,dry,light,rising,stable,TOO_DRY
2026-04-25T17:03:43.088426+00:00,1777136623.0884259,565,850,16.18,20.0,14.65,19.97,dry,light,rising,stable,TOO_DRY
2026-04-25T17:03:45.136198+00:00,1777136625.1361983,565,854,16.18,19.47,14.9,19.89,dry,light,stable,stable,TOO_DRY
2026-04-25T17:03:47.086151+00:00,1777136627.0861511,565,854,16.18,19.47,15.09,19.83,dry,light,stable,stable,TOO_DRY
2026-04-25T17:03:49.446885+00:00,1777136629.4468853,565,857,16.18,19.07,15.22,19.73,dry,light,stable,stable,TOO_DRY
2026-04-25T17:03:51.799105+00:00,1777136631.7991052,565,857,16.18,19.07,15.26,19.54,dry,light,stable,stable,TOO_DRY
2026-04-25T17:03:53.225371+00:00,1777136633.225371,565,857,16.18,19.07,16.22,19.34,dry,light,stable,stable,TOO_DRY
2026-04-25T17:03:55.068134+00:00,1777136635.0681336,564,858,16.47,18.93,16.25,19.3,dry,light,stable,stable,TOO_DRY
2026-04-25T17:03:57.118089+00:00,1777136637.1180892,564,859,16.47,18.8,16.25,19.23,dry,light,stable,stable,TOO_DRY
2026-04-25T17:03:59.113488+00:00,1777136639.1134882,565,863,16.18,18.27,16.25,19.02,dry,light,stable,stable,TOO_DRY
2026-04-25T17:04:01.123899+00:00,1777136641.123899,564,861,16.47,18.53,16.29,18.9,dry,light,stable,stable,TOO_DRY
2026-04-25T17:04:03.161592+00:00,1777136643.161592,564,865,16.47,18.0,16.32,18.72,dry,light,stable,stable,TOO_DRY
2026-04-25T17:04:05.332701+00:00,1777136645.3327012,565,865,16.18,18.0,16.32,18.58,dry,light,stable,stable,TOO_DRY
2026-04-25T17:04:07.151967+00:00,1777136647.151967,565,866,16.18,17.87,16.32,18.43,dry,light,stable,stable,TOO_DRY
2026-04-25T17:04:09.322255+00:00,1777136649.3222547,564,865,16.47,18.0,16.36,18.3,dry,light,stable,stable,TOO_DRY
2026-04-25T17:04:11.144341+00:00,1777136651.1443415,564,866,16.47,17.87,16.36,18.17,dry,light,stable,stable,TOO_DRY
2026-04-25T17:04:13.072616+00:00,1777136653.0726156,565,865,16.18,18.0,16.32,18.07,dry,light,stable,stable,TOO_DRY
2026-04-25T17:04:15.241690+00:00,1777136655.2416897,564,866,16.47,17.87,16.36,18.02,dry,light,stable,stable,TOO_DRY
2026-04-25T17:04:17.097420+00:00,1777136657.0974202,565,866,16.18,17.87,16.32,17.94,dry,light,stable,stable,TOO_DRY
2026-04-25T17:04:19.233747+00:00,1777136659.2337468,564,845,16.47,20.67,16.32,18.27,dry,light,stable,stable,TOO_DRY
2026-04-25T17:04:21.498938+00:00,1777136661.4989378,564,853,16.47,19.6,16.36,18.47,dry,light,stable,stable,TOO_DRY
2026-04-25T17:04:23.128358+00:00,1777136663.1283576,565,873,16.18,16.93,16.36,18.35,dry,light,stable,stable,TOO_DRY
2026-04-25T17:04:25.078459+00:00,1777136665.0784588,565,880,16.18,16.0,16.32,18.1,dry,light,stable,stable,TOO_DRY
2026-04-25T17:04:27.069911+00:00,1777136667.0699108,565,877,16.18,16.4,16.29,17.92,dry,light,stable,stable,TOO_DRY
2026-04-25T17:04:29.118511+00:00,1777136669.1185112,565,875,16.18,16.67,16.29,17.75,dry,light,stable,stable,TOO_DRY
2026-04-25T17:04:31.076942+00:00,1777136671.0769417,564,847,16.47,20.4,16.29,18.07,dry,light,stable,stable,TOO_DRY
2026-04-25T17:04:33.163179+00:00,1777136673.163179,565,845,16.18,20.67,16.29,18.42,dry,light,stable,stable,TOO_DRY
2026-04-25T17:04:35.106143+00:00,1777136675.1061425,565,861,16.18,18.53,16.25,18.15,dry,light,stable,stable,TOO_DRY
2026-04-25T17:04:37.359241+00:00,1777136677.3592415,565,859,16.18,18.8,16.22,18.05,dry,light,stable,rising,TOO_DRY
2026-04-25T17:04:39.114902+00:00,1777136679.114902,565,871,16.18,17.2,16.22,18.08,dry,light,stable,stable,TOO_DRY
2026-04-25T17:04:41.276027+00:00,1777136681.276027,565,875,16.18,16.67,16.22,18.17,dry,light,stable,stable,TOO_DRY
2026-04-25T17:04:43.199541+00:00,1777136683.1995413,565,876,16.18,16.53,16.22,18.18,dry,light,stable,stable,TOO_DRY
2026-04-25T17:04:45.145844+00:00,1777136685.1458445,565,876,16.18,16.53,16.22,18.17,dry,light,stable,stable,TOO_DRY
2026-04-25T17:05:07.479035+00:00,1777136707.479035,564,881,16.47,15.87,16.47,15.87,dry,light,stable,stable,TOO_DRY
2026-04-25T17:05:14.638815+00:00,1777136714.6388147,593,877,7.94,16.4,12.21,16.13,dry,light,stable,stable,TOO_DRY
2026-04-25T17:05:16.489183+00:00,1777136716.4891832,564,881,16.47,15.87,13.63,16.05,dry,light,stable,stable,TOO_DRY
2026-04-25T17:05:18.750290+00:00,1777136718.7502902,565,880,16.18,16.0,14.26,16.04,dry,light,rising,stable,TOO_DRY
2026-04-25T17:05:20.495206+00:00,1777136720.4952059,564,881,16.47,15.87,14.71,16.0,dry,light,rising,stable,TOO_DRY
2026-04-25T17:05:22.731869+00:00,1777136722.731869,565,880,16.18,16.0,14.95,16.0,dry,light,stable,stable,TOO_DRY
2026-04-25T17:05:24.871852+00:00,1777136724.8718517,565,880,16.18,16.0,15.13,16.0,dry,light,stable,stable,TOO_DRY
2026-04-25T17:05:26.671150+00:00,1777136726.67115,565,881,16.18,15.87,15.26,15.98,dry,light,stable,stable,TOO_DRY
2026-04-25T17:05:28.665878+00:00,1777136728.6658778,565,880,16.18,16.0,15.22,16.0,dry,light,stable,stable,TOO_DRY
2026-04-25T17:05:30.712337+00:00,1777136730.7123375,564,881,16.47,15.87,16.29,15.93,dry,light,stable,stable,TOO_DRY
2026-04-25T17:05:32.755399+00:00,1777136732.7553985,565,880,16.18,16.0,16.25,15.95,dry,light,stable,stable,TOO_DRY
2026-04-25T17:05:35.160255+00:00,1777136735.160255,564,880,16.47,16.0,16.29,15.95,dry,light,stable,stable,TOO_DRY
2026-04-25T17:05:36.658512+00:00,1777136736.6585116,564,880,16.47,16.0,16.29,15.97,dry,light,stable,stable,TOO_DRY
2026-04-25T17:05:38.703637+00:00,1777136738.703637,565,881,16.18,15.87,16.29,15.95,dry,light,stable,stable,TOO_DRY
2026-04-25T17:05:40.984051+00:00,1777136740.9840515,564,881,16.47,15.87,16.32,15.93,dry,light,stable,stable,TOO_DRY
2026-04-25T17:05:42.710057+00:00,1777136742.7100573,564,881,16.47,15.87,16.36,15.93,dry,light,stable,stable,TOO_DRY
2026-04-25T17:05:44.541598+00:00,1777136744.5415983,564,881,16.47,15.87,16.4,15.92,dry,light,stable,stable,TOO_DRY
2026-04-25T17:05:46.588564+00:00,1777136746.5885637,564,880,16.47,16.0,16.4,15.93,dry,light,stable,stable,TOO_DRY
2026-04-25T17:05:48.533453+00:00,1777136748.5334525,565,879,16.18,16.13,16.4,15.95,dry,light,stable,stable,TOO_DRY
2026-04-25T17:05:50.593691+00:00,1777136750.5936909,564,877,16.47,16.4,16.4,16.0,dry,light,stable,stable,TOO_DRY
2026-04-25T17:05:52.625282+00:00,1777136752.625282,564,878,16.47,16.27,16.4,16.04,dry,light,stable,stable,TOO_DRY
2026-04-25T17:05:54.694505+00:00,1777136754.6945047,563,879,16.76,16.13,16.47,16.07,dry,light,stable,stable,TOO_DRY
2026-04-25T17:05:56.627357+00:00,1777136756.627357,564,877,16.47,16.4,16.47,16.13,dry,light,stable,stable,TOO_DRY
2026-04-25T17:05:58.679771+00:00,1777136758.6797712,565,878,16.18,16.27,16.43,16.18,dry,light,stable,stable,TOO_DRY
2026-04-25T17:06:00.741402+00:00,1777136760.7414021,564,877,16.47,16.4,16.43,16.25,dry,light,stable,stable,TOO_DRY
2026-04-25T17:06:02.569401+00:00,1777136762.5694008,565,878,16.18,16.27,16.4,16.28,dry,light,stable,stable,TOO_DRY
2026-04-25T17:06:04.811852+00:00,1777136764.8118515,565,878,16.18,16.27,16.4,16.3,dry,light,stable,stable,TOO_DRY
2026-04-25T17:06:06.759358+00:00,1777136766.7593577,564,878,16.47,16.27,16.4,16.29,dry,light,stable,stable,TOO_DRY
2026-04-25T17:06:08.616057+00:00,1777136768.6160572,565,878,16.18,16.27,16.36,16.29,dry,light,stable,stable,TOO_DRY
2026-04-25T17:06:10.552438+00:00,1777136770.552438,565,859,16.18,18.8,16.29,16.62,dry,light,stable,stable,TOO_DRY
2026-04-25T17:06:12.602522+00:00,1777136772.6025221,564,851,16.47,19.87,16.29,17.05,dry,light,stable,stable,TOO_DRY
2026-04-25T17:06:14.651814+00:00,1777136774.651814,564,850,16.47,20.0,16.32,17.52,dry,light,stable,stable,TOO_DRY
2026-04-25T17:07:06.265318+00:00,1777136826.2653184,565,878,16.18,16.27,16.18,16.27,dry,light,stable,stable,TOO_DRY
2026-04-25T17:07:08.711697+00:00,1777136828.7116973,591,873,8.53,16.93,12.36,16.6,dry,light,stable,stable,TOO_DRY
2026-04-25T17:07:10.659244+00:00,1777136830.6592436,565,880,16.18,16.0,13.63,16.4,dry,light,stable,stable,TOO_DRY
2026-04-25T17:07:12.704863+00:00,1777136832.704863,564,879,16.47,16.13,14.34,16.33,dry,light,rising,stable,TOO_DRY
2026-04-25T17:07:14.677966+00:00,1777136834.677966,564,879,16.47,16.13,14.77,16.29,dry,light,rising,stable,TOO_DRY
2026-04-25T17:07:16.599131+00:00,1777136836.599131,564,878,16.47,16.27,15.05,16.29,dry,light,stable,stable,TOO_DRY
2026-04-25T17:12:27.099888+00:00,1777137147.099888,564,882,16.47,15.73,16.47,15.73,dry,light,stable,stable,TOO_DRY
2026-04-25T17:12:38.146075+00:00,1777137158.1460745,592,882,8.24,15.73,12.36,15.73,dry,light,stable,stable,TOO_DRY
2026-04-25T17:12:40.188559+00:00,1777137160.188559,565,882,16.18,15.73,13.63,15.73,dry,light,stable,stable,TOO_DRY
2026-04-25T17:12:42.479008+00:00,1777137162.4790082,565,837,16.18,21.73,14.27,17.23,dry,light,rising,stable,TOO_DRY
2026-04-25T17:12:44.185111+00:00,1777137164.185111,565,811,16.18,25.2,14.65,18.82,dry,light,rising,rising,TOO_DRY
2026-04-25T17:12:46.459219+00:00,1777137166.4592187,565,822,16.18,23.73,14.9,19.64,dry,light,stable,rising,TOO_DRY
2026-04-25T17:12:48.180882+00:00,1777137168.1808817,565,845,16.18,20.67,15.09,19.79,dry,light,stable,rising,TOO_DRY
2026-04-25T17:12:50.229311+00:00,1777137170.2293108,565,826,16.18,23.2,15.22,20.21,dry,light,stable,rising,TOO_DRY
2026-04-25T17:12:52.382161+00:00,1777137172.3821614,565,820,16.18,24.0,15.19,21.25,dry,light,stable,rising,TOO_DRY
2026-04-25T17:12:54.572314+00:00,1777137174.572314,564,809,16.47,25.47,16.22,22.47,dry,light,stable,stable,TOO_DRY
2026-04-25T17:12:56.271129+00:00,1777137176.2711287,564,807,16.47,25.73,16.25,23.72,dry,light,stable,stable,TOO_DRY
2026-04-25T17:12:58.440407+00:00,1777137178.4404066,565,825,16.18,23.33,16.25,23.92,dry,light,stable,stable,TOO_DRY
2026-04-25T17:13:00.161955+00:00,1777137180.1619554,566,808,15.88,25.6,16.21,23.97,dry,light,stable,stable,TOO_DRY
2026-04-25T17:13:02.212782+00:00,1777137182.2127817,565,832,16.18,22.4,16.21,23.8,dry,light,stable,stable,TOO_DRY
2026-04-25T17:13:04.259284+00:00,1777137184.2592835,565,843,16.18,20.93,16.21,23.83,dry,light,stable,stable,TOO_DRY
2026-04-25T17:13:06.205770+00:00,1777137186.2057705,565,851,16.18,19.87,16.21,23.42,dry,light,stable,stable,TOO_DRY
2026-04-25T17:13:08.253073+00:00,1777137188.2530735,565,849,16.18,20.13,16.21,22.93,dry,light,stable,falling,TOO_DRY
2026-04-25T17:13:10.407388+00:00,1777137190.407388,566,845,15.88,20.67,16.14,22.33,dry,light,stable,falling,TOO_DRY
2026-04-25T17:13:12.242619+00:00,1777137192.2426193,565,843,16.18,20.93,16.11,21.73,dry,light,stable,stable,TOO_DRY
2026-04-25T17:13:14.494966+00:00,1777137194.494966,565,835,16.18,22.0,16.11,21.57,dry,light,stable,stable,TOO_DRY
2026-04-25T17:13:16.235762+00:00,1777137196.2357621,566,875,15.88,16.67,16.11,20.45,dry,light,stable,stable,TOO_DRY
2026-04-25T17:13:18.288562+00:00,1777137198.2885618,565,875,16.18,16.67,16.11,19.73,dry,light,stable,stable,TOO_DRY
2026-04-25T17:13:20.445528+00:00,1777137200.4455283,565,875,16.18,16.67,16.11,19.2,dry,light,stable,stable,TOO_DRY
2026-04-25T17:13:22.170004+00:00,1777137202.1700041,566,875,15.88,16.67,16.07,18.8,dry,light,stable,falling,TOO_DRY
2026-04-25T17:13:24.223164+00:00,1777137204.2231638,565,875,16.18,16.67,16.07,18.37,dry,light,stable,falling,TOO_DRY
2026-04-25T17:13:26.252993+00:00,1777137206.2529929,565,866,16.18,17.87,16.11,18.02,dry,light,stable,stable,TOO_DRY
2026-04-25T17:13:28.216075+00:00,1777137208.216075,565,873,16.18,16.93,16.11,17.52,dry,light,stable,stable,TOO_DRY
2026-04-25T17:13:30.268694+00:00,1777137210.268694,565,873,16.18,16.93,16.11,16.89,dry,light,stable,stable,TOO_DRY
2026-04-25T17:13:32.419317+00:00,1777137212.4193165,565,873,16.18,16.93,16.14,16.92,dry,light,stable,stable,TOO_DRY
2026-04-25T17:13:34.180016+00:00,1777137214.1800163,564,873,16.47,16.93,16.18,16.95,dry,light,stable,stable,TOO_DRY
2026-04-25T17:13:36.318122+00:00,1777137216.3181224,565,876,16.18,16.53,16.18,16.93,dry,light,stable,stable,TOO_DRY
2026-04-25T17:13:38.258831+00:00,1777137218.2588308,565,876,16.18,16.53,16.22,16.91,dry,light,stable,stable,TOO_DRY
2026-04-25T17:13:40.396206+00:00,1777137220.396206,565,875,16.18,16.67,16.22,16.91,dry,light,stable,stable,TOO_DRY
2026-04-25T17:13:42.348508+00:00,1777137222.3485076,565,874,16.18,16.8,16.22,16.78,dry,light,stable,stable,TOO_DRY
2026-04-25T17:13:44.293483+00:00,1777137224.293483,565,875,16.18,16.67,16.22,16.75,dry,light,stable,stable,TOO_DRY
2026-04-25T17:13:46.263099+00:00,1777137226.2630994,565,878,16.18,16.27,16.22,16.67,dry,light,stable,stable,TOO_DRY
2026-04-25T17:13:48.198193+00:00,1777137228.1981928,564,879,16.47,16.13,16.25,16.57,dry,light,stable,stable,TOO_DRY
2026-04-25T17:13:50.232145+00:00,1777137230.2321448,565,879,16.18,16.13,16.22,16.47,dry,light,stable,stable,TOO_DRY
2026-04-25T17:13:52.608032+00:00,1777137232.6080315,564,878,16.47,16.27,16.25,16.43,dry,light,stable,stable,TOO_DRY
2026-04-25T17:13:54.235004+00:00,1777137234.2350037,565,878,16.18,16.27,16.25,16.4,dry,light,stable,stable,TOO_DRY
2026-04-25T17:13:56.280192+00:00,1777137236.280192,564,879,16.47,16.13,16.29,16.33,dry,light,stable,stable,TOO_DRY
2026-04-25T17:13:58.222268+00:00,1777137238.2222676,565,855,16.18,19.33,16.29,16.65,dry,light,stable,stable,TOO_DRY
2026-04-25T17:14:00.372215+00:00,1777137240.3722146,565,856,16.18,19.2,16.29,16.97,dry,light,stable,stable,TOO_DRY
2026-04-25T17:14:02.197296+00:00,1777137242.1972964,564,857,16.47,19.07,16.32,17.32,dry,light,stable,stable,TOO_DRY
2026-04-25T17:14:04.200326+00:00,1777137244.2003257,565,857,16.18,19.07,16.29,17.68,dry,light,stable,stable,TOO_DRY
2026-04-25T17:14:06.324040+00:00,1777137246.3240404,565,868,16.18,17.6,16.29,17.87,dry,light,stable,stable,TOO_DRY
2026-04-25T17:14:08.255548+00:00,1777137248.2555485,565,868,16.18,17.6,16.25,18.03,dry,light,stable,stable,TOO_DRY
2026-04-25T17:14:10.320567+00:00,1777137250.320567,565,862,16.18,18.4,16.25,18.3,dry,light,stable,stable,TOO_DRY
2026-04-25T17:14:12.287813+00:00,1777137252.2878127,565,863,16.18,18.27,16.22,18.57,dry,light,stable,stable,TOO_DRY
2026-04-25T17:14:14.223319+00:00,1777137254.2233186,564,865,16.47,18.0,16.25,18.4,dry,light,stable,stable,TOO_DRY
2026-04-25T17:14:16.376180+00:00,1777137256.3761797,564,863,16.47,18.27,16.29,18.29,dry,light,stable,stable,TOO_DRY
2026-04-25T17:14:18.394146+00:00,1777137258.3941464,564,859,16.47,18.8,16.29,18.25,dry,light,stable,stable,TOO_DRY
2026-04-25T17:14:20.356012+00:00,1777137260.3560119,565,862,16.18,18.4,16.29,18.17,dry,light,stable,stable,TOO_DRY
2026-04-25T17:14:22.618675+00:00,1777137262.6186752,564,855,16.47,19.33,16.32,18.38,dry,light,stable,stable,TOO_DRY
2026-04-25T17:14:24.246304+00:00,1777137264.246304,564,833,16.47,22.27,16.36,18.97,dry,light,stable,stable,TOO_DRY
2026-04-25T17:14:26.261363+00:00,1777137266.261363,564,840,16.47,21.33,16.4,19.33,dry,light,stable,stable,TOO_DRY
2026-04-25T17:14:28.547762+00:00,1777137268.5477622,564,848,16.47,20.27,16.43,19.58,dry,light,stable,stable,TOO_DRY
2026-04-25T17:14:30.275109+00:00,1777137270.2751093,565,860,16.18,18.67,16.4,19.67,dry,light,stable,stable,TOO_DRY
2026-04-25T17:14:32.422005+00:00,1777137272.4220047,564,860,16.47,18.67,16.4,19.72,dry,light,stable,stable,TOO_DRY
2026-04-25T17:14:34.392707+00:00,1777137274.3927069,565,853,16.18,19.6,16.36,19.82,dry,light,stable,stable,TOO_DRY
2026-04-25T17:14:36.678339+00:00,1777137276.6783385,564,830,16.47,22.67,16.4,20.35,dry,light,stable,stable,TOO_DRY
2026-04-25T17:14:38.503711+00:00,1777137278.5037115,565,846,16.18,20.53,16.36,20.5,dry,light,stable,stable,TOO_DRY
2026-04-25T17:14:40.424153+00:00,1777137280.4241529,564,822,16.47,23.73,16.36,20.68,dry,light,stable,stable,TOO_DRY
2026-04-25T17:14:42.255700+00:00,1777137282.2557,564,832,16.47,22.4,16.36,20.82,dry,light,stable,rising,TOO_DRY
2026-04-25T17:14:44.300402+00:00,1777137284.3004022,565,859,16.18,18.8,16.32,20.63,dry,light,stable,stable,TOO_DRY
2026-04-25T17:14:46.350040+00:00,1777137286.3500397,565,859,16.18,18.8,16.32,20.65,dry,light,stable,stable,TOO_DRY
2026-04-25T17:14:48.397771+00:00,1777137288.3977706,564,860,16.47,18.67,16.32,20.65,dry,light,stable,stable,TOO_DRY
2026-04-25T17:14:50.348470+00:00,1777137290.34847,564,852,16.47,19.73,16.36,20.67,dry,light,stable,falling,TOO_DRY
2026-04-25T17:14:52.292449+00:00,1777137292.2924488,565,823,16.18,23.6,16.32,20.78,dry,light,stable,stable,TOO_DRY
2026-04-25T17:14:54.462018+00:00,1777137294.462018,564,826,16.47,23.2,16.36,21.12,dry,light,stable,stable,TOO_DRY
2026-04-25T17:14:56.516623+00:00,1777137296.5166225,564,848,16.47,20.27,16.36,20.68,dry,light,stable,stable,TOO_DRY
2026-04-25T17:14:58.341484+00:00,1777137298.3414838,564,837,16.47,21.73,16.36,20.6,dry,light,stable,rising,TOO_DRY
2026-04-25T17:15:00.495309+00:00,1777137300.4953094,564,818,16.47,24.27,16.4,21.28,dry,light,stable,stable,TOO_DRY
2026-04-25T17:15:02.258283+00:00,1777137302.2582827,565,876,16.18,16.53,16.4,21.0,dry,light,stable,stable,TOO_DRY
2026-04-25T17:15:04.274341+00:00,1777137304.2743413,565,872,16.18,17.07,16.36,20.8,dry,light,stable,stable,TOO_DRY
2026-04-25T17:15:06.354275+00:00,1777137306.3542755,564,836,16.47,21.87,16.36,21.07,dry,light,stable,stable,TOO_DRY
2026-04-25T17:15:08.271100+00:00,1777137308.2710998,565,875,16.18,16.67,16.36,20.2,dry,light,stable,falling,TOO_DRY
2026-04-25T17:15:10.315289+00:00,1777137310.3152885,565,880,16.18,16.0,16.32,19.3,dry,light,stable,stable,TOO_DRY
2026-04-25T17:15:12.463402+00:00,1777137312.4634023,565,880,16.18,16.0,16.29,18.77,dry,light,stable,stable,TOO_DRY
2026-04-25T17:15:14.526808+00:00,1777137314.5268075,564,853,16.47,19.6,16.29,18.5,dry,light,stable,stable,TOO_DRY
2026-04-25T17:15:16.354495+00:00,1777137316.3544946,564,847,16.47,20.4,16.29,18.02,dry,light,stable,stable,TOO_DRY
2026-04-25T17:15:18.401091+00:00,1777137318.4010913,564,853,16.47,19.6,16.32,18.4,dry,light,stable,stable,TOO_DRY
2026-04-25T17:15:20.360549+00:00,1777137320.3605494,565,855,16.18,19.33,16.32,18.68,dry,light,stable,stable,TOO_DRY
2026-04-25T17:15:22.510607+00:00,1777137322.510607,565,846,16.18,20.53,16.29,18.52,dry,light,stable,stable,TOO_DRY
2026-04-25T17:15:24.258355+00:00,1777137324.2583547,564,843,16.47,20.93,16.32,19.05,dry,light,stable,stable,TOO_DRY
2026-04-25T17:15:26.308035+00:00,1777137326.3080354,564,872,16.47,17.07,16.36,19.18,dry,light,stable,stable,TOO_DRY
2026-04-25T17:15:28.260753+00:00,1777137328.2607527,565,865,16.18,18.0,16.36,19.43,dry,light,stable,stable,TOO_DRY
2026-04-25T17:15:30.481105+00:00,1777137330.4811046,564,829,16.47,22.8,16.36,19.83,dry,light,stable,stable,TOO_DRY
2026-04-25T17:15:32.328784+00:00,1777137332.3287835,565,828,16.18,22.93,16.32,20.15,dry,light,stable,stable,TOO_DRY
2026-04-25T17:15:34.378247+00:00,1777137334.3782473,565,870,16.18,17.33,16.29,19.86,dry,light,stable,stable,TOO_DRY
2026-04-25T17:15:36.328108+00:00,1777137336.3281076,564,858,16.47,18.93,16.32,19.82,dry,light,stable,stable,TOO_DRY
2026-04-25T17:15:38.386824+00:00,1777137338.3868237,564,880,16.47,16.0,16.36,19.25,dry,light,stable,stable,TOO_DRY
2026-04-25T17:15:40.319156+00:00,1777137340.3191562,564,881,16.47,15.87,16.36,18.62,dry,light,stable,falling,TOO_DRY
2026-04-25T17:15:42.287596+00:00,1777137342.2875957,564,871,16.47,17.2,16.36,18.63,dry,light,stable,falling,TOO_DRY
2026-04-25T17:15:44.275175+00:00,1777137344.275175,565,867,16.18,17.73,16.36,18.6,dry,light,stable,falling,TOO_DRY
2026-04-25T17:15:46.359915+00:00,1777137346.3599153,565,858,16.18,18.93,16.32,18.11,dry,light,stable,stable,TOO_DRY
2026-04-25T17:15:48.413082+00:00,1777137348.4130824,565,852,16.18,19.73,16.32,17.71,dry,light,stable,stable,TOO_DRY
2026-04-25T17:15:50.358948+00:00,1777137350.3589478,565,852,16.18,19.73,16.32,18.02,dry,light,stable,stable,TOO_DRY
2026-04-25T17:15:52.614007+00:00,1777137352.6140072,565,852,16.18,19.73,16.29,18.11,dry,light,stable,stable,TOO_DRY
2026-04-25T17:15:54.440095+00:00,1777137354.4400954,564,852,16.47,19.73,16.29,18.58,dry,light,stable,stable,TOO_DRY
2026-04-25T17:15:56.320892+00:00,1777137356.3208919,564,853,16.47,19.6,16.29,19.05,dry,light,stable,stable,TOO_DRY
2026-04-25T17:15:58.294976+00:00,1777137358.2949765,564,852,16.47,19.73,16.29,19.36,dry,light,stable,stable,TOO_DRY
2026-04-25T17:16:00.596358+00:00,1777137360.596358,565,853,16.18,19.6,16.29,19.6,dry,light,stable,stable,TOO_DRY
2026-04-25T17:16:02.536646+00:00,1777137362.536646,564,853,16.47,19.6,16.32,19.68,dry,light,stable,stable,TOO_DRY
2026-04-25T17:16:04.386069+00:00,1777137364.3860693,564,853,16.47,19.6,16.36,19.66,dry,light,stable,stable,TOO_DRY
2026-04-25T17:16:06.332791+00:00,1777137366.3327906,564,853,16.47,19.6,16.4,19.65,dry,light,stable,stable,TOO_DRY
2026-04-25T17:16:08.373907+00:00,1777137368.3739069,564,854,16.47,19.47,16.43,19.62,dry,light,stable,stable,TOO_DRY
2026-04-25T17:16:10.334774+00:00,1777137370.3347745,564,854,16.47,19.47,16.43,19.58,dry,light,stable,stable,TOO_DRY
2026-04-25T17:16:12.381301+00:00,1777137372.3813012,565,854,16.18,19.47,16.4,19.57,dry,light,stable,stable,TOO_DRY
2026-04-25T17:16:14.547786+00:00,1777137374.5477862,564,854,16.47,19.47,16.4,19.54,dry,light,stable,stable,TOO_DRY
2026-04-25T17:16:16.382337+00:00,1777137376.382337,565,861,16.18,18.53,16.4,19.4,dry,light,stable,stable,TOO_DRY
2026-04-25T17:16:18.538169+00:00,1777137378.5381687,565,861,16.18,18.53,16.36,19.27,dry,light,stable,stable,TOO_DRY
2026-04-25T17:16:20.746388+00:00,1777137380.7463877,564,864,16.47,18.13,16.36,19.08,dry,light,stable,stable,TOO_DRY
2026-04-25T17:16:22.452710+00:00,1777137382.45271,565,864,16.18,18.13,16.32,18.9,dry,light,stable,stable,TOO_DRY
2026-04-25T17:16:24.586103+00:00,1777137384.5861032,564,865,16.47,18.0,16.32,18.72,dry,light,stable,stable,TOO_DRY
2026-04-25T17:16:26.400373+00:00,1777137386.4003735,565,865,16.18,18.0,16.29,18.53,dry,light,stable,stable,TOO_DRY
2026-04-25T17:16:28.343088+00:00,1777137388.343088,564,865,16.47,18.0,16.32,18.35,dry,light,stable,stable,TOO_DRY
2026-04-25T17:16:30.315776+00:00,1777137390.3157756,564,866,16.47,17.87,16.32,18.15,dry,light,stable,stable,TOO_DRY
2026-04-25T17:16:32.307333+00:00,1777137392.3073328,564,866,16.47,17.87,16.36,18.07,dry,light,stable,stable,TOO_DRY
2026-04-25T17:16:34.486653+00:00,1777137394.4866526,564,867,16.47,17.73,16.4,17.97,dry,light,stable,stable,TOO_DRY
2026-04-25T17:16:36.315255+00:00,1777137396.3152554,564,866,16.47,17.87,16.4,17.93,dry,light,stable,stable,TOO_DRY
2026-04-25T17:16:38.593819+00:00,1777137398.593819,564,866,16.47,17.87,16.43,17.9,dry,light,stable,stable,TOO_DRY
2026-04-25T17:16:40.350719+00:00,1777137400.350719,564,867,16.47,17.73,16.43,17.87,dry,light,stable,stable,TOO_DRY
2026-04-25T17:16:42.367425+00:00,1777137402.3674247,565,867,16.18,17.73,16.43,17.83,dry,light,stable,stable,TOO_DRY
2026-04-25T17:16:44.420174+00:00,1777137404.420174,565,867,16.18,17.73,16.4,17.8,dry,light,stable,stable,TOO_DRY
2026-04-25T17:16:46.367237+00:00,1777137406.367237,564,867,16.47,17.73,16.4,17.78,dry,light,stable,stable,TOO_DRY
2026-04-25T17:16:48.513409+00:00,1777137408.5134087,565,867,16.18,17.73,16.36,17.77,dry,light,stable,stable,TOO_DRY
2026-04-25T17:16:50.463600+00:00,1777137410.4635997,564,867,16.47,17.73,16.36,17.77,dry,light,stable,stable,TOO_DRY
2026-04-25T17:16:52.338032+00:00,1777137412.3380325,565,867,16.18,17.73,16.32,17.75,dry,light,stable,stable,TOO_DRY
2026-04-25T17:16:54.461165+00:00,1777137414.461165,564,867,16.47,17.73,16.32,17.73,dry,light,stable,stable,TOO_DRY
2026-04-25T17:16:56.323764+00:00,1777137416.3237636,564,868,16.47,17.6,16.32,17.71,dry,light,stable,stable,TOO_DRY
2026-04-25T17:16:58.346393+00:00,1777137418.3463933,564,868,16.47,17.6,16.36,17.7,dry,light,stable,stable,TOO_DRY
2026-04-25T17:17:00.614568+00:00,1777137420.6145685,564,868,16.47,17.6,16.4,17.68,dry,light,stable,stable,TOO_DRY
2026-04-25T17:17:02.337276+00:00,1777137422.3372762,564,867,16.47,17.73,16.4,17.68,dry,light,stable,stable,TOO_DRY
2026-04-25T17:17:04.387983+00:00,1777137424.387983,565,867,16.18,17.73,16.4,17.68,dry,light,stable,stable,TOO_DRY
2026-04-25T17:17:06.345359+00:00,1777137426.3453586,564,868,16.47,17.6,16.4,17.66,dry,light,stable,stable,TOO_DRY
2026-04-25T17:17:08.333286+00:00,1777137428.333286,564,868,16.47,17.6,16.43,17.65,dry,light,stable,stable,TOO_DRY
2026-04-25T17:17:10.429874+00:00,1777137430.4298737,564,868,16.47,17.6,16.43,17.63,dry,light,stable,stable,TOO_DRY
2026-04-25T17:17:12.479993+00:00,1777137432.4799926,565,868,16.18,17.6,16.4,17.63,dry,light,stable,stable,TOO_DRY
2026-04-25T17:17:14.401953+00:00,1777137434.4019525,565,868,16.18,17.6,16.36,17.63,dry,light,stable,stable,TOO_DRY
2026-04-25T17:17:16.582364+00:00,1777137436.5823636,564,868,16.47,17.6,16.36,17.63,dry,light,stable,stable,TOO_DRY
2026-04-25T17:17:18.341998+00:00,1777137438.3419979,564,868,16.47,17.6,16.36,17.62,dry,light,stable,stable,TOO_DRY
2026-04-25T17:17:20.439620+00:00,1777137440.4396203,565,868,16.18,17.6,16.36,17.6,dry,light,stable,stable,TOO_DRY
2026-04-25T17:17:22.415832+00:00,1777137442.4158318,564,868,16.47,17.6,16.36,17.6,dry,light,stable,stable,TOO_DRY
2026-04-25T17:17:24.356978+00:00,1777137444.356978,565,868,16.18,17.6,16.32,17.6,dry,light,stable,stable,TOO_DRY
2026-04-25T17:17:26.420375+00:00,1777137446.4203746,565,870,16.18,17.33,16.29,17.57,dry,light,stable,stable,TOO_DRY
2026-04-25T17:17:28.453754+00:00,1777137448.4537542,564,869,16.47,17.47,16.32,17.55,dry,light,stable,stable,TOO_DRY
2026-04-25T17:17:30.368261+00:00,1777137450.3682613,565,869,16.18,17.47,16.32,17.53,dry,light,stable,stable,TOO_DRY
2026-04-25T17:17:32.358404+00:00,1777137452.3584042,564,869,16.47,17.47,16.32,17.52,dry,light,stable,stable,TOO_DRY
2026-04-25T17:17:34.415291+00:00,1777137454.4152913,565,869,16.18,17.47,16.29,17.5,dry,light,stable,stable,TOO_DRY
2026-04-25T17:17:36.360023+00:00,1777137456.360023,565,869,16.18,17.47,16.29,17.48,dry,light,stable,stable,TOO_DRY
2026-04-25T17:17:38.786016+00:00,1777137458.7860162,564,869,16.47,17.47,16.29,17.47,dry,light,stable,stable,TOO_DRY
2026-04-25T17:17:40.557983+00:00,1777137460.5579827,565,870,16.18,17.33,16.29,17.43,dry,light,stable,stable,TOO_DRY
2026-04-25T17:17:42.388259+00:00,1777137462.3882592,564,869,16.47,17.47,16.32,17.45,dry,light,stable,stable,TOO_DRY
2026-04-25T17:17:44.633981+00:00,1777137464.6339815,565,870,16.18,17.33,16.29,17.43,dry,light,stable,stable,TOO_DRY
2026-04-25T17:17:46.611386+00:00,1777137466.6113858,565,869,16.18,17.47,16.29,17.43,dry,light,stable,stable,TOO_DRY
2026-04-25T17:17:48.383773+00:00,1777137468.3837729,565,869,16.18,17.47,16.25,17.43,dry,light,stable,stable,TOO_DRY
2026-04-25T17:17:50.366100+00:00,1777137470.3661,565,869,16.18,17.47,16.25,17.43,dry,light,stable,stable,TOO_DRY
2026-04-25T17:17:52.366044+00:00,1777137472.3660438,565,870,16.18,17.33,16.25,17.42,dry,light,stable,stable,TOO_DRY
2026-04-25T17:17:54.432294+00:00,1777137474.4322937,564,869,16.47,17.47,16.25,17.42,dry,light,stable,stable,TOO_DRY
2026-04-25T17:17:56.399448+00:00,1777137476.399448,565,868,16.18,17.6,16.25,17.45,dry,light,stable,stable,TOO_DRY
2026-04-25T17:17:58.677696+00:00,1777137478.677696,565,868,16.18,17.6,16.22,17.47,dry,light,stable,stable,TOO_DRY
2026-04-25T17:18:00.384361+00:00,1777137480.384361,564,862,16.47,18.4,16.25,17.6,dry,light,stable,stable,TOO_DRY
2026-04-25T17:18:02.482835+00:00,1777137482.482835,565,863,16.18,18.27,16.25,17.7,dry,light,stable,stable,TOO_DRY
2026-04-25T17:18:04.423705+00:00,1777137484.4237046,564,862,16.47,18.4,16.29,17.82,dry,light,stable,stable,TOO_DRY
2026-04-25T17:18:06.381686+00:00,1777137486.381686,564,862,16.47,18.4,16.32,17.93,dry,light,stable,stable,TOO_DRY
2026-04-25T17:18:08.493556+00:00,1777137488.4935558,565,870,16.18,17.33,16.32,17.93,dry,light,stable,stable,TOO_DRY
2026-04-25T17:18:10.443568+00:00,1777137490.4435685,565,877,16.18,16.4,16.29,17.8,dry,light,stable,stable,TOO_DRY
2026-04-25T17:18:12.487483+00:00,1777137492.4874825,565,876,16.18,16.53,16.29,17.67,dry,light,stable,stable,TOO_DRY
2026-04-25T17:18:14.432920+00:00,1777137494.4329197,564,873,16.47,16.93,16.32,17.58,dry,light,stable,stable,TOO_DRY
2026-04-25T17:18:16.583077+00:00,1777137496.5830767,565,866,16.18,17.87,16.29,17.52,dry,light,stable,stable,TOO_DRY
2026-04-25T17:18:18.531817+00:00,1777137498.5318174,565,884,16.18,15.47,16.29,17.17,dry,light,stable,stable,TOO_DRY
2026-04-25T17:18:20.397042+00:00,1777137500.397042,565,883,16.18,15.6,16.25,16.82,dry,light,stable,stable,TOO_DRY
2026-04-25T17:18:22.401589+00:00,1777137502.4015894,565,883,16.18,15.6,16.22,16.47,dry,light,stable,stable,TOO_DRY
2026-04-25T17:18:24.499355+00:00,1777137504.4993546,564,883,16.47,15.6,16.25,16.25,dry,light,stable,stable,TOO_DRY
2026-04-25T17:18:26.400439+00:00,1777137506.4004388,565,884,16.18,15.47,16.25,16.13,dry,light,stable,stable,TOO_DRY
2026-04-25T17:18:28.994740+00:00,1777137508.9947395,565,881,16.18,15.87,16.25,16.05,dry,light,stable,stable,TOO_DRY
2026-04-25T17:18:30.413587+00:00,1777137510.4135869,565,874,16.18,16.8,16.22,16.04,dry,light,stable,stable,TOO_DRY
2026-04-25T17:23:01.078245+00:00,1777137781.078245,564,828,16.47,22.93,16.47,22.93,dry,light,stable,stable,TOO_DRY
2026-04-25T17:23:03.108828+00:00,1777137783.1088283,564,828,16.47,22.93,16.47,22.93,dry,light,stable,stable,TOO_DRY
2026-04-25T17:23:05.056757+00:00,1777137785.0567572,564,827,16.47,23.07,16.47,22.98,dry,light,stable,stable,TOO_DRY
2026-04-25T17:23:07.097370+00:00,1777137787.0973701,565,829,16.18,22.8,16.4,22.93,dry,light,stable,stable,TOO_DRY
2026-04-25T17:23:09.125043+00:00,1777137789.125043,564,827,16.47,23.07,16.41,22.96,dry,light,stable,stable,TOO_DRY
2026-04-25T17:23:11.093109+00:00,1777137791.0931091,564,828,16.47,22.93,16.42,22.95,dry,light,stable,stable,TOO_DRY
2026-04-25T17:23:13.138846+00:00,1777137793.1388457,564,828,16.47,22.93,16.43,22.95,dry,light,stable,stable,TOO_DRY
2026-04-25T17:26:19.473192+00:00,1777137979.4731917,259,830,100.0,22.67,100.0,22.67,wet,light,stable,stable,TOO_WET
2026-04-25T17:26:21.569056+00:00,1777137981.5690558,263,830,100.0,22.67,100.0,22.67,wet,light,stable,stable,TOO_WET
2026-04-25T17:26:23.550354+00:00,1777137983.5503542,260,830,100.0,22.67,100.0,22.67,wet,light,stable,stable,TOO_WET
2026-04-25T17:26:25.401640+00:00,1777137985.4016402,260,830,100.0,22.67,100.0,22.67,wet,light,stable,stable,TOO_WET
2026-04-25T17:26:27.441258+00:00,1777137987.441258,260,830,100.0,22.67,100.0,22.67,wet,light,stable,stable,TOO_WET
2026-04-25T17:26:29.554764+00:00,1777137989.5547643,260,831,100.0,22.53,100.0,22.65,wet,light,stable,stable,TOO_WET
2026-04-25T17:26:31.571544+00:00,1777137991.5715444,262,831,100.0,22.53,100.0,22.63,wet,light,stable,stable,TOO_WET
2026-04-25T17:26:33.546946+00:00,1777137993.546946,260,831,100.0,22.53,100.0,22.62,wet,light,stable,stable,TOO_WET
2026-04-25T17:26:35.414041+00:00,1777137995.4140408,262,831,100.0,22.53,100.0,22.6,wet,light,stable,stable,TOO_WET
2026-04-25T17:26:37.535719+00:00,1777137997.535719,261,831,100.0,22.53,100.0,22.58,wet,light,stable,stable,TOO_WET
2026-04-25T17:26:39.448102+00:00,1777137999.4481022,260,832,100.0,22.4,100.0,22.55,wet,light,stable,stable,TOO_WET
2026-04-25T17:26:41.531584+00:00,1777138001.5315843,259,834,100.0,22.13,100.0,22.48,wet,light,stable,stable,TOO_WET
2026-04-25T17:26:43.656146+00:00,1777138003.6561463,258,834,100.0,22.13,100.0,22.41,wet,light,stable,stable,TOO_WET
2026-04-25T17:26:45.481025+00:00,1777138005.4810252,257,828,100.0,22.93,100.0,22.46,wet,light,stable,stable,TOO_WET
2026-04-25T17:26:47.679294+00:00,1777138007.6792936,256,830,100.0,22.67,100.0,22.48,wet,light,stable,stable,TOO_WET
2026-04-25T17:26:49.527788+00:00,1777138009.5277877,257,831,100.0,22.53,100.0,22.48,wet,light,stable,stable,TOO_WET
2026-04-25T17:26:52.133513+00:00,1777138012.1335127,256,831,100.0,22.53,100.0,22.48,wet,light,stable,stable,TOO_WET
2026-04-25T17:26:53.611372+00:00,1777138013.6113722,256,832,100.0,22.4,100.0,22.46,wet,light,stable,stable,TOO_WET
2026-04-25T17:26:55.543239+00:00,1777138015.5432389,257,832,100.0,22.4,100.0,22.46,wet,light,stable,stable,TOO_WET
2026-04-25T17:26:57.608635+00:00,1777138017.6086354,257,832,100.0,22.4,100.0,22.5,wet,light,stable,stable,TOO_WET
2026-04-25T17:26:59.450814+00:00,1777138019.4508135,568,832,15.29,22.4,89.41,22.53,wet,light,falling,stable,TOO_WET
2026-04-25T17:27:02.437657+00:00,1777138022.4376574,568,832,15.29,22.4,78.82,22.47,wet,light,falling,stable,
2026-04-25T17:27:03.506997+00:00,1777138023.506997,568,832,15.29,22.4,68.23,22.43,optimal,light,falling,stable,
2026-04-25T17:27:05.808888+00:00,1777138025.8088884,568,832,15.29,22.4,57.64,22.42,optimal,light,falling,stable,
2026-04-25T17:27:07.650848+00:00,1777138027.6508477,568,832,15.29,22.4,47.06,22.4,optimal,light,falling,stable,
2026-04-25T17:27:09.486254+00:00,1777138029.486254,568,832,15.29,22.4,36.47,22.4,low,light,falling,stable,
2026-04-25T17:27:11.632047+00:00,1777138031.6320472,568,832,15.29,22.4,25.88,22.4,low,light,falling,stable,
2026-04-25T17:27:13.714026+00:00,1777138033.714026,568,832,15.29,22.4,15.29,22.4,dry,light,stable,stable,TOO_DRY
2026-04-25T17:27:30.740622+00:00,1777138050.7406218,597,880,6.76,16.0,14.22,21.6,dry,light,stable,stable,TOO_DRY
2026-04-25T17:27:32.424227+00:00,1777138052.4242272,568,883,15.29,15.6,14.22,20.75,dry,light,stable,falling,TOO_DRY
2026-04-25T17:27:34.406597+00:00,1777138054.406597,570,881,14.71,15.87,14.15,19.93,dry,light,stable,falling,TOO_DRY
2026-04-25T17:27:36.310719+00:00,1777138056.3107188,570,882,14.71,15.73,14.08,19.1,dry,light,stable,falling,TOO_DRY
2026-04-25T17:27:38.364904+00:00,1777138058.3649042,568,883,15.29,15.6,14.08,18.25,dry,light,stable,falling,TOO_DRY
2026-04-25T17:27:40.719007+00:00,1777138060.719007,568,882,15.29,15.73,14.08,17.42,dry,light,stable,falling,TOO_DRY
2026-04-25T17:27:42.285804+00:00,1777138062.2858038,568,882,15.29,15.73,14.08,16.58,dry,light,stable,stable,TOO_DRY
2026-04-25T17:27:44.404281+00:00,1777138064.4042814,568,882,15.29,15.73,14.08,15.75,dry,light,stable,stable,TOO_DRY
2026-04-25T17:27:46.345907+00:00,1777138066.3459072,568,883,15.29,15.6,15.14,15.7,dry,light,stable,stable,TOO_DRY
2026-04-25T17:27:48.623528+00:00,1777138068.6235278,568,882,15.29,15.73,15.14,15.71,dry,light,stable,stable,TOO_DRY
2026-04-25T17:27:50.267216+00:00,1777138070.267216,559,883,17.94,15.6,15.55,15.68,dry,light,stable,stable,TOO_DRY
2026-04-25T17:27:52.263813+00:00,1777138072.263813,567,882,15.59,15.73,15.66,15.68,dry,light,stable,stable,TOO_DRY
2026-04-25T17:27:54.337151+00:00,1777138074.3371513,567,883,15.59,15.6,15.7,15.68,dry,light,stable,stable,TOO_DRY
2026-04-25T17:28:24.613771+00:00,1777138104.6137714,274,882,100.0,15.73,100.0,15.73,wet,light,stable,stable,TOO_WET
2026-04-25T17:28:26.752508+00:00,1777138106.7525077,275,881,100.0,15.87,100.0,15.8,wet,light,stable,stable,TOO_WET
2026-04-25T17:28:28.605982+00:00,1777138108.6059823,268,881,100.0,15.87,100.0,15.82,wet,light,stable,stable,TOO_WET
2026-04-25T17:28:30.704802+00:00,1777138110.7048016,269,880,100.0,16.0,100.0,15.87,wet,light,stable,stable,TOO_WET
2026-04-25T17:28:32.758729+00:00,1777138112.7587287,270,880,100.0,16.0,100.0,15.89,wet,light,stable,stable,TOO_WET
2026-04-25T17:28:34.807513+00:00,1777138114.8075125,269,880,100.0,16.0,100.0,15.91,wet,light,stable,stable,TOO_WET
2026-04-25T17:28:36.733577+00:00,1777138116.7335765,270,881,100.0,15.87,100.0,15.91,wet,light,stable,stable,TOO_WET
2026-04-25T17:28:39.115042+00:00,1777138119.1150417,271,880,100.0,16.0,100.0,15.92,wet,light,stable,stable,TOO_WET
2026-04-25T17:28:40.736748+00:00,1777138120.7367482,270,880,100.0,16.0,100.0,15.95,wet,light,stable,stable,TOO_WET
2026-04-25T17:28:43.029415+00:00,1777138123.0294154,272,880,100.0,16.0,100.0,15.97,wet,light,stable,stable,TOO_WET
2026-04-25T17:28:45.071079+00:00,1777138125.0710793,270,881,100.0,15.87,100.0,15.97,wet,light,stable,stable,TOO_WET
2026-04-25T17:28:46.894168+00:00,1777138126.894168,272,880,100.0,16.0,100.0,15.97,wet,light,stable,stable,TOO_WET
2026-04-25T17:28:48.708849+00:00,1777138128.7088494,267,880,100.0,16.0,100.0,15.97,wet,light,stable,stable,TOO_WET
2026-04-25T17:28:50.986893+00:00,1777138130.9868927,267,880,100.0,16.0,100.0,15.97,wet,light,stable,stable,TOO_WET
2026-04-25T17:28:52.827751+00:00,1777138132.8277512,266,880,100.0,16.0,100.0,15.98,wet,light,stable,stable,TOO_WET
2026-04-25T17:28:54.853550+00:00,1777138134.8535502,269,881,100.0,15.87,100.0,15.97,wet,light,stable,stable,TOO_WET
2026-04-25T17:28:57.023030+00:00,1777138137.02303,265,881,100.0,15.87,100.0,15.95,wet,light,stable,stable,TOO_WET
2026-04-25T17:28:58.673004+00:00,1777138138.6730044,265,881,100.0,15.87,100.0,15.93,wet,light,stable,stable,TOO_WET
2026-04-25T17:29:00.919163+00:00,1777138140.919163,565,881,16.18,15.87,89.52,15.93,wet,light,falling,stable,TOO_WET
2026-04-25T17:29:03.352611+00:00,1777138143.3526108,563,881,16.76,15.87,79.12,15.92,wet,light,falling,stable,
2026-04-25T17:29:05.096218+00:00,1777138145.096218,564,881,16.47,15.87,68.68,15.9,optimal,light,falling,stable,
2026-04-25T17:29:06.850173+00:00,1777138146.8501728,563,881,16.76,15.87,58.27,15.89,optimal,light,falling,stable,
2026-04-25T17:29:08.641886+00:00,1777138148.641886,564,881,16.47,15.87,47.83,15.87,optimal,light,falling,stable,
2026-04-25T17:29:10.933995+00:00,1777138150.9339955,563,881,16.76,15.87,37.42,15.87,low,light,falling,stable,
2026-04-25T17:29:12.978384+00:00,1777138152.9783838,564,880,16.47,16.0,26.98,15.89,low,light,falling,stable,
2026-04-25T17:29:14.741860+00:00,1777138154.7418597,564,881,16.47,15.87,16.54,15.89,dry,light,stable,stable,TOO_DRY
2026-04-25T17:29:26.428899+00:00,1777138166.4288986,590,882,8.82,15.73,15.62,15.87,dry,light,stable,stable,TOO_DRY
2026-04-25T17:29:28.204731+00:00,1777138168.204731,563,883,16.76,15.6,15.62,15.83,dry,light,stable,stable,TOO_DRY
2026-04-25T17:29:30.089513+00:00,1777138170.0895126,563,883,16.76,15.6,15.66,15.8,dry,light,stable,stable,TOO_DRY
2026-04-25T17:29:32.057702+00:00,1777138172.057702,564,883,16.47,15.6,15.62,15.77,dry,light,stable,stable,TOO_DRY
2026-04-25T17:29:34.054432+00:00,1777138174.0544322,563,883,16.76,15.6,15.66,15.73,dry,light,stable,stable,TOO_DRY
2026-04-25T17:29:36.323116+00:00,1777138176.3231163,563,883,16.76,15.6,15.66,15.7,dry,light,stable,stable,TOO_DRY
2026-04-25T17:29:38.588545+00:00,1777138178.5885453,563,883,16.76,15.6,15.7,15.65,dry,light,stable,stable,TOO_DRY
2026-04-25T17:29:40.035835+00:00,1777138180.0358346,564,883,16.47,15.6,15.7,15.62,dry,light,stable,stable,TOO_DRY
2026-04-25T17:29:42.065503+00:00,1777138182.065503,564,882,16.47,15.73,16.65,15.62,dry,light,stable,stable,TOO_DRY
2026-04-25T17:29:44.860439+00:00,1777138184.8604386,563,883,16.76,15.6,16.65,15.62,dry,light,stable,stable,TOO_DRY
2026-04-25T17:29:46.394418+00:00,1777138186.3944182,564,883,16.47,15.6,16.62,15.62,dry,light,stable,stable,TOO_DRY
2026-04-25T17:29:48.557302+00:00,1777138188.557302,564,883,16.47,15.6,16.62,15.62,dry,light,stable,stable,TOO_DRY
2026-04-25T17:29:50.154239+00:00,1777138190.1542392,564,883,16.47,15.6,16.58,15.62,dry,light,stable,stable,TOO_DRY
2026-04-25T17:29:52.381619+00:00,1777138192.3816192,564,883,16.47,15.6,16.54,15.62,dry,light,stable,stable,TOO_DRY
2026-04-25T17:29:54.373646+00:00,1777138194.3736465,563,883,16.76,15.6,16.54,15.62,dry,light,stable,stable,TOO_DRY
2026-04-25T17:29:56.751054+00:00,1777138196.751054,564,883,16.47,15.6,16.54,15.62,dry,light,stable,stable,TOO_DRY
2026-04-25T17:29:58.544168+00:00,1777138198.5441678,564,883,16.47,15.6,16.54,15.6,dry,light,stable,stable,TOO_DRY
2026-04-25T17:30:00.493296+00:00,1777138200.493296,564,883,16.47,15.6,16.51,15.6,dry,light,stable,stable,TOO_DRY
2026-04-25T17:30:02.542756+00:00,1777138202.5427563,564,883,16.47,15.6,16.51,15.6,dry,light,stable,stable,TOO_DRY
2026-04-25T17:30:04.353933+00:00,1777138204.3539329,564,883,16.47,15.6,16.51,15.6,dry,light,stable,stable,TOO_DRY
2026-04-25T17:30:06.863983+00:00,1777138206.8639832,564,883,16.47,15.6,16.51,15.6,dry,light,stable,stable,TOO_DRY
2026-04-25T17:30:08.502765+00:00,1777138208.502765,563,883,16.76,15.6,16.54,15.6,dry,light,stable,stable,TOO_DRY
2026-04-25T17:30:10.260601+00:00,1777138210.260601,563,842,16.76,21.07,16.54,16.28,dry,light,stable,stable,TOO_DRY
2026-04-25T17:30:12.259407+00:00,1777138212.259407,564,840,16.47,21.33,16.54,17.0,dry,light,stable,stable,TOO_DRY
2026-04-25T17:30:14.557988+00:00,1777138214.5579882,563,840,16.76,21.33,16.58,17.72,dry,light,stable,rising,TOO_DRY
2026-04-25T17:30:16.540490+00:00,1777138216.5404897,563,840,16.76,21.33,16.62,18.43,dry,light,stable,rising,TOO_DRY
2026-04-25T17:30:18.770524+00:00,1777138218.7705243,564,840,16.47,21.33,16.62,19.15,dry,light,stable,rising,TOO_DRY
2026-04-25T18:55:04.539519+00:00,1777143304.5395188,565,834,16.18,22.13,16.58,19.96,dry,light,stable,rising,TOO_DRY
2026-04-25T18:55:06.477429+00:00,1777143306.4774292,566,835,15.88,22.0,15.88,22.0,dry,light,stable,stable,TOO_DRY
2026-04-25T18:55:23.411939+00:00,1777143323.4119391,598,876,6.47,16.53,11.18,19.27,dry,light,stable,stable,TOO_DRY
2026-04-25T18:55:39.858728+00:00,1777143339.858728,599,873,6.18,16.93,9.51,18.49,dry,light,stable,stable,TOO_DRY
2026-04-25T18:55:41.501616+00:00,1777143341.5016158,569,876,15.0,16.53,16.39,20.08,dry,light,stable,stable,TOO_DRY
2026-04-25T18:55:43.541995+00:00,1777143343.541995,569,872,15.0,17.07,10.88,18.13,dry,light,stable,stable,TOO_DRY
2026-04-25T18:55:45.487631+00:00,1777143345.4876308,569,872,15.0,17.07,16.18,20.27,dry,light,stable,stable,TOO_DRY
2026-04-25T18:55:49.426433+00:00,1777143349.4264326,569,872,15.0,17.07,11.71,17.92,dry,light,stable,stable,TOO_DRY
2026-04-25T18:55:51.420072+00:00,1777143351.4200718,570,222,14.71,100.0,15.92,30.13,dry,light,stable,rising,TOO_DRY
2026-04-25T18:55:53.467624+00:00,1777143353.4676244,569,652,15.0,46.4,15.73,33.27,dry,light,stable,rising,TOO_DRY
2026-04-25T18:55:55.547132+00:00,1777143355.547132,569,875,15.0,16.67,12.26,17.71,dry,light,rising,stable,TOO_DRY
2026-04-25T18:55:57.665694+00:00,1777143357.665694,569,872,15.0,17.07,15.52,32.73,dry,light,stable,rising,TOO_DRY
2026-04-25T18:55:59.522053+00:00,1777143359.5220528,569,873,15.0,16.93,12.65,17.6,dry,light,rising,stable,TOO_DRY
2026-04-25T18:56:01.458362+00:00,1777143361.458362,569,876,15.0,16.53,12.94,17.47,dry,light,rising,stable,TOO_DRY
2026-04-25T18:56:03.508062+00:00,1777143363.5080624,568,872,15.29,17.07,15.33,32.2,dry,light,stable,rising,TOO_DRY
2026-04-25T18:56:05.457896+00:00,1777143365.4578962,568,863,15.29,18.27,15.18,31.82,dry,light,stable,falling,TOO_DRY
2026-04-25T18:56:07.495904+00:00,1777143367.4959037,568,859,15.29,18.8,12.87,17.07,dry,light,rising,stable,TOO_DRY
2026-04-25T18:56:09.442307+00:00,1777143369.4423072,568,810,15.29,25.33,13.97,18.17,dry,light,stable,stable,TOO_DRY
2026-04-25T18:56:11.510597+00:00,1777143371.5105968,568,854,15.29,19.47,15.07,31.48,dry,light,stable,falling,TOO_DRY
2026-04-25T18:56:13.604134+00:00,1777143373.6041338,568,857,15.29,19.07,15.11,31.8,dry,light,stable,falling,TOO_DRY
2026-04-25T18:56:15.549950+00:00,1777143375.54995,568,868,15.29,17.6,15.11,18.25,dry,light,stable,stable,TOO_DRY
2026-04-25T18:56:17.539973+00:00,1777143377.539973,568,870,15.29,17.33,15.14,31.84,dry,light,stable,falling,TOO_DRY
2026-04-25T18:56:19.505852+00:00,1777143379.5058525,568,860,15.29,18.67,15.22,21.67,dry,light,stable,falling,TOO_DRY
2026-04-25T18:56:21.534584+00:00,1777143381.534584,568,858,15.29,18.93,15.14,18.48,dry,light,stable,rising,TOO_DRY
2026-04-25T18:56:23.504176+00:00,1777143383.5041764,568,852,15.29,19.73,15.25,18.34,dry,light,stable,stable,TOO_DRY
2026-04-25T18:56:25.525402+00:00,1777143385.525402,567,847,15.59,20.4,15.22,18.9,dry,light,stable,rising,TOO_DRY
2026-04-25T18:56:27.476349+00:00,1777143387.4763489,568,856,15.29,19.2,15.29,18.6,dry,light,stable,stable,TOO_DRY
2026-04-25T18:56:29.521343+00:00,1777143389.5213435,568,848,15.29,20.27,15.29,19.0,dry,light,stable,stable,TOO_DRY
2026-04-25T18:56:31.464707+00:00,1777143391.4647071,568,874,15.29,16.8,15.25,18.91,dry,light,stable,stable,TOO_DRY
2026-04-25T18:56:33.543706+00:00,1777143393.543706,568,863,15.29,18.27,15.29,19.08,dry,light,stable,stable,TOO_DRY
2026-04-25T18:56:35.578175+00:00,1777143395.5781748,568,866,15.29,17.87,15.29,18.95,dry,light,stable,stable,TOO_DRY
2026-04-25T18:56:39.508965+00:00,1777143399.5089655,568,833,15.29,22.27,15.33,19.8,dry,light,stable,stable,TOO_DRY
2026-04-25T18:56:41.498633+00:00,1777143401.498633,569,826,15.0,23.2,15.25,19.42,dry,light,stable,stable,TOO_DRY
2026-04-25T18:56:43.546511+00:00,1777143403.5465114,568,837,15.29,21.73,15.33,20.17,dry,light,stable,stable,TOO_DRY
2026-04-25T18:56:45.450171+00:00,1777143405.4501705,568,814,15.29,24.8,15.33,20.1,dry,light,stable,rising,TOO_DRY
2026-04-25T18:56:47.554861+00:00,1777143407.554861,568,815,15.29,24.67,15.25,20.12,dry,light,stable,stable,TOO_DRY
2026-04-25T18:56:49.480717+00:00,1777143409.4807167,568,814,15.29,24.8,15.33,21.0,dry,light,stable,rising,TOO_DRY
2026-04-25T18:56:51.464959+00:00,1777143411.4649587,568,808,15.29,25.6,15.25,21.15,dry,light,stable,rising,TOO_DRY
2026-04-25T18:56:53.502336+00:00,1777143413.5023355,568,864,15.29,18.13,15.25,21.08,dry,light,stable,rising,TOO_DRY
2026-04-25T18:56:55.527793+00:00,1777143415.5277932,568,827,15.29,23.07,15.33,21.52,dry,light,stable,rising,TOO_DRY
2026-04-25T18:56:57.821430+00:00,1777143417.8214302,568,839,15.29,21.47,15.25,21.3,dry,light,stable,stable,TOO_DRY
2026-04-25T18:56:59.523557+00:00,1777143419.5235572,569,819,15.0,24.13,15.25,21.98,dry,light,stable,rising,TOO_DRY
2026-04-25T18:57:01.481088+00:00,1777143421.4810884,568,826,15.29,23.2,15.25,21.8,dry,light,stable,stable,TOO_DRY
2026-04-25T18:57:03.516009+00:00,1777143423.5160093,568,848,15.29,20.27,15.25,21.8,dry,light,stable,stable,TOO_DRY
2026-04-25T18:57:05.585561+00:00,1777143425.585561,568,794,15.29,27.47,15.25,23.0,dry,light,stable,stable,TOO_DRY
2026-04-25T18:57:20.516341+00:00,1777143440.5163412,268,879,100.0,16.13,25.84,21.9,low,light,rising,stable,
2026-04-25T18:57:22.480763+00:00,1777143442.4807634,259,881,100.0,15.87,25.88,22.09,low,light,rising,stable,
2026-04-25T18:57:24.507427+00:00,1777143444.5074272,444,883,51.76,15.6,30.4,21.57,low,light,rising,falling,
2026-04-25T18:57:26.562975+00:00,1777143446.5629752,568,882,15.29,15.73,30.4,20.75,low,light,rising,falling,
2026-04-25T18:57:30.469007+00:00,1777143450.469007,568,875,15.29,16.67,25.88,21.09,low,light,rising,stable,
2026-04-25T18:57:32.492540+00:00,1777143452.4925404,567,877,15.59,16.4,25.92,19.93,low,light,rising,stable,
2026-04-25T18:57:34.449789+00:00,1777143454.4497893,568,879,15.29,16.13,30.4,20.05,low,light,rising,falling,
2026-04-25T18:57:36.489298+00:00,1777143456.489298,568,877,15.29,16.4,25.92,19.72,low,light,rising,falling,
2026-04-25T18:57:38.439515+00:00,1777143458.439515,568,879,15.29,16.13,25.92,19.05,low,light,falling,falling,
2026-04-25T18:57:40.530251+00:00,1777143460.5302505,568,878,15.29,16.27,30.4,18.98,low,light,falling,falling,
2026-04-25T18:57:42.524557+00:00,1777143462.5245566,568,878,15.29,16.27,25.92,18.18,low,light,falling,falling,
2026-04-25T18:57:44.470840+00:00,1777143464.4708395,568,878,15.29,16.27,30.4,17.92,low,light,falling,falling,
2026-04-25T18:57:46.836372+00:00,1777143466.8363721,568,877,15.29,16.4,30.4,17.08,low,light,falling,stable,
2026-04-25T18:57:50.529977+00:00,1777143470.5299773,568,876,15.29,16.53,25.92,17.72,low,light,falling,stable,
2026-04-25T18:57:54.513947+00:00,1777143474.5139468,568,878,15.29,16.27,30.44,16.1,low,light,falling,stable,
2026-04-25T18:57:56.465214+00:00,1777143476.4652143,567,880,15.59,16.0,25.95,16.28,low,light,falling,stable,
2026-04-25T18:57:58.505648+00:00,1777143478.5056484,568,874,15.29,16.8,19.85,16.18,dry,light,falling,stable,TOO_DRY
2026-04-25T18:58:01.475477+00:00,1777143481.4754772,596,872,7.06,17.07,14.34,16.43,dry,light,stable,stable,TOO_DRY
2026-04-25T18:58:03.423640+00:00,1777143483.4236398,566,872,15.88,17.07,14.41,16.48,dry,light,stable,stable,TOO_DRY
2026-04-25T18:58:05.478004+00:00,1777143485.4780035,566,873,15.88,16.93,15.36,16.35,dry,light,stable,stable,TOO_DRY
2026-04-25T18:58:07.520473+00:00,1777143487.5204732,566,859,15.88,18.8,15.44,16.73,dry,light,stable,stable,TOO_DRY
2026-04-25T18:58:09.467130+00:00,1777143489.46713,565,856,16.18,19.2,14.48,16.83,dry,light,stable,stable,TOO_DRY
2026-04-25T18:58:11.509257+00:00,1777143491.5092573,566,836,15.88,21.87,15.51,17.45,dry,light,stable,stable,TOO_DRY
2026-04-25T18:58:13.668911+00:00,1777143493.6689107,565,826,16.18,23.2,15.62,18.32,dry,light,stable,rising,TOO_DRY
2026-04-25T18:58:15.503389+00:00,1777143495.5033886,566,863,15.88,18.27,14.56,17.07,dry,light,stable,stable,TOO_DRY
2026-04-25T18:58:17.445001+00:00,1777143497.4450011,566,834,15.88,22.13,14.63,17.82,dry,light,stable,stable,TOO_DRY
2026-04-25T18:58:19.510551+00:00,1777143499.5105515,566,806,15.88,25.87,15.7,19.52,dry,light,stable,rising,TOO_DRY
2026-04-25T18:58:21.569467+00:00,1777143501.5694666,566,850,15.88,20.0,14.71,18.28,dry,light,stable,rising,TOO_DRY
2026-04-25T18:58:23.597155+00:00,1777143503.5971546,565,869,16.18,17.47,15.81,19.65,dry,light,stable,rising,TOO_DRY
2026-04-25T18:58:25.538322+00:00,1777143505.5383222,566,831,15.88,22.53,15.88,20.43,dry,light,stable,rising,TOO_DRY
2026-04-25T18:58:27.567276+00:00,1777143507.5672758,566,813,15.88,24.93,14.78,19.33,dry,light,stable,rising,TOO_DRY
2026-04-25T18:58:29.527653+00:00,1777143509.5276535,566,823,15.88,23.6,15.96,21.28,dry,light,stable,stable,TOO_DRY
2026-04-25T18:58:31.580835+00:00,1777143511.5808349,565,823,16.18,23.6,15.99,22.12,dry,light,stable,stable,TOO_DRY
2026-04-25T18:58:33.544097+00:00,1777143513.5440967,565,692,16.18,41.07,14.85,22.47,dry,light,stable,rising,TOO_DRY
2026-04-25T18:58:35.584556+00:00,1777143515.5845556,566,798,15.88,26.93,15.96,23.7,dry,light,stable,rising,TOO_DRY
2026-04-25T18:58:37.472619+00:00,1777143517.4726188,565,813,16.18,24.93,16.03,22.88,dry,light,stable,stable,TOO_DRY
2026-04-25T18:58:41.515445+00:00,1777143521.515445,566,830,15.88,22.67,15.96,24.4,dry,light,stable,rising,TOO_DRY
2026-04-25T18:58:43.555921+00:00,1777143523.5559213,565,827,16.18,23.07,16.07,23.03,dry,light,stable,stable,TOO_DRY
2026-04-25T18:58:45.522413+00:00,1777143525.522413,565,828,16.18,22.93,15.96,24.87,dry,light,stable,rising,TOO_DRY
2026-04-25T18:58:47.559961+00:00,1777143527.5599606,565,823,16.18,23.6,16.07,23.08,dry,light,stable,stable,TOO_DRY
2026-04-25T18:58:49.597449+00:00,1777143529.5974493,566,808,15.88,25.6,16.07,23.05,dry,light,stable,stable,TOO_DRY
2026-04-25T18:58:51.454126+00:00,1777143531.4541264,566,813,15.88,24.93,15.96,25.7,dry,light,stable,stable,TOO_DRY
2026-04-25T18:58:53.490436+00:00,1777143533.4904356,565,803,16.18,26.27,16.07,24.15,dry,light,stable,stable,TOO_DRY
2026-04-25T18:58:55.545190+00:00,1777143535.54519,566,800,15.88,26.67,16.07,24.67,dry,light,stable,stable,TOO_DRY
2026-04-25T18:58:57.491918+00:00,1777143537.4919178,565,820,16.18,24.0,15.99,25.93,dry,light,stable,falling,TOO_DRY
2026-04-25T18:58:59.638061+00:00,1777143539.638061,566,817,15.88,24.4,15.99,26.48,dry,light,stable,falling,TOO_DRY
2026-04-25T18:59:01.451226+00:00,1777143541.4512265,566,805,15.88,26.0,16.07,24.97,dry,light,stable,stable,TOO_DRY
2026-04-25T18:59:03.591767+00:00,1777143543.5917673,566,808,15.88,25.6,16.03,25.22,dry,light,stable,stable,TOO_DRY
2026-04-25T18:59:05.685806+00:00,1777143545.6858056,566,819,15.88,24.13,15.99,26.38,dry,light,stable,falling,TOO_DRY
2026-04-25T18:59:07.540987+00:00,1777143547.5409875,565,791,16.18,27.87,15.99,24.73,dry,light,stable,stable,TOO_DRY
2026-04-25T18:59:09.594223+00:00,1777143549.5942228,565,806,16.18,25.87,16.03,25.34,dry,light,stable,stable,TOO_DRY
2026-04-25T18:59:11.518465+00:00,1777143551.5184653,566,816,15.88,24.53,15.99,24.43,dry,light,stable,stable,TOO_DRY
2026-04-25T18:59:13.564112+00:00,1777143553.5641124,566,804,15.88,26.13,15.99,25.72,dry,light,stable,stable,TOO_DRY
2026-04-25T18:59:15.527665+00:00,1777143555.5276651,565,814,16.18,24.8,15.99,25.87,dry,light,stable,stable,TOO_DRY
2026-04-25T18:59:17.559360+00:00,1777143557.5593598,566,817,15.88,24.4,15.99,24.65,dry,light,stable,stable,TOO_DRY
2026-04-25T18:59:19.605897+00:00,1777143559.6058974,565,811,16.18,25.2,16.03,25.82,dry,light,stable,stable,TOO_DRY
2026-04-25T18:59:21.514091+00:00,1777143561.5140905,566,792,15.88,27.73,15.99,26.0,dry,light,stable,stable,TOO_DRY
2026-04-25T18:59:23.513754+00:00,1777143563.5137537,566,797,15.88,27.07,15.96,25.17,dry,light,stable,stable,TOO_DRY
2026-04-25T18:59:25.542508+00:00,1777143565.542508,566,788,15.88,28.27,15.96,25.58,dry,light,stable,stable,TOO_DRY
2026-04-25T18:59:27.621670+00:00,1777143567.6216702,565,789,16.18,28.13,16.03,26.18,dry,light,stable,stable,TOO_DRY
2026-04-25T18:59:29.535934+00:00,1777143569.5359337,566,800,15.88,26.67,16.03,26.27,dry,light,stable,stable,TOO_DRY
2026-04-25T18:59:33.542470+00:00,1777143573.5424697,566,872,15.88,17.07,15.92,24.72,dry,light,stable,stable,TOO_DRY
2026-04-25T18:59:37.521739+00:00,1777143577.5217385,566,872,15.88,17.07,16.03,25.2,dry,light,stable,stable,TOO_DRY
2026-04-25T18:59:39.578893+00:00,1777143579.5788927,566,872,15.88,17.07,15.92,23.8,dry,light,stable,stable,TOO_DRY
2026-04-25T18:59:41.523540+00:00,1777143581.52354,566,872,15.88,17.07,15.99,24.1,dry,light,stable,falling,TOO_DRY
2026-04-25T18:59:43.550279+00:00,1777143583.5502791,566,872,15.88,17.07,15.92,22.92,dry,light,stable,falling,TOO_DRY
2026-04-25T18:59:45.612590+00:00,1777143585.61259,566,872,15.88,17.07,15.88,21.57,dry,light,stable,falling,TOO_DRY
2026-04-25T18:59:47.566697+00:00,1777143587.5666971,565,872,16.18,17.07,16.03,22.97,dry,light,stable,falling,TOO_DRY
2026-04-25T18:59:49.610456+00:00,1777143589.6104562,565,872,16.18,17.07,15.92,20.64,dry,light,stable,falling,TOO_DRY
2026-04-25T18:59:51.568503+00:00,1777143591.5685031,566,872,15.88,17.07,15.99,22.0,dry,light,stable,falling,TOO_DRY
2026-04-25T18:59:53.533361+00:00,1777143593.5333614,566,872,15.88,17.07,15.96,20.98,dry,light,stable,falling,TOO_DRY
2026-04-25T18:59:55.629320+00:00,1777143595.6293201,566,872,15.88,17.07,15.92,19.72,dry,light,stable,falling,TOO_DRY
2026-04-25T18:59:57.613156+00:00,1777143597.6131556,566,872,15.88,17.07,15.96,19.65,dry,light,stable,falling,TOO_DRY
2026-04-25T18:59:59.642537+00:00,1777143599.642537,566,873,15.88,16.93,15.92,18.45,dry,light,stable,stable,TOO_DRY
2026-04-25T19:00:01.608924+00:00,1777143601.6089237,566,872,15.88,17.07,15.92,18.27,dry,light,stable,stable,TOO_DRY
2026-04-25T19:00:06.771938+00:00,1777143606.7719383,596,866,7.06,17.87,14.82,17.15,dry,light,stable,stable,TOO_DRY
2026-04-25T19:00:08.763040+00:00,1777143608.7630398,566,872,15.88,17.07,15.92,17.07,dry,light,stable,stable,TOO_DRY
2026-04-25T19:00:10.709971+00:00,1777143610.7099712,565,872,16.18,17.07,14.85,17.15,dry,light,stable,stable,TOO_DRY
2026-04-25T19:00:12.756840+00:00,1777143612.7568405,566,872,15.88,17.07,15.92,17.07,dry,light,stable,stable,TOO_DRY
2026-04-25T19:00:14.804509+00:00,1777143614.804509,565,871,16.18,17.2,15.96,17.09,dry,light,stable,stable,TOO_DRY
2026-04-25T19:00:16.762949+00:00,1777143616.7629492,566,872,15.88,17.07,14.85,17.15,dry,light,stable,stable,TOO_DRY
2026-04-25T19:00:18.723208+00:00,1777143618.7232082,566,872,15.88,17.07,15.92,17.09,dry,light,stable,stable,TOO_DRY
2026-04-25T19:00:22.760126+00:00,1777143622.7601256,566,872,15.88,17.07,14.85,17.15,dry,light,stable,stable,TOO_DRY
2026-04-25T19:00:24.729897+00:00,1777143624.7298968,565,872,16.18,17.07,15.96,17.09,dry,light,stable,stable,TOO_DRY
2026-04-25T19:00:26.883867+00:00,1777143626.8838665,566,872,15.88,17.07,15.96,17.09,dry,light,stable,stable,TOO_DRY
2026-04-25T19:00:28.826787+00:00,1777143628.8267875,566,872,15.88,17.07,14.85,17.15,dry,light,stable,stable,TOO_DRY
2026-04-25T19:00:30.820695+00:00,1777143630.8206947,568,871,15.29,17.2,14.74,17.17,dry,light,stable,stable,TOO_DRY
2026-04-25T19:00:32.769753+00:00,1777143632.7697525,566,872,15.88,17.07,15.96,17.09,dry,light,stable,stable,TOO_DRY
2026-04-25T19:00:34.763508+00:00,1777143634.7635083,566,872,15.88,17.07,14.74,17.17,dry,light,stable,stable,TOO_DRY
2026-04-25T19:00:36.827501+00:00,1777143636.8275008,566,872,15.88,17.07,14.74,17.19,dry,light,stable,stable,TOO_DRY
2026-04-25T19:00:38.795639+00:00,1777143638.7956388,565,872,16.18,17.07,15.99,17.09,dry,light,stable,stable,TOO_DRY
2026-04-25T19:00:40.814579+00:00,1777143640.8145792,566,872,15.88,17.07,15.99,17.09,dry,light,stable,stable,TOO_DRY
2026-04-25T19:00:42.862980+00:00,1777143642.8629801,566,872,15.88,17.07,15.84,17.09,dry,light,stable,stable,TOO_DRY
2026-04-25T19:00:44.819120+00:00,1777143644.81912,566,873,15.88,16.93,15.81,17.07,dry,light,stable,stable,TOO_DRY
2026-04-25T19:00:46.748989+00:00,1777143646.7489886,566,872,15.88,17.07,15.99,17.09,dry,light,stable,stable,TOO_DRY
2026-04-25T19:00:48.796812+00:00,1777143648.796812,566,872,15.88,17.07,15.96,17.07,dry,light,stable,stable,TOO_DRY
2026-04-25T19:00:50.755355+00:00,1777143650.7553546,565,873,16.18,16.93,15.84,17.05,dry,light,stable,stable,TOO_DRY
2026-04-25T19:00:53.215699+00:00,1777143653.2156992,566,873,15.88,16.93,15.96,17.05,dry,light,stable,stable,TOO_DRY
2026-04-25T19:00:54.851627+00:00,1777143654.851627,566,873,15.88,16.93,15.84,17.03,dry,light,stable,stable,TOO_DRY
2026-04-25T19:00:56.807866+00:00,1777143656.8078656,566,872,15.88,17.07,15.92,17.05,dry,light,stable,stable,TOO_DRY
2026-04-25T19:01:00.809877+00:00,1777143660.8098767,565,872,16.18,17.07,15.88,17.03,dry,light,stable,stable,TOO_DRY
2026-04-25T19:01:02.853315+00:00,1777143662.8533149,566,883,15.88,15.6,15.92,16.87,dry,light,stable,stable,TOO_DRY
2026-04-25T19:01:04.860901+00:00,1777143664.8609014,565,871,16.18,17.2,15.96,16.89,dry,light,stable,stable,TOO_DRY
2026-04-25T19:01:06.819793+00:00,1777143666.8197927,566,869,15.88,17.47,15.96,17.07,dry,light,stable,stable,TOO_DRY
2026-04-25T19:01:08.879199+00:00,1777143668.8791986,598,874,6.47,16.8,14.74,16.85,dry,light,stable,stable,TOO_DRY
2026-04-25T19:01:10.817091+00:00,1777143670.817091,566,847,15.88,20.4,14.74,17.27,dry,light,stable,stable,TOO_DRY
2026-04-25T19:01:12.858239+00:00,1777143672.8582392,566,305,15.88,92.67,15.96,26.52,dry,light,stable,rising,TOO_DRY
2026-04-25T19:01:15.010525+00:00,1777143675.0105245,565,166,16.18,100.0,14.78,27.63,dry,light,stable,rising,TOO_DRY
2026-04-25T19:01:16.869249+00:00,1777143676.869249,565,469,16.18,70.8,15.99,33.23,dry,light,stable,rising,TOO_DRY
2026-04-25T19:01:18.906588+00:00,1777143678.9065876,566,864,15.88,18.13,15.99,33.37,dry,light,stable,rising,TOO_DRY
2026-04-25T19:01:20.866311+00:00,1777143680.866311,566,850,15.88,20.0,14.78,28.0,dry,light,stable,rising,TOO_DRY
2026-04-25T19:01:22.806356+00:00,1777143682.8063564,565,851,16.18,19.87,16.03,33.73,dry,light,stable,rising,TOO_DRY
2026-04-25T19:01:24.844117+00:00,1777143684.844117,566,851,15.88,19.87,15.99,34.1,dry,light,stable,falling,TOO_DRY
2026-04-25T19:01:26.905878+00:00,1777143686.9058783,566,860,15.88,18.67,14.78,28.22,dry,light,stable,rising,TOO_DRY
2026-04-25T19:01:28.942478+00:00,1777143688.9424784,565,854,16.18,19.47,16.03,34.42,dry,light,stable,falling,TOO_DRY
2026-04-25T19:01:30.847069+00:00,1777143690.8470693,565,864,16.18,18.13,14.82,28.35,dry,light,stable,rising,TOO_DRY
2026-04-25T19:01:32.833198+00:00,1777143692.833198,565,857,16.18,19.07,14.85,28.78,dry,light,stable,falling,TOO_DRY
2026-04-25T19:01:34.881520+00:00,1777143694.8815196,565,858,16.18,18.93,16.03,34.65,dry,light,stable,falling,TOO_DRY
2026-04-25T19:01:36.942234+00:00,1777143696.9422336,565,849,16.18,20.13,14.85,29.15,dry,light,stable,falling,TOO_DRY
2026-04-25T19:01:38.883685+00:00,1777143698.8836846,565,853,16.18,19.6,16.07,34.92,dry,light,stable,falling,TOO_DRY
2026-04-25T19:01:40.925232+00:00,1777143700.9252317,566,864,15.88,18.13,16.07,25.6,dry,light,stable,falling,TOO_DRY
2026-04-25T19:01:43.059481+00:00,1777143703.0594807,566,854,15.88,19.47,16.03,29.48,dry,light,stable,falling,TOO_DRY
2026-04-25T19:01:44.935888+00:00,1777143704.9358878,565,838,16.18,21.6,16.07,29.63,dry,light,stable,falling,TOO_DRY
2026-04-25T19:01:46.884925+00:00,1777143706.8849254,566,853,15.88,19.6,16.03,19.58,dry,light,stable,stable,TOO_DRY
2026-04-25T19:01:48.865044+00:00,1777143708.8650436,566,844,15.88,20.8,16.03,19.35,dry,light,stable,stable,TOO_DRY
2026-04-25T19:01:50.968511+00:00,1777143710.9685106,566,845,15.88,20.67,16.03,19.67,dry,light,stable,stable,TOO_DRY
2026-04-25T19:01:52.929133+00:00,1777143712.9291334,565,858,16.18,18.93,16.07,19.45,dry,light,stable,stable,TOO_DRY
2026-04-25T19:01:54.937341+00:00,1777143714.9373407,565,853,16.18,19.6,16.07,19.78,dry,light,stable,stable,TOO_DRY
2026-04-25T19:01:56.897474+00:00,1777143716.8974743,566,850,15.88,20.0,16.03,19.47,dry,light,stable,stable,TOO_DRY
2026-04-25T19:01:58.940873+00:00,1777143718.9408727,566,859,15.88,18.8,16.03,19.33,dry,light,stable,stable,TOO_DRY
2026-04-25T19:02:00.884406+00:00,1777143720.884406,566,857,15.88,19.07,16.03,19.9,dry,light,stable,stable,TOO_DRY
2026-04-25T19:02:02.841637+00:00,1777143722.841637,565,862,16.18,18.4,16.03,19.2,dry,light,stable,stable,TOO_DRY
2026-04-25T19:02:04.869378+00:00,1777143724.8693776,565,870,16.18,17.33,16.03,19.0,dry,light,stable,stable,TOO_DRY
2026-04-25T19:02:06.936923+00:00,1777143726.9369228,565,871,16.18,17.2,16.03,19.67,dry,light,stable,stable,TOO_DRY
2026-04-25T19:02:10.416180+00:00,1777143730.4161797,594,873,7.65,16.93,14.96,19.27,dry,light,stable,stable,TOO_DRY
2026-04-25T19:02:12.484057+00:00,1777143732.4840572,566,876,15.88,16.53,15.99,18.61,dry,light,stable,stable,TOO_DRY
2026-04-25T19:02:14.746519+00:00,1777143734.7465189,566,876,15.88,16.53,15.99,18.41,dry,light,stable,stable,TOO_DRY
2026-04-25T19:02:16.595423+00:00,1777143736.5954227,566,876,15.88,16.53,14.96,18.9,dry,light,stable,stable,TOO_DRY
2026-04-25T19:02:18.604078+00:00,1777143738.604078,565,876,16.18,16.53,14.96,18.27,dry,light,stable,stable,TOO_DRY
2026-04-25T19:02:20.472748+00:00,1777143740.4727476,565,876,16.18,16.53,16.03,17.88,dry,light,stable,stable,TOO_DRY
2026-04-25T19:02:24.470199+00:00,1777143744.4701986,565,876,16.18,16.53,15.0,17.88,dry,light,stable,stable,TOO_DRY
2026-04-25T19:02:26.487709+00:00,1777143746.4877086,568,874,15.29,16.8,15.92,17.62,dry,light,stable,stable,TOO_DRY
2026-04-25T19:02:28.694384+00:00,1777143748.6943836,566,876,15.88,16.53,15.0,17.37,dry,light,stable,stable,TOO_DRY
2026-04-25T19:02:30.479917+00:00,1777143750.4799173,566,875,15.88,16.67,15.92,17.2,dry,light,stable,stable,TOO_DRY
2026-04-25T19:02:32.539286+00:00,1777143752.5392864,566,876,15.88,16.53,15.92,16.91,dry,light,stable,stable,TOO_DRY
2026-04-25T19:02:34.472869+00:00,1777143754.4728687,565,876,16.18,16.53,15.0,16.98,dry,light,stable,stable,TOO_DRY
2026-04-25T19:02:36.595950+00:00,1777143756.5959501,565,876,16.18,16.53,15.92,16.68,dry,light,stable,stable,TOO_DRY
2026-04-25T19:02:40.448409+00:00,1777143760.448409,264,875,100.0,16.67,25.52,16.68,low,light,rising,stable,
2026-04-25T19:02:44.498436+00:00,1777143764.4984362,267,875,100.0,16.67,26.4,16.6,low,light,rising,stable,
2026-04-25T19:02:46.485505+00:00,1777143766.4855046,265,875,100.0,16.67,35.99,16.62,low,light,rising,stable,
2026-04-25T19:02:48.552113+00:00,1777143768.5521128,268,875,100.0,16.67,36.91,16.62,low,light,rising,stable,
2026-04-25T19:02:50.463755+00:00,1777143770.4637554,269,875,100.0,16.67,47.54,16.58,optimal,light,rising,stable,
2026-04-25T19:02:52.548449+00:00,1777143772.5484486,273,875,100.0,16.67,58.05,16.6,optimal,light,rising,stable,
2026-04-25T19:02:56.499897+00:00,1777143776.4998965,275,846,100.0,20.53,47.43,17.12,optimal,light,rising,stable,
2026-04-25T19:02:58.649997+00:00,1777143778.6499965,273,847,100.0,20.4,68.53,17.08,optimal,light,rising,stable,
2026-04-25T19:03:00.599261+00:00,1777143780.5992606,274,847,100.0,20.4,79.01,17.57,wet,light,rising,stable,
2026-04-25T19:03:04.597728+00:00,1777143784.597728,272,842,100.0,21.07,89.52,18.14,wet,light,rising,stable,TOO_WET
2026-04-25T19:03:06.531185+00:00,1777143786.531185,269,837,100.0,21.73,57.9,17.77,optimal,light,rising,stable,
2026-04-25T19:03:08.605898+00:00,1777143788.605898,271,841,100.0,21.2,100.0,18.72,wet,light,stable,rising,TOO_WET
2026-04-25T19:03:10.523881+00:00,1777143790.523881,274,842,100.0,21.07,68.49,18.3,optimal,light,rising,rising,
2026-04-25T19:03:12.674761+00:00,1777143792.6747613,267,837,100.0,21.73,79.01,18.93,wet,light,rising,rising,
2026-04-25T19:03:14.625076+00:00,1777143794.6250763,268,838,100.0,21.6,100.0,19.34,wet,light,stable,rising,TOO_WET
2026-04-25T19:03:16.466366+00:00,1777143796.4663663,268,836,100.0,21.87,100.0,19.98,wet,light,stable,stable,TOO_WET
2026-04-25T19:03:18.516645+00:00,1777143798.516645,264,837,100.0,21.73,89.52,19.58,wet,light,rising,rising,TOO_WET
2026-04-25T19:03:20.551852+00:00,1777143800.551852,268,836,100.0,21.87,100.0,20.64,wet,light,stable,stable,TOO_WET
2026-04-25T19:03:22.505117+00:00,1777143802.5051167,282,835,99.41,22.0,99.93,20.27,wet,light,stable,stable,TOO_WET
2026-04-25T19:03:24.555938+00:00,1777143804.5559378,562,836,17.06,21.87,89.56,20.92,wet,light,falling,stable,TOO_WET
2026-04-25T19:03:28.663534+00:00,1777143808.6635342,565,835,16.18,22.0,89.52,21.3,wet,light,falling,stable,TOO_WET
2026-04-25T19:03:30.495017+00:00,1777143810.4950168,565,833,16.18,22.27,79.08,21.62,wet,light,falling,stable,
2026-04-25T19:03:32.503911+00:00,1777143812.5039115,565,834,16.18,22.13,79.05,21.52,wet,light,falling,stable,
2026-04-25T19:03:34.589427+00:00,1777143814.5894275,565,557,16.18,59.07,68.57,26.35,optimal,light,falling,rising,
2026-04-25T19:03:36.556916+00:00,1777143816.5569162,565,540,16.18,61.33,68.6,26.72,optimal,light,falling,rising,
2026-04-25T19:03:38.584942+00:00,1777143818.5849419,565,536,16.18,61.87,58.09,31.45,optimal,light,falling,rising,
2026-04-25T19:03:40.530310+00:00,1777143820.53031,565,535,16.18,62.0,47.61,36.55,optimal,light,falling,rising,
2026-04-25T19:03:42.472952+00:00,1777143822.472952,565,532,16.18,62.4,58.13,31.8,optimal,light,falling,rising,
2026-04-25T19:03:44.589350+00:00,1777143824.58935,565,531,16.18,62.53,37.13,41.67,low,light,falling,rising,
2026-04-25T19:03:46.681159+00:00,1777143826.681159,565,529,16.18,62.8,47.65,37.02,optimal,light,falling,rising,
2026-04-25T19:03:48.514352+00:00,1777143828.5143523,565,530,16.18,62.67,37.17,42.13,low,light,falling,rising,
2026-04-25T19:03:52.612839+00:00,1777143832.6128392,565,535,16.18,62.0,26.66,46.68,low,moderate,falling,rising,
2026-04-25T19:03:54.553236+00:00,1777143834.553236,565,536,16.18,61.87,26.69,47.15,low,moderate,falling,rising,
2026-04-25T19:03:56.499594+00:00,1777143836.499594,565,542,16.18,61.07,16.18,51.58,dry,moderate,stable,rising,TOO_DRY
2026-04-25T19:03:58.552569+00:00,1777143838.5525692,565,550,16.18,60.0,16.29,51.9,dry,moderate,stable,rising,TOO_DRY
2026-04-25T19:04:03.211255+00:00,1777143843.2112548,596,596,7.06,53.87,15.04,55.9,dry,moderate,stable,rising,TOO_DRY
2026-04-25T19:04:05.284826+00:00,1777143845.2848258,565,579,16.18,56.13,16.18,55.85,dry,moderate,stable,rising,TOO_DRY
2026-04-25T19:04:07.154314+00:00,1777143847.1543138,565,587,16.18,55.07,15.04,60.0,dry,moderate,stable,falling,TOO_DRY
2026-04-25T19:04:09.159292+00:00,1777143849.1592922,565,597,16.18,53.73,15.04,59.05,dry,moderate,stable,falling,TOO_DRY
2026-04-25T19:04:11.233585+00:00,1777143851.233585,565,648,16.18,46.93,16.18,58.95,dry,moderate,stable,falling,TOO_DRY
2026-04-25T19:04:17.284764+00:00,1777143857.2847638,594,658,7.65,45.6,13.97,56.95,dry,moderate,falling,falling,TOO_DRY
2026-04-25T19:04:19.331700+00:00,1777143859.3317,566,638,15.88,48.27,13.94,55.13,dry,moderate,stable,falling,TOO_DRY
2026-04-25T19:04:21.318974+00:00,1777143861.3189735,565,633,16.18,48.93,16.18,57.68,dry,moderate,stable,falling,TOO_DRY
2026-04-25T19:04:23.431931+00:00,1777143863.431931,566,642,15.88,47.73,13.9,53.27,dry,moderate,stable,falling,TOO_DRY
2026-04-25T19:04:25.277205+00:00,1777143865.277205,567,655,15.59,46.0,13.82,51.28,dry,moderate,stable,falling,TOO_DRY
2026-04-25T19:04:27.317348+00:00,1777143867.317348,568,667,15.29,44.4,16.07,55.5,dry,moderate,stable,falling,TOO_DRY
2026-04-25T19:04:29.419632+00:00,1777143869.4196322,567,658,15.59,45.6,13.75,49.48,dry,moderate,rising,falling,TOO_DRY
2026-04-25T19:04:33.385379+00:00,1777143873.3853793,565,778,16.18,29.6,16.07,51.45,dry,moderate,stable,falling,TOO_DRY
2026-04-25T19:04:35.328367+00:00,1777143875.328367,565,713,16.18,38.27,14.89,47.53,dry,moderate,stable,falling,TOO_DRY
2026-04-25T19:04:37.406888+00:00,1777143877.4068878,565,840,16.18,21.33,14.89,43.32,dry,light,stable,falling,TOO_DRY
2026-04-25T19:04:39.299495+00:00,1777143879.2994952,565,868,16.18,17.6,16.07,45.83,dry,moderate,stable,falling,TOO_DRY
2026-04-25T19:04:41.354073+00:00,1777143881.3540726,565,716,16.18,37.87,16.07,42.82,dry,light,stable,falling,TOO_DRY
2026-04-25T19:04:45.344877+00:00,1777143885.3448772,566,700,15.88,40.0,14.85,41.6,dry,light,stable,falling,TOO_DRY
2026-04-25T19:05:05.065054+00:00,1777143905.0650544,566,285,15.88,95.33,15.88,47.82,dry,moderate,stable,stable,TOO_DRY
2026-04-25T19:05:07.051092+00:00,1777143907.051092,566,332,15.88,89.07,15.88,52.92,dry,moderate,stable,rising,TOO_DRY
2026-04-25T19:05:09.036011+00:00,1777143909.0360115,566,319,15.88,90.8,15.88,58.3,dry,moderate,stable,rising,TOO_DRY
2026-04-25T19:05:11.044677+00:00,1777143911.044677,566,321,15.88,90.53,15.92,63.87,dry,moderate,stable,rising,TOO_DRY
2026-04-25T19:05:13.216475+00:00,1777143913.2164748,565,371,16.18,83.87,15.99,68.65,dry,moderate,stable,rising,TOO_DRY|RAIN_HEAVY
2026-04-25T19:05:15.029856+00:00,1777143915.029856,565,293,16.18,94.27,15.99,75.65,dry,heavy,stable,rising,TOO_DRY|RAIN_HEAVY
2026-04-25T19:05:17.086631+00:00,1777143917.086631,566,316,15.88,91.2,15.96,84.38,dry,heavy,stable,rising,TOO_DRY|RAIN_HEAVY
2026-04-25T19:05:19.024671+00:00,1777143919.0246713,565,317,16.18,91.07,15.99,90.77,dry,heavy,stable,stable,TOO_DRY|RAIN_HEAVY
2026-04-25T19:05:21.086346+00:00,1777143921.0863457,565,327,16.18,89.73,16.03,90.07,dry,heavy,stable,stable,TOO_DRY|RAIN_HEAVY
2026-04-25T19:05:23.133658+00:00,1777143923.1336577,566,287,15.88,95.07,16.03,90.82,dry,heavy,stable,stable,TOO_DRY|RAIN_HEAVY
2026-04-25T19:05:25.030622+00:00,1777143925.0306222,565,257,16.18,99.07,16.07,91.85,dry,heavy,stable,rising,TOO_DRY|RAIN_HEAVY
2026-04-25T19:05:27.041219+00:00,1777143927.0412195,565,269,16.18,97.47,16.11,92.72,dry,heavy,stable,rising,TOO_DRY|RAIN_HEAVY
2026-04-25T19:05:29.114702+00:00,1777143929.1147017,565,365,16.18,84.67,16.11,92.82,dry,heavy,stable,stable,TOO_DRY|RAIN_HEAVY
2026-04-25T19:05:31.076948+00:00,1777143931.0769484,566,322,15.88,90.4,16.07,92.33,dry,heavy,stable,stable,TOO_DRY|RAIN_HEAVY
2026-04-25T19:05:33.064931+00:00,1777143933.0649314,565,333,16.18,88.93,16.11,92.05,dry,heavy,stable,falling,TOO_DRY|RAIN_HEAVY
2026-04-25T19:05:35.065991+00:00,1777143935.0659912,565,339,16.18,88.13,16.11,91.68,dry,heavy,stable,falling,TOO_DRY|RAIN_HEAVY
2026-04-25T19:05:37.074399+00:00,1777143937.0743995,565,343,16.18,87.6,16.11,91.42,dry,heavy,stable,falling,TOO_DRY|RAIN_HEAVY
2026-04-25T19:05:39.005099+00:00,1777143939.005099,566,351,15.88,86.53,16.11,90.35,dry,heavy,stable,falling,TOO_DRY|RAIN_HEAVY
2026-04-25T19:05:41.070417+00:00,1777143941.0704172,565,881,16.18,15.87,16.11,79.95,dry,heavy,stable,falling,TOO_DRY|RAIN_HEAVY
2026-04-25T19:05:43.105209+00:00,1777143943.1052089,565,882,16.18,15.73,16.11,69.73,dry,moderate,stable,falling,TOO_DRY|RAIN_HEAVY
2026-04-25T19:05:45.270350+00:00,1777143945.27035,565,864,16.18,18.13,16.11,61.41,dry,moderate,stable,falling,TOO_DRY
2026-04-25T19:05:47.093415+00:00,1777143947.093415,565,846,16.18,20.53,16.14,52.68,dry,moderate,stable,falling,TOO_DRY
2026-04-25T19:05:49.037444+00:00,1777143949.0374436,566,428,15.88,76.27,16.11,51.1,dry,moderate,stable,falling,TOO_DRY
2026-04-25T19:05:51.115881+00:00,1777143951.1158814,566,436,15.88,75.2,16.07,49.48,dry,moderate,stable,falling,TOO_DRY
2026-04-25T19:05:53.143049+00:00,1777143953.1430495,565,474,16.18,70.13,16.07,47.3,dry,moderate,stable,rising,TOO_DRY
2026-04-25T19:05:55.094151+00:00,1777143955.0941515,565,439,16.18,74.8,16.11,45.83,dry,moderate,stable,rising,TOO_DRY
2026-04-25T19:05:57.153954+00:00,1777143957.1539543,565,482,16.18,69.07,16.11,52.48,dry,moderate,stable,rising,TOO_DRY
2026-04-25T19:05:59.070619+00:00,1777143959.0706193,565,491,16.18,67.87,16.11,59.0,dry,moderate,stable,rising,TOO_DRY
2026-04-25T19:06:15.773839+00:00,1777143975.7738395,595,551,7.35,59.87,15.0,64.22,dry,moderate,stable,rising,TOO_DRY
2026-04-25T19:06:17.610316+00:00,1777143977.6103156,565,516,16.18,64.53,15.0,69.72,dry,moderate,stable,falling,TOO_DRY|RAIN_HEAVY
2026-04-25T19:06:19.525682+00:00,1777143979.5256822,565,522,16.18,63.73,15.04,68.15,dry,moderate,stable,falling,TOO_DRY|RAIN_HEAVY
2026-04-25T19:06:21.599149+00:00,1777143981.599149,565,529,16.18,62.8,15.08,66.6,dry,moderate,stable,falling,TOO_DRY|RAIN_HEAVY
2026-04-25T19:06:23.545832+00:00,1777143983.5458324,566,534,15.88,62.13,15.04,65.6,dry,moderate,stable,falling,TOO_DRY|RAIN_HEAVY
2026-04-25T19:06:25.628898+00:00,1777143985.628898,565,536,16.18,61.87,15.04,63.98,dry,moderate,stable,stable,TOO_DRY
2026-04-25T19:06:27.649772+00:00,1777143987.6497717,565,539,16.18,61.47,15.04,63.03,dry,moderate,stable,stable,TOO_DRY
2026-04-25T19:06:29.606888+00:00,1777143989.6068883,565,541,16.18,61.2,15.04,62.2,dry,moderate,stable,stable,TOO_DRY
2026-04-25T19:06:31.641531+00:00,1777143991.6415305,565,543,16.18,60.93,16.14,62.33,dry,moderate,stable,stable,TOO_DRY
2026-04-25T19:06:33.587447+00:00,1777143993.5874467,565,542,16.18,61.07,16.14,61.9,dry,moderate,stable,stable,TOO_DRY
2026-04-25T19:06:35.640661+00:00,1777143995.6406608,565,545,16.18,60.67,16.14,61.52,dry,moderate,stable,stable,TOO_DRY
2026-04-25T19:06:37.708956+00:00,1777143997.7089562,565,549,16.18,60.13,16.14,61.18,dry,moderate,stable,stable,TOO_DRY
2026-04-25T19:06:39.632258+00:00,1777143999.6322584,565,850,16.18,20.0,16.18,55.92,dry,moderate,stable,falling,TOO_DRY
2026-04-25T19:06:41.694660+00:00,1777144001.6946604,565,822,16.18,23.73,16.18,51.15,dry,moderate,stable,falling,TOO_DRY
2026-04-25T19:06:43.618206+00:00,1777144003.6182055,565,834,16.18,22.13,16.18,46.23,dry,moderate,stable,falling,TOO_DRY
2026-04-25T19:06:45.783987+00:00,1777144005.7839873,565,848,16.18,20.27,16.18,41.12,dry,light,stable,falling,TOO_DRY
2026-04-25T19:06:47.600887+00:00,1777144007.6008868,565,857,16.18,19.07,16.18,35.88,dry,light,stable,falling,TOO_DRY
2026-04-25T19:06:49.712609+00:00,1777144009.712609,565,863,16.18,18.27,16.18,30.53,dry,light,stable,falling,TOO_DRY
2026-04-25T19:06:51.611176+00:00,1777144011.6111758,565,865,16.18,18.0,16.18,25.2,dry,light,stable,falling,TOO_DRY
2026-04-25T19:06:53.754109+00:00,1777144013.7541087,565,866,16.18,17.87,16.18,19.92,dry,light,stable,falling,TOO_DRY
2026-04-25T19:06:55.703276+00:00,1777144015.703276,566,868,15.88,17.6,16.14,19.62,dry,light,stable,falling,TOO_DRY
2026-04-25T19:06:57.647642+00:00,1777144017.6476424,565,869,16.18,17.47,16.14,18.84,dry,light,stable,stable,TOO_DRY
2026-04-25T19:06:59.639558+00:00,1777144019.6395576,565,868,16.18,17.6,16.14,18.27,dry,light,stable,stable,TOO_DRY
2026-04-25T19:07:01.668537+00:00,1777144021.6685367,565,867,16.18,17.73,16.14,17.95,dry,light,stable,stable,TOO_DRY
2026-04-25T19:07:03.589346+00:00,1777144023.5893464,565,863,16.18,18.27,16.14,17.85,dry,light,stable,stable,TOO_DRY
2026-04-25T19:07:05.654778+00:00,1777144025.6547785,565,564,16.18,58.13,16.14,22.83,dry,light,stable,rising,TOO_DRY
2026-04-25T19:07:07.682395+00:00,1777144027.682395,565,537,16.18,61.73,16.14,28.3,dry,light,stable,rising,TOO_DRY
2026-04-25T19:07:09.624808+00:00,1777144029.6248076,565,830,16.18,22.67,16.14,28.9,dry,light,stable,rising,TOO_DRY
2026-04-25T19:07:11.693207+00:00,1777144031.6932065,564,824,16.47,23.47,16.22,29.63,dry,light,stable,rising,TOO_DRY
2026-04-25T19:07:13.623020+00:00,1777144033.6230202,565,830,16.18,22.67,16.22,30.28,dry,light,stable,rising,TOO_DRY
2026-04-25T19:07:15.675792+00:00,1777144035.6757915,565,842,16.18,21.07,16.22,30.72,dry,light,stable,falling,TOO_DRY
2026-04-25T19:07:17.629803+00:00,1777144037.6298027,566,808,15.88,25.6,16.18,31.7,dry,light,stable,falling,TOO_DRY
2026-04-25T19:07:19.669698+00:00,1777144039.6696978,568,857,15.29,19.07,16.07,31.8,dry,light,stable,falling,TOO_DRY
2026-04-25T19:07:21.614937+00:00,1777144041.6149366,569,856,15.0,19.2,15.92,26.93,dry,light,stable,falling,TOO_DRY
2026-04-25T19:07:23.662623+00:00,1777144043.6626234,569,863,15.0,18.27,15.77,21.5,dry,light,stable,stable,TOO_DRY
2026-04-25T19:07:25.631634+00:00,1777144045.631634,569,865,15.0,18.0,15.62,20.92,dry,light,stable,falling,TOO_DRY
2026-04-25T19:07:27.568612+00:00,1777144047.568612,568,866,15.29,17.87,15.48,20.22,dry,light,stable,falling,TOO_DRY
2026-04-25T19:07:29.798544+00:00,1777144049.7985442,569,819,15.0,24.13,15.33,20.4,dry,light,stable,stable,TOO_DRY
2026-04-25T19:08:09.127353+00:00,1777144089.1273527,570,396,14.71,80.53,14.71,80.53,dry,heavy,stable,stable,TOO_DRY|RAIN_HEAVY
2026-04-25T19:08:10.984697+00:00,1777144090.9846966,570,438,14.71,74.93,15.15,27.13,dry,light,stable,rising,TOO_DRY
2026-04-25T19:08:27.768159+00:00,1777144107.768159,598,467,6.47,71.07,10.59,75.8,dry,heavy,stable,stable,TOO_DRY|RAIN_HEAVY
2026-04-25T19:08:29.708969+00:00,1777144109.7089689,569,761,15.0,31.87,15.04,27.92,dry,light,stable,rising,TOO_DRY
2026-04-25T19:08:31.670603+00:00,1777144111.670603,569,734,15.0,35.47,12.06,62.36,dry,moderate,stable,stable,TOO_DRY
2026-04-25T19:08:39.859984+00:00,1777144119.8599842,601,760,5.59,32.0,13.82,29.53,dry,light,stable,rising,TOO_DRY
2026-04-25T19:08:42.013148+00:00,1777144122.0131478,570,733,14.71,35.6,12.72,55.67,dry,moderate,rising,falling,TOO_DRY
2026-04-25T19:08:43.938234+00:00,1777144123.9382339,569,690,15.0,41.33,13.82,32.3,dry,light,stable,rising,TOO_DRY
2026-04-25T19:08:45.874756+00:00,1777144125.8747556,570,560,14.71,58.67,13.79,37.35,dry,light,stable,rising,TOO_DRY
2026-04-25T19:08:47.950487+00:00,1777144127.9504874,570,536,14.71,61.87,13.12,56.91,dry,moderate,rising,falling,TOO_DRY
2026-04-25T19:08:49.880852+00:00,1777144129.8808525,570,756,14.71,32.53,13.75,39.17,dry,light,stable,rising,TOO_DRY
2026-04-25T19:08:51.937811+00:00,1777144131.937811,569,773,15.0,30.27,13.71,40.72,dry,light,stable,stable,TOO_DRY
2026-04-25T19:08:53.881017+00:00,1777144133.8810174,570,738,14.71,34.93,13.38,53.24,dry,moderate,stable,falling,TOO_DRY
2026-04-25T19:08:55.931756+00:00,1777144135.9317555,570,745,14.71,34.0,13.68,41.95,dry,light,stable,falling,TOO_DRY
2026-04-25T19:08:58.280329+00:00,1777144138.2803295,568,767,15.29,31.07,13.66,50.08,dry,moderate,stable,falling,TOO_DRY
2026-04-25T19:08:59.940036+00:00,1777144139.9400356,567,735,15.59,35.33,13.79,37.0,dry,light,stable,falling,TOO_DRY
2026-04-25T19:09:01.861109+00:00,1777144141.861109,567,757,15.59,32.4,13.9,47.87,dry,moderate,stable,falling,TOO_DRY
2026-04-25T19:09:03.909520+00:00,1777144143.9095197,567,787,15.59,28.4,13.86,36.57,dry,light,stable,falling,TOO_DRY
2026-04-25T19:09:06.061399+00:00,1777144146.0613987,566,732,15.88,35.73,15.15,37.03,dry,light,stable,falling,TOO_DRY
2026-04-25T19:09:07.921720+00:00,1777144147.9217203,566,808,15.88,25.6,14.04,41.0,dry,light,stable,falling,TOO_DRY
2026-04-25T19:09:10.071922+00:00,1777144150.071922,567,821,15.59,23.87,15.22,34.85,dry,light,stable,falling,TOO_DRY
2026-04-25T19:09:11.998463+00:00,1777144151.9984632,569,817,15.0,24.4,15.11,35.17,dry,light,stable,falling,TOO_DRY
2026-04-25T19:09:14.062519+00:00,1777144154.0625193,569,808,15.0,25.6,15.11,33.93,dry,light,stable,falling,TOO_DRY
2026-04-25T19:09:15.888088+00:00,1777144155.8880877,569,818,15.0,24.27,15.26,30.55,dry,light,stable,falling,TOO_DRY
2026-04-25T19:09:18.054079+00:00,1777144158.0540793,569,831,15.0,22.53,15.15,32.3,dry,light,stable,falling,TOO_DRY
2026-04-25T19:09:19.991311+00:00,1777144159.991311,569,833,15.0,22.27,15.29,29.27,dry,light,stable,falling,TOO_DRY
2026-04-25T19:09:21.931852+00:00,1777144161.9318516,569,840,15.0,21.33,15.18,27.23,dry,light,stable,falling,TOO_DRY
2026-04-25T19:09:24.004879+00:00,1777144164.0048795,568,844,15.29,20.8,15.26,25.47,dry,light,stable,falling,TOO_DRY
2026-04-25T19:09:25.976616+00:00,1777144165.9766157,569,846,15.0,20.53,15.29,28.05,dry,light,stable,falling,TOO_DRY
2026-04-25T19:09:27.952373+00:00,1777144167.9523733,569,846,15.0,20.53,15.22,24.15,dry,light,stable,falling,TOO_DRY
2026-04-25T19:09:29.933098+00:00,1777144169.9330978,569,847,15.0,20.4,15.33,26.35,dry,light,stable,falling,TOO_DRY
2026-04-25T19:09:31.969408+00:00,1777144171.9694083,569,846,15.0,20.53,15.15,22.66,dry,light,stable,falling,TOO_DRY
2026-04-25T19:09:34.015948+00:00,1777144174.0159483,569,844,15.0,20.8,15.04,22.07,dry,light,stable,stable,TOO_DRY
2026-04-25T19:09:35.959241+00:00,1777144175.959241,568,838,15.29,21.6,15.29,24.63,dry,light,stable,falling,TOO_DRY
2026-04-25T19:09:38.006577+00:00,1777144178.0065765,569,635,15.0,48.67,15.04,25.1,dry,light,stable,rising,TOO_DRY
2026-04-25T19:09:40.072421+00:00,1777144180.0724206,569,557,15.0,59.07,15.22,28.47,dry,light,stable,rising,TOO_DRY
2026-04-25T19:09:41.999150+00:00,1777144181.9991496,569,528,15.0,62.93,15.11,31.87,dry,light,stable,rising,TOO_DRY
2026-04-25T19:09:43.911557+00:00,1777144183.911557,569,526,15.0,63.2,15.04,29.8,dry,light,stable,rising,TOO_DRY
2026-04-25T19:09:45.899455+00:00,1777144185.8994553,569,524,15.0,63.47,15.04,36.82,dry,light,stable,rising,TOO_DRY
2026-04-25T19:09:50.097235+00:00,1777144190.0972352,569,489,15.0,68.13,15.04,35.5,dry,light,stable,rising,TOO_DRY
2026-04-25T19:09:51.971809+00:00,1777144191.9718094,569,473,15.0,70.27,15.04,42.57,dry,light,stable,rising,TOO_DRY
2026-04-25T19:09:53.983824+00:00,1777144193.9838245,568,465,15.29,71.33,15.07,41.75,dry,light,stable,rising,TOO_DRY
2026-04-25T19:10:21.565742+00:00,1777144221.565742,569,356,15.0,85.87,15.0,85.87,dry,heavy,stable,stable,TOO_DRY|RAIN_HEAVY
2026-04-25T19:10:23.484837+00:00,1777144223.4848366,325,362,86.76,85.07,50.88,85.47,optimal,heavy,stable,stable,RAIN_HEAVY
2026-04-25T19:10:25.529409+00:00,1777144225.5294087,281,371,99.71,83.87,25.62,50.27,low,moderate,rising,rising,
2026-04-25T19:10:27.473035+00:00,1777144227.4730349,282,372,99.41,83.73,67.06,84.89,optimal,heavy,stable,stable,RAIN_HEAVY
2026-04-25T19:10:29.604341+00:00,1777144229.6043413,284,368,98.82,84.27,75.0,84.73,wet,heavy,rising,stable,RAIN_HEAVY
2026-04-25T19:10:31.570607+00:00,1777144231.5706067,284,377,98.82,83.07,36.1,58.09,low,moderate,rising,rising,
2026-04-25T19:10:33.514266+00:00,1777144233.514266,286,371,98.24,83.87,46.51,66.02,optimal,moderate,rising,rising,RAIN_HEAVY
2026-04-25T19:10:35.538705+00:00,1777144235.538705,287,333,97.94,88.93,79.59,85.57,wet,heavy,rising,stable,RAIN_HEAVY
2026-04-25T19:10:37.612648+00:00,1777144237.6126475,316,302,89.41,93.07,55.77,74.95,optimal,heavy,rising,rising,RAIN_HEAVY
2026-04-25T19:10:39.480574+00:00,1777144239.480574,392,283,67.06,95.6,77.5,87.25,wet,heavy,rising,rising,RAIN_HEAVY
2026-04-25T19:10:41.526777+00:00,1777144241.5267766,523,299,28.53,93.47,70.5,88.13,optimal,heavy,rising,rising,RAIN_HEAVY
2026-04-25T19:10:43.572942+00:00,1777144243.572942,447,314,50.88,91.47,60.26,79.0,optimal,heavy,rising,rising,RAIN_HEAVY
2026-04-25T19:10:45.597231+00:00,1777144245.5972307,452,347,49.41,87.07,67.87,88.0,optimal,heavy,falling,rising,RAIN_HEAVY
2026-04-25T19:10:47.538480+00:00,1777144247.5384803,460,310,47.06,92.0,71.87,88.77,optimal,heavy,falling,rising,RAIN_HEAVY
2026-04-25T19:10:49.480937+00:00,1777144249.4809372,435,303,54.41,92.93,65.18,82.75,optimal,heavy,rising,rising,RAIN_HEAVY
2026-04-25T19:10:51.594450+00:00,1777144251.5944502,566,312,15.88,91.73,65.29,86.28,optimal,heavy,falling,rising,RAIN_HEAVY
2026-04-25T19:10:53.472987+00:00,1777144253.4729874,567,314,15.59,91.47,62.98,89.57,optimal,heavy,falling,stable,RAIN_HEAVY
2026-04-25T19:10:57.588015+00:00,1777144257.588015,566,292,15.88,94.4,65.4,89.3,optimal,heavy,falling,rising,RAIN_HEAVY
2026-04-25T19:10:59.523687+00:00,1777144259.5236866,567,300,15.59,93.33,52.5,90.77,optimal,heavy,falling,stable,RAIN_HEAVY
2026-04-25T19:11:01.568274+00:00,1777144261.5682745,567,289,15.59,94.8,54.89,90.67,optimal,heavy,falling,rising,RAIN_HEAVY
2026-04-25T19:11:03.568393+00:00,1777144263.5683925,567,298,15.59,93.6,44.48,91.98,low,heavy,falling,rising,RAIN_HEAVY
2026-04-25T19:11:05.581201+00:00,1777144265.5812013,567,298,15.59,93.6,42.1,91.93,low,heavy,falling,stable,RAIN_HEAVY
2026-04-25T19:11:07.506860+00:00,1777144267.5068595,567,301,15.59,93.2,34.15,93.15,low,heavy,falling,stable,RAIN_HEAVY
2026-04-25T19:11:09.821949+00:00,1777144269.8219495,567,305,15.59,92.67,24.93,93.1,dry,heavy,falling,stable,TOO_DRY|RAIN_HEAVY
2026-04-25T19:11:11.504261+00:00,1777144271.5042615,567,336,15.59,88.53,31.8,91.88,low,heavy,falling,stable,RAIN_HEAVY
2026-04-25T19:11:15.597997+00:00,1777144275.5979974,567,405,15.59,79.33,20.52,91.58,dry,heavy,falling,falling,TOO_DRY|RAIN_HEAVY
2026-04-25T19:11:17.699224+00:00,1777144277.6992242,567,364,15.59,84.8,15.66,90.57,dry,heavy,stable,falling,TOO_DRY|RAIN_HEAVY
2026-04-25T19:11:19.604245+00:00,1777144279.6042454,567,433,15.59,75.6,25.37,89.38,low,heavy,falling,falling,RAIN_HEAVY
2026-04-25T19:11:21.682024+00:00,1777144281.6820235,567,530,15.59,62.67,15.63,86.93,dry,heavy,stable,falling,TOO_DRY|RAIN_HEAVY
2026-04-25T19:11:23.519021+00:00,1777144283.5190208,567,452,15.59,73.07,15.59,84.27,dry,heavy,stable,falling,TOO_DRY|RAIN_HEAVY
2026-04-25T19:11:25.538422+00:00,1777144285.5384223,567,476,15.59,69.87,23.75,86.43,dry,heavy,falling,falling,TOO_DRY|RAIN_HEAVY
2026-04-25T19:11:27.694943+00:00,1777144287.6949427,567,443,15.59,74.27,19.52,84.83,dry,heavy,falling,falling,TOO_DRY|RAIN_HEAVY
2026-04-25T19:11:31.654122+00:00,1777144291.6541219,567,370,15.59,84.0,15.59,82.92,dry,heavy,stable,falling,TOO_DRY|RAIN_HEAVY
2026-04-25T19:11:33.641164+00:00,1777144293.641164,567,337,15.59,88.4,15.59,82.27,dry,heavy,stable,falling,TOO_DRY|RAIN_HEAVY
2026-04-25T19:11:35.563572+00:00,1777144295.5635717,566,318,15.88,90.93,15.63,84.7,dry,heavy,stable,falling,TOO_DRY|RAIN_HEAVY
2026-04-25T19:11:37.528861+00:00,1777144297.5288613,567,300,15.59,93.33,15.59,82.28,dry,heavy,stable,rising,TOO_DRY|RAIN_HEAVY
2026-04-25T19:11:39.593660+00:00,1777144299.5936596,567,316,15.59,91.2,15.59,82.1,dry,heavy,stable,rising,TOO_DRY|RAIN_HEAVY
2026-04-25T19:11:41.736852+00:00,1777144301.7368522,567,848,15.59,20.27,15.63,75.8,dry,heavy,stable,falling,TOO_DRY|RAIN_HEAVY
2026-04-25T19:11:43.582965+00:00,1777144303.582965,567,827,15.59,23.07,15.59,75.07,dry,heavy,stable,stable,TOO_DRY|RAIN_HEAVY
2026-04-25T19:11:45.601664+00:00,1777144305.601664,567,781,15.59,29.2,15.63,67.78,dry,moderate,stable,falling,TOO_DRY|RAIN_HEAVY
2026-04-25T19:11:47.552729+00:00,1777144307.5527287,567,781,15.59,29.2,15.63,59.73,dry,moderate,stable,falling,TOO_DRY
2026-04-25T19:11:51.771589+00:00,1777144311.7715893,596,821,7.06,23.87,14.52,67.45,dry,moderate,stable,falling,TOO_DRY|RAIN_HEAVY
2026-04-25T19:11:52.532452+00:00,1777144312.5324519,567,823,15.59,23.6,15.63,51.62,dry,moderate,stable,falling,TOO_DRY
2026-04-25T19:11:54.855220+00:00,1777144314.8552203,567,824,15.59,23.47,15.63,45.1,dry,moderate,stable,falling,TOO_DRY
2026-04-25T19:11:56.692426+00:00,1777144316.6924257,567,835,15.59,22.0,14.52,62.37,dry,moderate,stable,falling,TOO_DRY
2026-04-25T19:11:58.607803+00:00,1777144318.6078033,569,851,15.0,19.87,14.45,55.72,dry,moderate,stable,falling,TOO_DRY
2026-04-25T19:12:00.569581+00:00,1777144320.569581,567,860,15.59,18.67,15.63,38.7,dry,light,stable,falling,TOO_DRY
2026-04-25T19:12:02.673934+00:00,1777144322.6739342,567,850,15.59,20.0,14.45,47.72,dry,moderate,stable,falling,TOO_DRY
2026-04-25T19:12:04.652917+00:00,1777144324.6529167,567,852,15.59,19.73,15.63,31.88,dry,light,stable,falling,TOO_DRY
2026-04-25T19:12:06.627967+00:00,1777144326.627967,567,863,15.59,18.27,15.59,22.8,dry,light,stable,falling,TOO_DRY
2026-04-25T19:12:08.543669+00:00,1777144328.5436685,567,840,15.59,21.33,14.45,39.33,dry,light,stable,falling,TOO_DRY
2026-04-25T19:12:10.608243+00:00,1777144330.6082425,567,860,15.59,18.67,14.45,30.0,dry,light,stable,falling,TOO_DRY
2026-04-25T19:12:14.583716+00:00,1777144334.5837164,567,855,15.59,19.33,15.59,22.68,dry,light,stable,falling,TOO_DRY
2026-04-25T19:12:16.658435+00:00,1777144336.6584353,567,834,15.59,22.13,14.45,21.37,dry,light,stable,stable,TOO_DRY
2026-04-25T19:12:20.800153+00:00,1777144340.8001535,567,816,15.59,24.53,15.59,22.1,dry,light,stable,falling,TOO_DRY
2026-04-25T19:12:22.575937+00:00,1777144342.575937,567,817,15.59,24.4,14.45,21.53,dry,light,stable,stable,TOO_DRY
2026-04-25T19:12:24.622925+00:00,1777144344.6229253,566,824,15.88,23.47,15.63,21.38,dry,light,stable,stable,TOO_DRY
2026-04-25T19:12:26.558158+00:00,1777144346.5581582,567,819,15.59,24.13,15.52,21.57,dry,light,stable,stable,TOO_DRY
2026-04-25T19:12:28.612227+00:00,1777144348.612227,566,822,15.88,23.73,15.66,21.4,dry,light,stable,stable,TOO_DRY
2026-04-25T19:12:30.659920+00:00,1777144350.6599202,566,822,15.88,23.73,15.7,21.43,dry,light,stable,rising,TOO_DRY
2026-04-25T19:12:32.583419+00:00,1777144352.5834186,567,818,15.59,24.27,15.7,22.13,dry,light,stable,rising,TOO_DRY
2026-04-25T19:12:34.654413+00:00,1777144354.6544125,567,877,15.59,16.4,15.52,20.87,dry,light,stable,stable,TOO_DRY
2026-04-25T19:12:36.694110+00:00,1777144356.6941102,567,869,15.59,17.47,15.7,21.85,dry,light,stable,stable,TOO_DRY
2026-04-25T19:12:38.643691+00:00,1777144358.643691,568,869,15.29,17.47,15.55,20.57,dry,light,stable,stable,TOO_DRY
2026-04-25T19:12:40.689932+00:00,1777144360.6899319,567,854,15.59,19.47,15.55,20.5,dry,light,stable,stable,TOO_DRY
2026-04-25T19:12:42.941509+00:00,1777144362.9415095,566,854,15.88,19.47,15.73,22.0,dry,light,stable,stable,TOO_DRY
2026-04-25T19:12:46.704187+00:00,1777144366.7041872,566,843,15.88,20.93,15.59,20.45,dry,light,stable,falling,TOO_DRY
2026-04-25T19:12:50.725385+00:00,1777144370.7253847,567,844,15.59,20.8,15.73,22.18,dry,light,stable,falling,TOO_DRY
2026-04-25T19:12:52.702928+00:00,1777144372.702928,567,817,15.59,24.4,15.59,21.17,dry,light,stable,stable,TOO_DRY
2026-04-25T19:12:54.644871+00:00,1777144374.6448712,567,833,15.59,22.27,15.73,21.9,dry,light,stable,falling,TOO_DRY
2026-04-25T19:12:56.701565+00:00,1777144376.701565,567,838,15.59,21.6,15.7,21.67,dry,light,stable,stable,TOO_DRY
2026-04-25T19:12:58.799952+00:00,1777144378.799952,567,816,15.59,24.53,15.59,21.47,dry,light,stable,stable,TOO_DRY
2026-04-25T19:13:00.576628+00:00,1777144380.576628,566,812,15.88,25.07,15.7,21.84,dry,light,stable,stable,TOO_DRY
2026-04-25T19:13:02.708304+00:00,1777144382.708304,567,819,15.59,24.13,15.66,21.88,dry,light,stable,stable,TOO_DRY
2026-04-25T19:13:04.673110+00:00,1777144384.67311,566,808,15.88,25.6,15.7,22.05,dry,light,stable,rising,TOO_DRY
2026-04-25T19:13:06.624943+00:00,1777144386.6249428,567,792,15.59,27.73,15.59,21.88,dry,light,stable,rising,TOO_DRY
2026-04-25T19:13:08.669611+00:00,1777144388.6696112,567,805,15.59,26.0,15.59,22.12,dry,light,stable,rising,TOO_DRY
2026-04-25T19:13:10.690447+00:00,1777144390.690447,567,864,15.59,18.13,15.7,22.13,dry,light,stable,stable,TOO_DRY
2026-04-25T19:13:12.668559+00:00,1777144392.6685586,567,838,15.59,21.6,15.66,22.4,dry,light,stable,stable,TOO_DRY
2026-04-25T19:13:14.688742+00:00,1777144394.6887417,567,800,15.59,26.67,15.66,23.13,dry,light,stable,stable,TOO_DRY
2026-04-25T19:13:16.649197+00:00,1777144396.6491973,567,861,15.59,18.53,15.59,22.38,dry,light,stable,rising,TOO_DRY
2026-04-25T19:13:18.688489+00:00,1777144398.6884887,567,851,15.59,19.87,15.66,22.83,dry,light,stable,stable,TOO_DRY
2026-04-25T19:13:20.610552+00:00,1777144400.6105516,567,856,15.59,19.2,15.66,22.53,dry,light,stable,stable,TOO_DRY
2026-04-25T19:13:22.681947+00:00,1777144402.6819465,567,853,15.59,19.6,15.63,22.65,dry,light,stable,stable,TOO_DRY
2026-04-25T19:13:24.639936+00:00,1777144404.639936,567,846,15.59,20.53,15.63,21.97,dry,light,stable,stable,TOO_DRY
2026-04-25T19:13:26.582249+00:00,1777144406.582249,567,852,15.59,19.73,15.63,21.42,dry,light,stable,falling,TOO_DRY
2026-04-25T19:13:28.646170+00:00,1777144408.6461701,567,846,15.59,20.53,15.59,20.78,dry,light,stable,stable,TOO_DRY
2026-04-25T19:13:30.660924+00:00,1777144410.6609237,567,805,15.59,26.0,15.63,23.46,dry,light,stable,stable,TOO_DRY
2026-04-25T19:13:32.708805+00:00,1777144412.7088053,566,832,15.88,22.4,15.63,21.32,dry,light,stable,stable,TOO_DRY
2026-04-25T19:13:34.669280+00:00,1777144414.6692796,567,818,15.59,24.27,15.59,23.88,dry,light,stable,falling,TOO_DRY
2026-04-25T19:13:36.701264+00:00,1777144416.701264,567,826,15.59,23.2,15.63,21.52,dry,light,stable,stable,TOO_DRY
2026-04-25T19:13:38.785828+00:00,1777144418.7858279,567,849,15.59,20.13,15.59,23.35,dry,light,stable,stable,TOO_DRY
2026-04-25T19:14:33.534721+00:00,1777144473.5347211,566,814,15.88,24.8,15.63,23.38,dry,light,stable,stable,TOO_DRY
2026-04-25T19:14:37.478496+00:00,1777144477.4784963,592,804,8.24,26.13,8.24,26.13,dry,light,stable,stable,TOO_DRY
2026-04-25T19:14:39.503449+00:00,1777144479.5034492,566,795,15.88,27.33,15.66,23.33,dry,light,stable,stable,TOO_DRY
2026-04-25T19:14:57.936300+00:00,1777144497.9363003,595,853,7.35,19.6,14.63,22.53,dry,light,stable,stable,TOO_DRY
2026-04-25T19:14:59.679030+00:00,1777144499.67903,568,876,15.29,16.53,14.6,22.28,dry,light,stable,stable,TOO_DRY
2026-04-25T19:15:01.617673+00:00,1777144501.6176732,568,861,15.29,18.53,11.77,22.33,dry,light,stable,stable,TOO_DRY
2026-04-25T19:15:03.568108+00:00,1777144503.5681078,568,824,15.29,23.47,12.94,22.71,dry,light,stable,stable,TOO_DRY
2026-04-25T19:15:05.697526+00:00,1777144505.697526,567,816,15.59,24.53,14.6,22.9,dry,light,stable,stable,TOO_DRY
2026-04-25T19:15:07.675202+00:00,1777144507.6752024,568,825,15.29,23.33,13.53,22.86,dry,light,rising,stable,TOO_DRY
2026-04-25T19:15:09.682369+00:00,1777144509.6823685,567,818,15.59,24.27,13.94,23.15,dry,light,rising,stable,TOO_DRY
2026-04-25T19:15:11.628652+00:00,1777144511.6286516,567,816,15.59,24.53,14.6,22.71,dry,light,stable,stable,TOO_DRY
2026-04-25T19:15:13.701313+00:00,1777144513.7013135,568,817,15.29,24.4,14.16,23.36,dry,light,stable,stable,TOO_DRY
2026-04-25T19:15:15.646594+00:00,1777144515.6465936,567,799,15.59,26.8,14.6,23.03,dry,light,stable,stable,TOO_DRY
2026-04-25T19:15:17.675581+00:00,1777144517.6755805,567,805,15.59,26.0,14.37,23.73,dry,light,stable,stable,TOO_DRY
2026-04-25T19:15:19.632387+00:00,1777144519.632387,568,797,15.29,27.07,14.48,24.15,dry,light,stable,stable,TOO_DRY
2026-04-25T19:15:21.663836+00:00,1777144521.6638362,567,822,15.59,23.73,15.4,23.85,dry,light,stable,stable,TOO_DRY
2026-04-25T19:15:23.916773+00:00,1777144523.916773,568,799,15.29,26.8,14.56,23.87,dry,light,stable,rising,TOO_DRY
2026-04-25T19:15:25.681336+00:00,1777144525.6813362,568,806,15.29,25.87,14.48,24.0,dry,light,stable,rising,TOO_DRY
2026-04-25T19:15:27.605533+00:00,1777144527.605533,568,824,15.29,23.47,15.4,24.47,dry,light,stable,stable,TOO_DRY
2026-04-25T19:15:29.652377+00:00,1777144529.6523771,567,821,15.59,23.87,14.45,23.57,dry,light,stable,rising,TOO_DRY
2026-04-25T19:15:31.605827+00:00,1777144531.6058269,568,827,15.29,23.07,15.44,24.0,dry,light,stable,stable,TOO_DRY
2026-04-25T19:15:33.644428+00:00,1777144533.6444278,568,827,15.29,23.07,15.44,24.82,dry,light,stable,stable,TOO_DRY
2026-04-25T19:15:35.691509+00:00,1777144535.6915095,567,825,15.59,23.33,15.44,24.45,dry,light,stable,stable,TOO_DRY
2026-04-25T19:15:37.641752+00:00,1777144537.6417525,567,817,15.59,24.4,15.44,24.8,dry,light,stable,stable,TOO_DRY
2026-04-25T19:15:39.693188+00:00,1777144539.6931884,568,831,15.29,22.53,15.4,24.55,dry,light,stable,stable,TOO_DRY
2026-04-25T19:15:41.863979+00:00,1777144541.8639793,568,829,15.29,22.8,15.44,24.38,dry,light,stable,stable,TOO_DRY
2026-04-25T19:15:43.781852+00:00,1777144543.7818515,568,828,15.29,22.93,15.36,24.07,dry,light,stable,stable,TOO_DRY
2026-04-25T19:15:47.674273+00:00,1777144547.674273,567,828,15.59,22.93,15.44,24.22,dry,light,stable,stable,TOO_DRY
2026-04-25T19:15:49.729885+00:00,1777144549.7298849,568,833,15.29,22.27,15.36,23.5,dry,light,stable,stable,TOO_DRY
2026-04-25T19:15:51.680909+00:00,1777144551.680909,568,838,15.29,21.6,15.36,22.97,dry,light,stable,stable,TOO_DRY
2026-04-25T19:15:53.680494+00:00,1777144553.6804936,568,838,15.29,21.6,15.44,23.87,dry,light,stable,stable,TOO_DRY
2026-04-25T19:15:55.604771+00:00,1777144555.6047711,567,841,15.59,21.2,15.36,22.63,dry,light,stable,stable,TOO_DRY
2026-04-25T19:15:57.740068+00:00,1777144557.7400682,568,843,15.29,20.93,15.36,22.37,dry,light,stable,stable,TOO_DRY
2026-04-25T19:15:59.789647+00:00,1777144559.7896466,568,838,15.29,21.6,15.4,23.32,dry,light,stable,stable,TOO_DRY
2026-04-25T19:16:01.715665+00:00,1777144561.7156649,567,838,15.59,21.6,15.4,22.18,dry,light,stable,stable,TOO_DRY
2026-04-25T19:16:03.749537+00:00,1777144563.7495365,567,837,15.59,21.73,15.44,22.65,dry,light,stable,stable,TOO_DRY
2026-04-25T19:16:05.702270+00:00,1777144565.7022703,567,840,15.59,21.33,15.4,21.8,dry,light,stable,stable,TOO_DRY
2026-04-25T19:16:07.765164+00:00,1777144567.7651637,568,832,15.29,22.4,15.4,22.48,dry,light,stable,stable,TOO_DRY
2026-04-25T19:16:09.688860+00:00,1777144569.68886,568,836,15.29,21.87,15.4,22.28,dry,light,stable,stable,TOO_DRY
2026-04-25T19:16:11.635269+00:00,1777144571.6352694,568,832,15.29,22.4,15.4,21.78,dry,light,stable,stable,TOO_DRY
2026-04-25T19:16:15.631780+00:00,1777144575.6317804,567,836,15.59,21.87,15.4,22.1,dry,light,stable,stable,TOO_DRY
2026-04-25T19:16:17.711155+00:00,1777144577.7111547,568,832,15.29,22.4,15.4,21.72,dry,light,stable,stable,TOO_DRY
2026-04-25T19:16:19.634281+00:00,1777144579.6342812,568,833,15.29,22.27,15.4,22.03,dry,light,stable,stable,TOO_DRY
2026-04-25T19:16:21.789477+00:00,1777144581.7894766,567,831,15.59,22.53,15.44,21.75,dry,light,stable,stable,TOO_DRY
2026-04-25T19:16:23.727576+00:00,1777144583.7275763,568,836,15.29,21.87,15.44,21.78,dry,light,stable,stable,TOO_DRY
2026-04-25T19:16:25.779727+00:00,1777144585.7797275,568,836,15.29,21.87,15.36,21.9,dry,light,stable,stable,TOO_DRY
2026-04-25T19:16:28.050876+00:00,1777144588.050876,568,830,15.29,22.67,15.4,21.97,dry,light,stable,stable,TOO_DRY
2026-04-25T19:16:29.688874+00:00,1777144589.6888735,568,833,15.29,22.27,15.36,21.98,dry,light,stable,stable,TOO_DRY
2026-04-25T19:16:31.709493+00:00,1777144591.7094934,567,829,15.59,22.8,15.4,22.14,dry,light,stable,stable,TOO_DRY
2026-04-25T19:16:33.662328+00:00,1777144593.6623278,568,830,15.29,22.67,15.36,22.25,dry,light,stable,stable,TOO_DRY
2026-04-25T19:16:35.804198+00:00,1777144595.8041975,567,836,15.59,21.87,15.44,22.08,dry,light,stable,stable,TOO_DRY
2026-04-25T19:16:43.237258+00:00,1777144603.237258,566,848,15.88,20.27,15.48,21.92,dry,light,stable,stable,TOO_DRY
2026-04-25T19:16:45.215364+00:00,1777144605.215364,566,850,15.88,20.0,15.44,21.95,dry,light,stable,stable,TOO_DRY
2026-04-25T19:16:46.936591+00:00,1777144606.9365914,565,850,16.18,20.0,15.55,21.75,dry,light,stable,stable,TOO_DRY
2026-04-25T19:16:49.120991+00:00,1777144609.120991,566,850,15.88,20.0,15.51,21.72,dry,light,stable,stable,TOO_DRY
2026-04-25T19:16:51.059206+00:00,1777144611.0592062,565,850,16.18,20.0,15.66,21.45,dry,light,stable,stable,TOO_DRY
2026-04-25T19:16:53.013273+00:00,1777144613.0132728,566,850,15.88,20.0,15.73,21.15,dry,light,stable,stable,TOO_DRY
2026-04-25T19:16:54.921189+00:00,1777144614.9211886,565,851,16.18,19.87,15.81,20.82,dry,light,stable,stable,TOO_DRY
2026-04-25T19:16:56.905107+00:00,1777144616.9051075,566,852,15.88,19.73,15.55,21.45,dry,light,stable,stable,TOO_DRY
2026-04-25T19:16:58.985877+00:00,1777144618.985877,566,851,15.88,19.87,15.88,20.57,dry,light,stable,stable,TOO_DRY
2026-04-25T19:17:01.033504+00:00,1777144621.0335045,566,852,15.88,19.73,15.62,21.13,dry,light,stable,stable,TOO_DRY
2026-04-25T19:17:03.051734+00:00,1777144623.0517344,566,853,15.88,19.6,15.96,20.19,dry,light,stable,stable,TOO_DRY
2026-04-25T19:17:04.986229+00:00,1777144624.9862287,565,851,16.18,19.87,15.73,20.88,dry,light,stable,stable,TOO_DRY
2026-04-25T19:17:06.940015+00:00,1777144626.9400146,566,851,15.88,19.87,15.81,20.58,dry,light,stable,stable,TOO_DRY
2026-04-25T19:17:10.958129+00:00,1777144630.9581292,565,852,16.18,19.73,16.03,19.92,dry,light,stable,stable,TOO_DRY
2026-04-25T19:17:12.984174+00:00,1777144632.9841745,565,852,16.18,19.73,16.07,19.85,dry,light,stable,stable,TOO_DRY
2026-04-25T19:17:14.928183+00:00,1777144634.9281833,565,852,16.18,19.73,15.88,20.2,dry,light,stable,stable,TOO_DRY
2026-04-25T19:17:16.988531+00:00,1777144636.9885309,565,852,16.18,19.73,16.07,19.82,dry,light,stable,stable,TOO_DRY
2026-04-25T19:17:19.033754+00:00,1777144639.0337536,566,852,15.88,19.73,15.96,19.83,dry,light,stable,stable,TOO_DRY
2026-04-25T19:17:20.953664+00:00,1777144640.9536643,566,852,15.88,19.73,15.96,19.8,dry,light,stable,stable,TOO_DRY
2026-04-25T19:17:24.982335+00:00,1777144644.9823353,566,853,15.88,19.6,16.03,19.77,dry,light,stable,stable,TOO_DRY
2026-04-25T19:17:27.113728+00:00,1777144647.1137278,566,852,15.88,19.73,15.96,19.77,dry,light,stable,stable,TOO_DRY
2026-04-25T19:17:28.973392+00:00,1777144648.973392,566,851,15.88,19.87,15.96,19.78,dry,light,stable,stable,TOO_DRY
2026-04-25T19:17:31.102505+00:00,1777144651.1025054,566,852,15.88,19.73,16.03,19.73,dry,light,stable,stable,TOO_DRY
2026-04-25T19:17:32.971757+00:00,1777144652.9717567,566,851,15.88,19.87,15.99,19.73,dry,light,stable,stable,TOO_DRY
2026-04-25T19:17:34.999128+00:00,1777144654.9991279,566,852,15.88,19.73,15.96,19.78,dry,light,stable,stable,TOO_DRY
2026-04-25T19:17:38.997090+00:00,1777144658.9970899,566,853,15.88,19.6,15.99,19.7,dry,light,stable,stable,TOO_DRY
2026-04-25T19:17:41.041843+00:00,1777144661.0418432,565,852,16.18,19.73,15.96,19.77,dry,light,stable,stable,TOO_DRY
2026-04-25T19:17:42.964637+00:00,1777144662.9646373,565,852,16.18,19.73,15.99,19.75,dry,light,stable,stable,TOO_DRY
2026-04-25T19:17:44.933310+00:00,1777144664.93331,566,851,15.88,19.87,15.99,19.73,dry,light,stable,stable,TOO_DRY
2026-04-25T19:17:46.980563+00:00,1777144666.980563,566,852,15.88,19.73,15.96,19.75,dry,light,stable,stable,TOO_DRY
2026-04-25T19:17:48.921993+00:00,1777144668.9219935,566,852,15.88,19.73,15.96,19.73,dry,light,stable,stable,TOO_DRY
2026-04-25T19:17:51.207124+00:00,1777144671.2071242,565,852,16.18,19.73,15.99,19.75,dry,light,stable,stable,TOO_DRY
2026-04-25T19:17:52.958255+00:00,1777144672.958255,566,852,15.88,19.73,15.99,19.75,dry,light,stable,stable,TOO_DRY
2026-04-25T19:17:55.033630+00:00,1777144675.03363,565,852,16.18,19.73,15.96,19.73,dry,light,stable,stable,TOO_DRY
2026-04-25T19:17:58.963003+00:00,1777144678.9630032,566,852,15.88,19.73,15.99,19.75,dry,light,stable,stable,TOO_DRY
2026-04-25T19:18:00.975326+00:00,1777144680.9753263,565,852,16.18,19.73,15.96,19.73,dry,light,stable,stable,TOO_DRY
2026-04-25T19:18:03.049350+00:00,1777144683.0493498,565,852,16.18,19.73,16.03,19.73,dry,light,stable,stable,TOO_DRY
2026-04-25T19:18:05.026512+00:00,1777144685.026512,566,852,15.88,19.73,15.96,19.75,dry,light,stable,stable,TOO_DRY
2026-04-25T19:18:06.990172+00:00,1777144686.9901717,565,853,16.18,19.6,16.07,19.71,dry,light,stable,stable,TOO_DRY
2026-04-25T19:18:10.941738+00:00,1777144690.9417377,566,853,15.88,19.6,15.96,19.73,dry,light,stable,stable,TOO_DRY
2026-04-25T19:18:12.958319+00:00,1777144692.9583192,566,853,15.88,19.6,15.96,19.7,dry,light,stable,stable,TOO_DRY
2026-04-25T19:18:14.956481+00:00,1777144694.956481,565,853,16.18,19.6,16.07,19.7,dry,light,stable,stable,TOO_DRY
2026-04-25T19:18:16.980705+00:00,1777144696.9807053,566,853,15.88,19.6,16.03,19.68,dry,light,stable,stable,TOO_DRY
2026-04-25T19:18:19.133396+00:00,1777144699.1333964,566,854,15.88,19.47,15.96,19.68,dry,light,stable,stable,TOO_DRY
2026-04-25T19:18:21.079585+00:00,1777144701.079585,566,854,15.88,19.47,16.03,19.65,dry,light,stable,stable,TOO_DRY
2026-04-25T19:18:23.026258+00:00,1777144703.0262575,566,854,15.88,19.47,15.96,19.63,dry,light,stable,stable,TOO_DRY
2026-04-25T19:18:24.972598+00:00,1777144704.9725983,565,854,16.18,19.47,15.99,19.6,dry,light,stable,stable,TOO_DRY
2026-04-25T19:18:27.114747+00:00,1777144707.1147466,566,854,15.88,19.47,15.96,19.57,dry,light,stable,stable,TOO_DRY
2026-04-25T19:18:29.067324+00:00,1777144709.0673244,565,854,16.18,19.47,16.03,19.62,dry,light,stable,stable,TOO_DRY
2026-04-25T19:18:31.004820+00:00,1777144711.0048196,565,854,16.18,19.47,15.96,19.54,dry,light,stable,stable,TOO_DRY
2026-04-25T19:18:33.001843+00:00,1777144713.0018427,566,854,15.88,19.47,15.96,19.5,dry,light,stable,stable,TOO_DRY
2026-04-25T19:18:34.999297+00:00,1777144714.9992971,566,854,15.88,19.47,16.03,19.58,dry,light,stable,stable,TOO_DRY
2026-04-25T19:18:37.073046+00:00,1777144717.0730464,566,854,15.88,19.47,16.03,19.55,dry,light,stable,stable,TOO_DRY
2026-04-25T19:18:41.004364+00:00,1777144721.0043645,565,854,16.18,19.47,15.99,19.49,dry,light,stable,stable,TOO_DRY
2026-04-25T19:18:43.002076+00:00,1777144723.0020761,566,854,15.88,19.47,15.99,19.47,dry,light,stable,stable,TOO_DRY
2026-04-25T19:18:45.036798+00:00,1777144725.0367978,565,854,16.18,19.47,16.03,19.52,dry,light,stable,stable,TOO_DRY
2026-04-25T19:18:47.007823+00:00,1777144727.0078225,565,854,16.18,19.47,16.03,19.5,dry,light,stable,stable,TOO_DRY
2026-04-25T19:18:49.364174+00:00,1777144729.364174,566,854,15.88,19.47,15.99,19.47,dry,light,stable,stable,TOO_DRY
2026-04-25T19:18:51.177029+00:00,1777144731.1770287,566,854,15.88,19.47,15.99,19.47,dry,light,stable,stable,TOO_DRY
2026-04-25T19:18:53.025350+00:00,1777144733.0253503,565,854,16.18,19.47,15.99,19.47,dry,light,stable,stable,TOO_DRY
2026-04-25T19:18:55.076465+00:00,1777144735.0764654,565,854,16.18,19.47,16.03,19.49,dry,light,stable,stable,TOO_DRY
2026-04-25T19:18:57.125376+00:00,1777144737.1253762,566,854,15.88,19.47,16.03,19.47,dry,light,stable,stable,TOO_DRY
2026-04-25T19:18:59.074040+00:00,1777144739.0740397,566,853,15.88,19.6,15.99,19.49,dry,light,stable,stable,TOO_DRY
2026-04-25T19:19:01.049190+00:00,1777144741.04919,565,853,16.18,19.6,16.07,19.49,dry,light,stable,stable,TOO_DRY
2026-04-25T19:19:02.991271+00:00,1777144742.991271,566,854,15.88,19.47,15.96,19.49,dry,light,stable,stable,TOO_DRY
2026-04-25T19:19:06.970738+00:00,1777144746.9707384,565,853,16.18,19.6,16.07,19.5,dry,light,stable,stable,TOO_DRY
2026-04-25T19:19:09.097465+00:00,1777144749.097465,566,853,15.88,19.6,16.07,19.52,dry,light,stable,stable,TOO_DRY
2026-04-25T19:19:11.073767+00:00,1777144751.073767,566,853,15.88,19.6,15.96,19.5,dry,light,stable,stable,TOO_DRY
2026-04-25T19:19:13.101232+00:00,1777144753.1012323,565,853,16.18,19.6,16.11,19.54,dry,light,stable,stable,TOO_DRY
2026-04-25T19:19:15.148098+00:00,1777144755.148098,566,854,15.88,19.47,16.07,19.54,dry,light,stable,stable,TOO_DRY
2026-04-25T19:19:17.096821+00:00,1777144757.096821,565,854,16.18,19.47,15.96,19.5,dry,light,stable,stable,TOO_DRY
2026-04-25T19:19:21.051479+00:00,1777144761.0514786,566,853,15.88,19.6,16.03,19.55,dry,light,stable,stable,TOO_DRY
2026-04-25T19:19:23.137607+00:00,1777144763.1376066,565,853,16.18,19.6,16.03,19.57,dry,light,stable,stable,TOO_DRY
2026-04-25T19:19:25.079443+00:00,1777144765.0794432,565,854,16.18,19.47,15.99,19.5,dry,light,stable,stable,TOO_DRY
2026-04-25T19:19:26.985797+00:00,1777144766.9857967,566,854,15.88,19.47,16.03,19.57,dry,light,stable,stable,TOO_DRY
2026-04-25T19:19:29.093501+00:00,1777144769.093501,566,854,15.88,19.47,15.99,19.55,dry,light,stable,stable,TOO_DRY
2026-04-25T19:19:31.046441+00:00,1777144771.0464406,566,853,15.88,19.6,15.99,19.52,dry,light,stable,stable,TOO_DRY
2026-04-25T19:19:33.065290+00:00,1777144773.0652897,566,854,15.88,19.47,15.99,19.52,dry,light,stable,stable,TOO_DRY
2026-04-25T19:19:35.110832+00:00,1777144775.1108325,565,854,16.18,19.47,15.99,19.52,dry,light,stable,stable,TOO_DRY
2026-04-25T19:19:37.072340+00:00,1777144777.0723405,565,854,16.18,19.47,15.99,19.54,dry,light,stable,stable,TOO_DRY
2026-04-25T19:19:39.126423+00:00,1777144779.1264226,566,854,15.88,19.47,15.99,19.52,dry,light,stable,stable,TOO_DRY
2026-04-25T19:19:41.069528+00:00,1777144781.0695279,565,853,16.18,19.6,16.03,19.52,dry,light,stable,stable,TOO_DRY
2026-04-25T19:19:43.201921+00:00,1777144783.2019205,566,854,15.88,19.47,15.96,19.5,dry,light,stable,stable,TOO_DRY
2026-04-25T19:19:45.067804+00:00,1777144785.067804,565,854,16.18,19.47,15.99,19.5,dry,light,stable,stable,TOO_DRY
2026-04-25T19:19:47.090940+00:00,1777144787.09094,566,854,15.88,19.47,16.03,19.52,dry,light,stable,stable,TOO_DRY
2026-04-25T19:19:49.038726+00:00,1777144789.0387256,566,854,15.88,19.47,16.03,19.5,dry,light,stable,stable,TOO_DRY
2026-04-25T19:19:51.101996+00:00,1777144791.1019957,565,854,16.18,19.47,16.03,19.49,dry,light,stable,stable,TOO_DRY
2026-04-25T19:19:53.032098+00:00,1777144793.0320978,566,854,15.88,19.47,15.99,19.5,dry,light,stable,stable,TOO_DRY
2026-04-25T19:19:55.183579+00:00,1777144795.1835792,566,854,15.88,19.47,15.99,19.47,dry,light,stable,stable,TOO_DRY
2026-04-25T19:19:57.132957+00:00,1777144797.1329572,566,854,15.88,19.47,15.96,19.5,dry,light,stable,stable,TOO_DRY
2026-04-25T19:19:59.097175+00:00,1777144799.0971746,566,853,15.88,19.6,15.99,19.49,dry,light,stable,stable,TOO_DRY
2026-04-25T19:20:01.042562+00:00,1777144801.0425618,565,854,16.18,19.47,16.03,19.49,dry,light,stable,stable,TOO_DRY
2026-04-25T19:20:03.087912+00:00,1777144803.0879116,566,854,15.88,19.47,15.96,19.49,dry,light,stable,stable,TOO_DRY
2026-04-25T19:20:05.111884+00:00,1777144805.1118844,565,854,16.18,19.47,15.99,19.49,dry,light,stable,stable,TOO_DRY
2026-04-25T19:20:07.058045+00:00,1777144807.0580447,566,854,15.88,19.47,15.99,19.49,dry,light,stable,stable,TOO_DRY
2026-04-25T19:20:09.111669+00:00,1777144809.1116693,566,854,15.88,19.47,15.99,19.49,dry,light,stable,stable,TOO_DRY
2026-04-25T19:20:11.089108+00:00,1777144811.0891082,566,854,15.88,19.47,15.96,19.49,dry,light,stable,stable,TOO_DRY
2026-04-25T19:20:13.107183+00:00,1777144813.1071832,566,854,15.88,19.47,15.99,19.49,dry,light,stable,stable,TOO_DRY
2026-04-25T19:20:15.109194+00:00,1777144815.1091936,566,854,15.88,19.47,15.96,19.49,dry,light,stable,stable,TOO_DRY
2026-04-25T19:20:17.178471+00:00,1777144817.1784713,566,854,15.88,19.47,15.92,19.49,dry,light,stable,stable,TOO_DRY
2026-04-25T19:20:19.143035+00:00,1777144819.1430354,566,854,15.88,19.47,15.92,19.47,dry,light,stable,stable,TOO_DRY
2026-04-25T19:20:21.088799+00:00,1777144821.0887988,566,854,15.88,19.47,15.92,19.49,dry,light,stable,stable,TOO_DRY
2026-04-25T19:20:23.139120+00:00,1777144823.1391203,565,854,16.18,19.47,15.96,19.47,dry,light,stable,stable,TOO_DRY
2026-04-25T19:20:27.097672+00:00,1777144827.097672,565,854,16.18,19.47,15.96,19.47,dry,light,stable,stable,TOO_DRY
2026-04-25T19:20:29.203379+00:00,1777144829.2033792,566,854,15.88,19.47,15.92,19.47,dry,light,stable,stable,TOO_DRY
2026-04-25T19:20:31.143014+00:00,1777144831.1430144,566,854,15.88,19.47,15.96,19.47,dry,light,stable,stable,TOO_DRY
2026-04-25T19:20:33.078336+00:00,1777144833.0783365,566,854,15.88,19.47,15.96,19.47,dry,light,stable,stable,TOO_DRY
2026-04-25T19:20:35.070643+00:00,1777144835.0706434,566,854,15.88,19.47,15.92,19.47,dry,light,stable,stable,TOO_DRY
2026-04-25T19:20:39.068910+00:00,1777144839.0689104,566,854,15.88,19.47,15.96,19.47,dry,light,stable,stable,TOO_DRY
2026-04-25T19:20:41.263939+00:00,1777144841.2639391,566,854,15.88,19.47,15.96,19.47,dry,light,stable,stable,TOO_DRY
2026-04-25T19:20:43.103603+00:00,1777144843.1036031,565,854,16.18,19.47,15.96,19.47,dry,light,stable,stable,TOO_DRY
2026-04-25T19:20:45.158585+00:00,1777144845.1585848,566,854,15.88,19.47,15.92,19.47,dry,light,stable,stable,TOO_DRY
2026-04-25T19:20:47.095951+00:00,1777144847.0959513,566,854,15.88,19.47,15.92,19.47,dry,light,stable,stable,TOO_DRY
2026-04-25T19:20:51.096960+00:00,1777144851.0969598,566,852,15.88,19.73,15.96,19.5,dry,light,stable,stable,TOO_DRY
2026-04-25T19:20:53.195922+00:00,1777144853.195922,565,852,16.18,19.73,15.96,19.5,dry,light,stable,stable,TOO_DRY
2026-04-25T19:20:55.201070+00:00,1777144855.2010698,566,852,15.88,19.73,15.96,19.54,dry,light,stable,stable,TOO_DRY
2026-04-25T19:20:57.142177+00:00,1777144857.1421773,566,852,15.88,19.73,15.92,19.54,dry,light,stable,stable,TOO_DRY
2026-04-25T19:20:59.260689+00:00,1777144859.2606888,566,852,15.88,19.73,15.96,19.57,dry,light,stable,stable,TOO_DRY
2026-04-25T19:21:01.123775+00:00,1777144861.1237755,566,852,15.88,19.73,15.92,19.57,dry,light,stable,stable,TOO_DRY
2026-04-25T19:21:03.098409+00:00,1777144863.0984087,566,852,15.88,19.73,15.96,19.6,dry,light,stable,stable,TOO_DRY
2026-04-25T19:21:05.119846+00:00,1777144865.119846,566,852,15.88,19.73,15.92,19.63,dry,light,stable,stable,TOO_DRY
2026-04-25T19:21:07.168734+00:00,1777144867.1687336,566,852,15.88,19.73,15.92,19.66,dry,light,stable,stable,TOO_DRY
2026-04-25T19:21:09.139805+00:00,1777144869.1398046,565,852,16.18,19.73,15.96,19.6,dry,light,stable,stable,TOO_DRY
2026-04-25T19:21:11.160590+00:00,1777144871.1605902,566,852,15.88,19.73,15.96,19.63,dry,light,stable,stable,TOO_DRY
2026-04-25T19:21:13.218996+00:00,1777144873.2189958,566,852,15.88,19.73,15.92,19.7,dry,light,stable,stable,TOO_DRY
2026-04-25T19:21:15.268965+00:00,1777144875.2689648,566,852,15.88,19.73,15.88,19.73,dry,light,stable,stable,TOO_DRY
2026-04-25T19:21:17.203892+00:00,1777144877.2038922,566,852,15.88,19.73,15.96,19.66,dry,light,stable,stable,TOO_DRY
2026-04-25T19:21:19.147207+00:00,1777144879.1472065,566,853,15.88,19.6,15.88,19.71,dry,light,stable,stable,TOO_DRY
2026-04-25T19:21:21.320348+00:00,1777144881.3203478,565,852,16.18,19.73,15.92,19.71,dry,light,stable,stable,TOO_DRY
2026-04-25T19:21:23.142452+00:00,1777144883.1424518,566,852,15.88,19.73,15.96,19.7,dry,light,stable,stable,TOO_DRY
2026-04-25T19:21:25.198565+00:00,1777144885.1985648,566,852,15.88,19.73,15.96,19.73,dry,light,stable,stable,TOO_DRY
2026-04-25T19:21:27.150807+00:00,1777144887.1508067,565,852,16.18,19.73,15.96,19.71,dry,light,stable,stable,TOO_DRY
2026-04-25T19:21:29.186024+00:00,1777144889.186024,566,852,15.88,19.73,15.92,19.73,dry,light,stable,stable,TOO_DRY
2026-04-25T19:21:31.129316+00:00,1777144891.1293163,566,852,15.88,19.73,15.96,19.71,dry,light,stable,stable,TOO_DRY
2026-04-25T19:21:33.175393+00:00,1777144893.1753926,566,852,15.88,19.73,15.96,19.71,dry,light,stable,stable,TOO_DRY
2026-04-25T19:21:35.084439+00:00,1777144895.0844388,565,852,16.18,19.73,15.99,19.71,dry,light,stable,stable,TOO_DRY
2026-04-25T19:21:37.178591+00:00,1777144897.1785908,566,852,15.88,19.73,15.92,19.73,dry,light,stable,stable,TOO_DRY
2026-04-25T19:21:39.223866+00:00,1777144899.2238655,566,852,15.88,19.73,15.92,19.73,dry,light,stable,stable,TOO_DRY
2026-04-25T19:21:41.302262+00:00,1777144901.3022616,566,852,15.88,19.73,15.99,19.71,dry,light,stable,stable,TOO_DRY
2026-04-25T19:21:43.108339+00:00,1777144903.1083388,566,852,15.88,19.73,15.88,19.73,dry,light,stable,stable,TOO_DRY
2026-04-25T19:21:45.259538+00:00,1777144905.2595384,566,852,15.88,19.73,15.99,19.71,dry,light,stable,stable,TOO_DRY
2026-04-25T19:21:47.226684+00:00,1777144907.2266839,566,852,15.88,19.73,15.88,19.73,dry,light,stable,stable,TOO_DRY
2026-04-25T19:21:49.150623+00:00,1777144909.1506226,566,851,15.88,19.87,15.99,19.75,dry,light,stable,stable,TOO_DRY
2026-04-25T19:21:53.150362+00:00,1777144913.1503618,566,852,15.88,19.73,15.88,19.73,dry,light,stable,stable,TOO_DRY
2026-04-25T19:21:55.235357+00:00,1777144915.2353573,566,852,15.88,19.73,15.88,19.73,dry,light,stable,stable,TOO_DRY
2026-04-25T19:21:57.253956+00:00,1777144917.2539556,566,852,15.88,19.73,15.96,19.75,dry,light,stable,stable,TOO_DRY
2026-04-25T19:21:59.329870+00:00,1777144919.3298702,566,852,15.88,19.73,15.88,19.73,dry,light,stable,stable,TOO_DRY
2026-04-25T19:22:01.139000+00:00,1777144921.1390004,566,851,15.88,19.87,15.92,19.77,dry,light,stable,stable,TOO_DRY
2026-04-25T19:22:03.309602+00:00,1777144923.3096015,565,852,16.18,19.73,15.92,19.73,dry,light,stable,stable,TOO_DRY
2026-04-25T19:22:05.362336+00:00,1777144925.3623357,566,852,15.88,19.73,15.92,19.73,dry,light,stable,stable,TOO_DRY
2026-04-25T19:22:07.204364+00:00,1777144927.2043643,566,852,15.88,19.73,15.92,19.73,dry,light,stable,stable,TOO_DRY
2026-04-25T19:22:09.224103+00:00,1777144929.2241035,566,852,15.88,19.73,15.92,19.77,dry,light,stable,stable,TOO_DRY
2026-04-25T19:22:11.254008+00:00,1777144931.2540078,566,852,15.88,19.73,15.92,19.73,dry,light,stable,stable,TOO_DRY
2026-04-25T19:22:13.341308+00:00,1777144933.3413076,566,852,15.88,19.73,15.92,19.77,dry,light,stable,stable,TOO_DRY
2026-04-25T19:22:15.132829+00:00,1777144935.132829,566,852,15.88,19.73,15.92,19.73,dry,light,stable,stable,TOO_DRY
2026-04-25T19:22:19.259800+00:00,1777144939.2597997,565,852,16.18,19.73,15.92,19.77,dry,light,stable,stable,TOO_DRY
2026-04-25T19:22:21.201688+00:00,1777144941.2016878,565,852,16.18,19.73,15.96,19.77,dry,light,stable,stable,TOO_DRY
2026-04-25T19:22:23.253023+00:00,1777144943.253023,566,852,15.88,19.73,15.92,19.73,dry,light,stable,stable,TOO_DRY
2026-04-25T19:22:25.296596+00:00,1777144945.296596,566,852,15.88,19.73,15.92,19.73,dry,light,stable,stable,TOO_DRY
2026-04-25T19:22:27.242708+00:00,1777144947.2427077,566,852,15.88,19.73,15.96,19.77,dry,light,stable,stable,TOO_DRY
2026-04-25T19:22:29.352133+00:00,1777144949.3521328,566,852,15.88,19.73,15.92,19.73,dry,light,stable,stable,TOO_DRY
2026-04-25T19:22:31.346062+00:00,1777144951.3460624,565,852,16.18,19.73,15.92,19.73,dry,light,stable,stable,TOO_DRY
2026-04-25T19:22:33.193356+00:00,1777144953.1933558,565,852,16.18,19.73,15.99,19.75,dry,light,stable,stable,TOO_DRY
2026-04-25T19:22:37.146466+00:00,1777144957.1464665,565,852,16.18,19.73,15.96,19.73,dry,light,stable,stable,TOO_DRY
2026-04-25T19:22:39.253624+00:00,1777144959.2536237,565,851,16.18,19.87,16.03,19.77,dry,light,stable,stable,TOO_DRY
2026-04-25T19:22:41.279629+00:00,1777144961.279629,565,852,16.18,19.73,15.99,19.73,dry,light,stable,stable,TOO_DRY
2026-04-25T19:22:43.228470+00:00,1777144963.2284696,565,852,16.18,19.73,16.03,19.73,dry,light,stable,stable,TOO_DRY
2026-04-25T19:22:45.378937+00:00,1777144965.3789368,566,852,15.88,19.73,16.03,19.75,dry,light,stable,stable,TOO_DRY
2026-04-25T19:22:47.362361+00:00,1777144967.3623612,565,852,16.18,19.73,16.07,19.73,dry,light,stable,stable,TOO_DRY
2026-04-25T19:22:49.260425+00:00,1777144969.2604246,566,851,15.88,19.87,16.03,19.77,dry,light,stable,stable,TOO_DRY
2026-04-25T19:22:51.211890+00:00,1777144971.2118895,565,852,16.18,19.73,16.07,19.77,dry,light,stable,stable,TOO_DRY
2026-04-25T19:22:53.277478+00:00,1777144973.277478,565,852,16.18,19.73,16.11,19.73,dry,light,stable,stable,TOO_DRY
2026-04-25T19:22:55.303935+00:00,1777144975.303935,565,852,16.18,19.73,16.14,19.73,dry,light,stable,stable,TOO_DRY
2026-04-25T19:22:57.155525+00:00,1777144977.1555254,565,852,16.18,19.73,16.07,19.77,dry,light,stable,stable,TOO_DRY
2026-04-25T19:22:59.210489+00:00,1777144979.210489,565,852,16.18,19.73,16.18,19.73,dry,light,stable,stable,TOO_DRY
2026-04-25T19:23:01.213329+00:00,1777144981.2133286,565,852,16.18,19.73,16.07,19.77,dry,light,stable,stable,TOO_DRY
2026-04-25T19:23:03.315791+00:00,1777144983.3157907,566,852,15.88,19.73,16.14,19.73,dry,light,stable,stable,TOO_DRY
2026-04-25T19:23:05.247619+00:00,1777144985.247619,565,852,16.18,19.73,16.11,19.77,dry,light,stable,stable,TOO_DRY
2026-04-25T19:23:09.246959+00:00,1777144989.2469592,565,852,16.18,19.73,16.14,19.73,dry,light,stable,stable,TOO_DRY
2026-04-25T19:23:11.277319+00:00,1777144991.2773187,565,852,16.18,19.73,16.11,19.77,dry,light,stable,stable,TOO_DRY
2026-04-25T19:23:13.226159+00:00,1777144993.2261586,565,852,16.18,19.73,16.11,19.75,dry,light,stable,stable,TOO_DRY
2026-04-25T19:23:15.272303+00:00,1777144995.2723029,565,852,16.18,19.73,16.14,19.73,dry,light,stable,stable,TOO_DRY
2026-04-25T19:23:17.217326+00:00,1777144997.217326,565,852,16.18,19.73,16.14,19.75,dry,light,stable,stable,TOO_DRY
2026-04-25T19:23:19.164953+00:00,1777144999.164953,565,852,16.18,19.73,16.14,19.73,dry,light,stable,stable,TOO_DRY
2026-04-25T19:23:21.281425+00:00,1777145001.2814245,566,852,15.88,19.73,16.11,19.73,dry,light,stable,stable,TOO_DRY
2026-04-25T19:23:50.355335+00:00,1777145030.3553352,566,851,15.88,19.87,16.14,19.75,dry,light,stable,stable,TOO_DRY
2026-04-25T19:23:50.905647+00:00,1777145030.905647,565,852,16.18,19.73,16.11,19.73,dry,light,stable,stable,TOO_DRY
2026-04-25T19:23:51.213568+00:00,1777145031.2135677,566,851,15.88,19.87,16.07,19.75,dry,light,stable,stable,TOO_DRY
2026-04-25T19:23:51.356586+00:00,1777145031.3565862,565,852,16.18,19.73,16.07,19.75,dry,light,stable,stable,TOO_DRY
2026-04-25T19:23:51.357880+00:00,1777145031.3578796,565,852,16.18,19.73,16.11,19.75,dry,light,stable,stable,TOO_DRY
2026-04-25T19:23:51.358773+00:00,1777145031.3587725,565,852,16.18,19.73,16.11,19.75,dry,light,stable,stable,TOO_DRY
2026-04-25T19:23:51.359451+00:00,1777145031.3594506,565,852,16.18,19.73,16.11,19.75,dry,light,stable,stable,TOO_DRY
2026-04-25T19:23:51.360260+00:00,1777145031.3602595,565,852,16.18,19.73,16.11,19.75,dry,light,stable,stable,TOO_DRY
2026-04-25T19:23:51.361040+00:00,1777145031.3610404,565,852,16.18,19.73,16.14,19.75,dry,light,stable,stable,TOO_DRY
2026-04-25T19:23:51.361788+00:00,1777145031.3617883,565,852,16.18,19.73,16.14,19.75,dry,light,stable,stable,TOO_DRY
2026-04-25T19:23:51.362377+00:00,1777145031.3623772,566,852,15.88,19.73,16.14,19.73,dry,light,stable,stable,TOO_DRY
2026-04-25T19:23:51.363182+00:00,1777145031.363182,566,852,15.88,19.73,16.11,19.73,dry,light,stable,stable,TOO_DRY
2026-04-25T19:23:51.363854+00:00,1777145031.363854,569,852,15.0,19.73,15.96,19.73,dry,light,stable,stable,TOO_DRY
2026-04-25T19:23:51.364438+00:00,1777145031.364438,565,852,16.18,19.73,15.96,19.73,dry,light,stable,stable,TOO_DRY
2026-04-25T19:23:51.365001+00:00,1777145031.3650012,566,852,15.88,19.73,15.92,19.73,dry,light,stable,stable,TOO_DRY
2026-04-25T19:23:51.625007+00:00,1777145031.625007,565,852,16.18,19.73,15.92,19.73,dry,light,stable,stable,TOO_DRY
2026-04-25T19:23:53.284156+00:00,1777145033.284156,565,852,16.18,19.73,16.14,19.75,dry,light,stable,stable,TOO_DRY
2026-04-25T19:23:55.216237+00:00,1777145035.2162366,565,852,16.18,19.73,15.92,19.73,dry,light,stable,stable,TOO_DRY
2026-04-25T19:23:57.271065+00:00,1777145037.2710648,565,852,16.18,19.73,15.92,19.73,dry,light,stable,stable,TOO_DRY
2026-04-25T19:23:59.307098+00:00,1777145039.307098,565,850,16.18,20.0,15.96,19.76,dry,light,stable,stable,TOO_DRY
2026-04-25T19:24:01.331505+00:00,1777145041.3315046,565,850,16.18,20.0,16.14,19.78,dry,light,stable,stable,TOO_DRY
2026-04-25T19:24:03.328004+00:00,1777145043.3280041,565,850,16.18,20.0,15.99,19.8,dry,light,stable,stable,TOO_DRY
2026-04-25T19:24:05.255914+00:00,1777145045.2559144,566,851,15.88,19.87,16.11,19.8,dry,light,stable,stable,TOO_DRY
2026-04-25T19:24:07.296115+00:00,1777145047.2961154,565,850,16.18,20.0,16.11,19.83,dry,light,stable,stable,TOO_DRY
2026-04-25T19:24:09.300420+00:00,1777145049.30042,566,850,15.88,20.0,16.11,19.83,dry,light,stable,stable,TOO_DRY
2026-04-25T19:24:11.284934+00:00,1777145051.2849343,565,850,16.18,20.0,16.11,19.87,dry,light,stable,stable,TOO_DRY
2026-04-25T19:24:13.343628+00:00,1777145053.3436277,565,850,16.18,20.0,16.11,19.87,dry,light,stable,stable,TOO_DRY
2026-04-25T19:24:15.277785+00:00,1777145055.2777853,565,850,16.18,20.0,16.14,19.9,dry,light,stable,stable,TOO_DRY
2026-04-25T19:24:17.250190+00:00,1777145057.2501903,565,850,16.18,20.0,16.14,19.93,dry,light,stable,stable,TOO_DRY
2026-04-25T19:24:19.276199+00:00,1777145059.276199,565,850,16.18,20.0,16.11,19.9,dry,light,stable,stable,TOO_DRY
2026-04-25T19:24:21.459356+00:00,1777145061.4593563,565,850,16.18,20.0,16.14,19.97,dry,light,stable,stable,TOO_DRY
2026-04-25T19:24:23.269048+00:00,1777145063.2690477,565,849,16.18,20.13,16.14,20.02,dry,light,stable,stable,TOO_DRY
2026-04-25T19:24:25.314821+00:00,1777145065.3148208,565,849,16.18,20.13,16.14,20.03,dry,light,stable,stable,TOO_DRY
2026-04-25T19:24:27.286463+00:00,1777145067.286463,565,849,16.18,20.13,16.11,19.95,dry,light,stable,stable,TOO_DRY
2026-04-25T19:24:29.311822+00:00,1777145069.3118224,566,848,15.88,20.27,16.11,20.0,dry,light,stable,stable,TOO_DRY
2026-04-25T19:24:31.400263+00:00,1777145071.4002626,565,849,16.18,20.13,16.14,20.05,dry,light,stable,stable,TOO_DRY
2026-04-25T19:24:33.299556+00:00,1777145073.2995558,565,849,16.18,20.13,16.11,20.05,dry,light,stable,stable,TOO_DRY
2026-04-25T19:24:35.245755+00:00,1777145075.245755,565,850,16.18,20.0,16.18,20.05,dry,light,stable,stable,TOO_DRY
2026-04-25T19:24:37.298805+00:00,1777145077.2988052,565,849,16.18,20.13,16.18,20.06,dry,light,stable,stable,TOO_DRY
2026-04-25T19:24:39.345735+00:00,1777145079.3457348,565,849,16.18,20.13,16.11,20.07,dry,light,stable,stable,TOO_DRY
2026-04-25T19:24:41.292762+00:00,1777145081.2927623,565,850,16.18,20.0,16.14,20.08,dry,light,stable,stable,TOO_DRY
2026-04-25T19:24:43.364229+00:00,1777145083.3642292,565,849,16.18,20.13,16.18,20.08,dry,light,stable,stable,TOO_DRY
2026-04-25T19:24:45.287409+00:00,1777145085.287409,565,848,16.18,20.27,16.14,20.12,dry,light,stable,stable,TOO_DRY
2026-04-25T19:24:47.359378+00:00,1777145087.3593779,565,849,16.18,20.13,16.18,20.1,dry,light,stable,stable,TOO_DRY
2026-04-25T19:24:49.402147+00:00,1777145089.4021473,565,849,16.18,20.13,16.18,20.11,dry,light,stable,stable,TOO_DRY
2026-04-25T19:24:53.273248+00:00,1777145093.273248,565,849,16.18,20.13,16.14,20.13,dry,light,stable,stable,TOO_DRY
2026-04-25T19:24:55.866047+00:00,1777145095.8660474,565,850,16.18,20.0,16.18,20.1,dry,light,stable,stable,TOO_DRY
2026-04-25T19:24:57.372518+00:00,1777145097.3725183,565,849,16.18,20.13,16.14,20.15,dry,light,stable,stable,TOO_DRY
2026-04-25T19:24:59.323527+00:00,1777145099.3235266,565,849,16.18,20.13,16.18,20.1,dry,light,stable,stable,TOO_DRY
2026-04-25T19:25:01.318330+00:00,1777145101.3183296,566,850,15.88,20.0,16.11,20.13,dry,light,stable,stable,TOO_DRY
2026-04-25T19:25:03.309645+00:00,1777145103.3096447,565,849,16.18,20.13,16.14,20.11,dry,light,stable,stable,TOO_DRY
2026-04-25T19:25:05.428157+00:00,1777145105.4281573,565,850,16.18,20.0,16.14,20.1,dry,light,stable,stable,TOO_DRY
2026-04-25T19:25:07.310474+00:00,1777145107.3104742,565,850,16.18,20.0,16.18,20.08,dry,light,stable,stable,TOO_DRY
2026-04-25T19:25:09.374769+00:00,1777145109.374769,565,849,16.18,20.13,16.14,20.1,dry,light,stable,stable,TOO_DRY
2026-04-25T19:25:11.329791+00:00,1777145111.3297908,565,849,16.18,20.13,16.14,20.11,dry,light,stable,stable,TOO_DRY
2026-04-25T19:25:13.365597+00:00,1777145113.3655975,564,850,16.47,20.0,16.22,20.08,dry,light,stable,stable,TOO_DRY
2026-04-25T19:25:15.309114+00:00,1777145115.3091135,565,850,16.18,20.0,16.22,20.06,dry,light,stable,stable,TOO_DRY
2026-04-25T19:25:17.280886+00:00,1777145117.280886,565,849,16.18,20.13,16.14,20.1,dry,light,stable,stable,TOO_DRY
2026-04-25T19:25:19.393563+00:00,1777145119.3935628,565,849,16.18,20.13,16.22,20.06,dry,light,stable,stable,TOO_DRY
2026-04-25T19:25:21.336506+00:00,1777145121.3365064,565,849,16.18,20.13,16.14,20.1,dry,light,stable,stable,TOO_DRY
2026-04-25T19:25:23.274065+00:00,1777145123.2740653,565,849,16.18,20.13,16.14,20.1,dry,light,stable,stable,TOO_DRY
2026-04-25T19:25:25.408389+00:00,1777145125.4083889,565,849,16.18,20.13,16.22,20.06,dry,light,stable,stable,TOO_DRY
2026-04-25T19:25:27.370538+00:00,1777145127.3705378,565,849,16.18,20.13,16.22,20.06,dry,light,stable,stable,TOO_DRY
2026-04-25T19:25:29.340866+00:00,1777145129.340866,565,849,16.18,20.13,16.22,20.08,dry,light,stable,stable,TOO_DRY
2026-04-25T19:25:31.362846+00:00,1777145131.3628461,565,850,16.18,20.0,16.18,20.1,dry,light,stable,stable,TOO_DRY
2026-04-25T19:25:33.318922+00:00,1777145133.3189223,565,849,16.18,20.13,16.22,20.08,dry,light,stable,stable,TOO_DRY
2026-04-25T19:25:35.415307+00:00,1777145135.4153066,565,850,16.18,20.0,16.22,20.08,dry,light,stable,stable,TOO_DRY
2026-04-25T19:25:37.437978+00:00,1777145137.4379778,565,850,16.18,20.0,16.18,20.08,dry,light,stable,stable,TOO_DRY
2026-04-25T19:25:39.352335+00:00,1777145139.3523352,565,850,16.18,20.0,16.18,20.08,dry,light,stable,stable,TOO_DRY
2026-04-25T19:25:41.401403+00:00,1777145141.4014027,565,850,16.18,20.0,16.18,20.08,dry,light,stable,stable,TOO_DRY
2026-04-25T19:25:43.279417+00:00,1777145143.279417,565,849,16.18,20.13,16.18,20.1,dry,light,stable,stable,TOO_DRY
2026-04-25T19:25:45.408347+00:00,1777145145.408347,565,849,16.18,20.13,16.18,20.08,dry,light,stable,stable,TOO_DRY
2026-04-25T19:25:47.337018+00:00,1777145147.3370175,565,849,16.18,20.13,16.18,20.1,dry,light,stable,stable,TOO_DRY
2026-04-25T19:25:49.512123+00:00,1777145149.5121226,565,849,16.18,20.13,16.18,20.1,dry,light,stable,stable,TOO_DRY
2026-04-25T19:25:51.338193+00:00,1777145151.3381932,565,849,16.18,20.13,16.18,20.08,dry,light,stable,stable,TOO_DRY
2026-04-25T19:25:55.364733+00:00,1777145155.3647327,565,849,16.18,20.13,16.18,20.1,dry,light,stable,stable,TOO_DRY
2026-04-25T19:25:57.371299+00:00,1777145157.3712993,565,849,16.18,20.13,16.18,20.1,dry,light,stable,stable,TOO_DRY
2026-04-25T19:25:59.347447+00:00,1777145159.3474467,566,849,15.88,20.13,16.14,20.08,dry,light,stable,stable,TOO_DRY
2026-04-25T19:26:01.377476+00:00,1777145161.3774755,566,849,15.88,20.13,16.11,20.08,dry,light,stable,stable,TOO_DRY
2026-04-25T19:26:03.309646+00:00,1777145163.3096464,565,849,16.18,20.13,16.18,20.1,dry,light,stable,stable,TOO_DRY
2026-04-25T19:26:07.387725+00:00,1777145167.3877246,565,849,16.18,20.13,16.11,20.08,dry,light,stable,stable,TOO_DRY
2026-04-25T19:26:09.355126+00:00,1777145169.355126,565,849,16.18,20.13,16.11,20.1,dry,light,stable,stable,TOO_DRY
2026-04-25T19:26:11.535324+00:00,1777145171.5353243,566,849,15.88,20.13,16.14,20.11,dry,light,stable,stable,TOO_DRY
2026-04-25T19:26:13.472920+00:00,1777145173.4729204,565,848,16.18,20.27,16.14,20.15,dry,light,stable,stable,TOO_DRY
2026-04-25T19:26:15.401343+00:00,1777145175.4013426,565,849,16.18,20.13,16.14,20.15,dry,light,stable,stable,TOO_DRY
2026-04-25T19:26:17.450538+00:00,1777145177.4505382,565,848,16.18,20.27,16.11,20.13,dry,light,stable,stable,TOO_DRY
2026-04-25T19:26:19.422153+00:00,1777145179.4221528,565,849,16.18,20.13,16.14,20.15,dry,light,stable,stable,TOO_DRY
2026-04-25T19:26:21.392079+00:00,1777145181.3920786,565,849,16.18,20.13,16.11,20.15,dry,light,stable,stable,TOO_DRY
2026-04-25T19:26:23.420113+00:00,1777145183.4201128,565,848,16.18,20.27,16.11,20.16,dry,light,stable,stable,TOO_DRY
2026-04-25T19:26:25.440265+00:00,1777145185.440265,565,848,16.18,20.27,16.11,20.18,dry,light,stable,stable,TOO_DRY
2026-04-25T19:26:27.397453+00:00,1777145187.3974526,567,848,15.59,20.27,16.07,20.16,dry,light,stable,stable,TOO_DRY
2026-04-25T19:26:29.458424+00:00,1777145189.4584239,566,848,15.88,20.27,16.03,20.18,dry,light,stable,stable,TOO_DRY
2026-04-25T19:26:31.380558+00:00,1777145191.3805575,565,848,16.18,20.27,16.14,20.2,dry,light,stable,stable,TOO_DRY
2026-04-25T19:26:33.441472+00:00,1777145193.441472,565,848,16.18,20.27,16.03,20.2,dry,light,stable,stable,TOO_DRY
2026-04-25T19:26:35.387587+00:00,1777145195.3875873,565,848,16.18,20.27,16.03,20.22,dry,light,stable,stable,TOO_DRY
2026-04-25T19:26:37.311878+00:00,1777145197.3118777,565,848,16.18,20.27,16.18,20.22,dry,light,stable,stable,TOO_DRY
2026-04-25T19:26:41.408857+00:00,1777145201.408857,565,849,16.18,20.13,16.07,20.22,dry,light,stable,stable,TOO_DRY
2026-04-25T19:26:43.500865+00:00,1777145203.500865,567,848,15.59,20.27,15.99,20.22,dry,light,stable,stable,TOO_DRY
2026-04-25T19:26:45.408924+00:00,1777145205.4089243,565,848,16.18,20.27,16.18,20.23,dry,light,stable,stable,TOO_DRY
2026-04-25T19:26:47.359409+00:00,1777145207.3594089,566,849,15.88,20.13,15.96,20.22,dry,light,stable,stable,TOO_DRY
2026-04-25T19:26:49.397917+00:00,1777145209.3979173,565,848,16.18,20.27,15.96,20.23,dry,light,stable,stable,TOO_DRY
2026-04-25T19:26:51.444394+00:00,1777145211.4443939,565,848,16.18,20.27,16.03,20.23,dry,light,stable,stable,TOO_DRY
2026-04-25T19:26:53.495836+00:00,1777145213.4958363,565,848,16.18,20.27,16.18,20.25,dry,light,stable,stable,TOO_DRY
2026-04-25T19:26:55.440042+00:00,1777145215.4400415,564,846,16.47,20.53,16.11,20.27,dry,light,stable,stable,TOO_DRY
2026-04-25T19:26:57.506213+00:00,1777145217.506213,565,844,16.18,20.8,16.18,20.32,dry,light,stable,stable,TOO_DRY
2026-04-25T19:26:59.452465+00:00,1777145219.4524648,565,845,16.18,20.67,16.11,20.32,dry,light,stable,stable,TOO_DRY
2026-04-25T19:27:01.371702+00:00,1777145221.3717024,566,844,15.88,20.8,16.07,20.38,dry,light,stable,stable,TOO_DRY
2026-04-25T19:27:03.431180+00:00,1777145223.4311802,565,845,16.18,20.67,16.07,20.45,dry,light,stable,stable,TOO_DRY
2026-04-25T19:27:05.487666+00:00,1777145225.487666,566,846,15.88,20.53,16.14,20.37,dry,light,stable,stable,TOO_DRY
2026-04-25T19:27:07.424394+00:00,1777145227.424394,565,845,16.18,20.67,16.14,20.5,dry,light,stable,stable,TOO_DRY
2026-04-25T19:28:11.215656+00:00,1777145291.215656,472,821,43.53,23.87,19.56,20.82,dry,light,rising,stable,TOO_DRY
2026-04-25T19:28:13.265850+00:00,1777145293.2658498,416,855,60.0,19.33,25.04,20.7,low,light,rising,stable,
2026-04-25T19:28:15.313622+00:00,1777145295.3136222,537,802,24.41,26.4,24.41,26.4,dry,light,stable,stable,TOO_DRY
2026-04-25T19:28:17.256251+00:00,1777145297.2562506,429,844,56.18,20.8,30.04,20.77,low,light,rising,stable,
2026-04-25T19:28:19.431767+00:00,1777145299.4317665,433,847,55.0,20.4,39.7,23.4,low,light,stable,stable,
2026-04-25T19:28:21.223244+00:00,1777145301.2232437,424,846,57.65,20.53,45.69,22.44,optimal,light,stable,stable,
2026-04-25T19:28:23.278082+00:00,1777145303.2780824,444,841,51.76,21.2,34.49,20.88,low,light,rising,stable,
2026-04-25T19:28:25.347819+00:00,1777145305.3478189,518,839,30.0,21.47,41.77,22.2,low,light,rising,stable,
2026-04-25T19:28:27.387925+00:00,1777145307.3879247,516,837,30.59,21.73,39.53,22.11,low,light,stable,stable,
2026-04-25T19:28:29.231565+00:00,1777145309.2315648,567,844,15.59,20.8,34.41,20.95,low,light,rising,stable,
2026-04-25T19:28:33.298780+00:00,1777145313.29878,439,844,53.24,20.8,41.81,21.89,low,light,falling,stable,
2026-04-25T19:28:35.278315+00:00,1777145315.2783146,352,848,78.82,20.27,47.1,21.66,optimal,light,stable,stable,
2026-04-25T19:28:37.218982+00:00,1777145317.2189825,355,850,77.94,20.0,42.13,20.92,low,light,rising,stable,
2026-04-25T19:28:39.270316+00:00,1777145319.270316,315,848,89.71,20.27,52.43,21.48,optimal,light,rising,stable,
2026-04-25T19:28:41.315071+00:00,1777145321.3150709,429,849,56.18,20.13,56.4,20.7,optimal,light,rising,stable,
2026-04-25T19:28:43.335097+00:00,1777145323.3350966,458,849,47.65,20.13,46.07,20.83,optimal,light,rising,stable,
2026-04-25T19:28:45.310091+00:00,1777145325.3100905,457,847,47.94,20.4,55.52,20.7,optimal,light,rising,stable,
2026-04-25T19:28:47.293126+00:00,1777145327.293126,475,846,42.65,20.53,49.41,20.83,optimal,light,falling,stable,
2026-04-25T19:28:49.317049+00:00,1777145329.3170485,498,844,35.88,20.8,48.46,20.45,optimal,light,rising,stable,
2026-04-25T19:28:51.291201+00:00,1777145331.2912014,495,846,36.76,20.53,52.91,20.7,optimal,light,rising,stable,
2026-04-25T19:28:53.279550+00:00,1777145333.2795503,566,843,15.88,20.93,42.94,20.65,low,light,falling,stable,
2026-04-25T19:28:57.316131+00:00,1777145337.3161314,566,842,15.88,21.07,51.14,20.65,optimal,light,falling,stable,
2026-04-25T19:28:59.342098+00:00,1777145339.342098,566,797,15.88,27.07,49.3,21.32,optimal,light,falling,stable,
2026-04-25T19:29:01.288642+00:00,1777145341.288642,566,814,15.88,24.8,37.9,21.15,low,light,falling,stable,
2026-04-25T19:29:03.336685+00:00,1777145343.3366854,565,792,16.18,27.73,44.67,22.18,low,light,falling,rising,
2026-04-25T19:29:05.282484+00:00,1777145345.2824843,565,853,16.18,19.6,36.84,22.1,low,light,falling,rising,
2026-04-25T19:29:07.325513+00:00,1777145347.3255131,565,853,16.18,19.6,27.65,22.02,low,light,falling,stable,
2026-04-25T19:29:09.428904+00:00,1777145349.4289038,566,855,15.88,19.33,33.42,20.91,low,light,falling,stable,
2026-04-25T19:29:11.323900+00:00,1777145351.3238995,565,859,16.18,18.8,22.65,21.85,dry,light,falling,stable,TOO_DRY
2026-04-25T19:29:13.367184+00:00,1777145353.3671844,565,856,16.18,19.2,18.68,21.7,dry,light,falling,falling,TOO_DRY
2026-04-25T19:29:15.252391+00:00,1777145355.2523913,565,834,16.18,22.13,33.49,21.08,low,light,falling,stable,
2026-04-25T19:29:17.266060+00:00,1777145357.2660596,565,837,16.18,21.73,25.77,21.3,low,light,falling,stable,
2026-04-25T19:29:19.316648+00:00,1777145359.316648,566,837,15.88,21.73,21.8,21.5,dry,light,falling,stable,TOO_DRY
2026-04-25T19:29:35.286227+00:00,1777145375.286227,595,842,7.35,21.07,17.39,21.57,dry,light,falling,stable,TOO_DRY
2026-04-25T19:29:37.237069+00:00,1777145377.2370687,569,851,15.0,19.87,14.78,21.45,dry,light,stable,stable,TOO_DRY
2026-04-25T19:29:39.306519+00:00,1777145379.306519,569,870,15.0,17.33,15.96,21.3,dry,light,stable,falling,TOO_DRY
2026-04-25T19:29:41.430444+00:00,1777145381.4304442,569,869,15.0,17.47,14.67,21.02,dry,light,stable,stable,TOO_DRY
2026-04-25T19:29:43.274469+00:00,1777145383.2744691,566,871,15.88,17.2,15.96,20.82,dry,light,stable,falling,TOO_DRY
2026-04-25T19:29:45.242281+00:00,1777145385.2422812,566,870,15.88,17.33,14.67,20.08,dry,light,stable,stable,TOO_DRY
2026-04-25T19:29:47.295838+00:00,1777145387.295838,566,870,15.88,17.33,15.96,19.6,dry,light,stable,falling,TOO_DRY
2026-04-25T19:29:49.207773+00:00,1777145389.207773,565,870,16.18,17.33,15.96,18.3,dry,light,stable,stable,TOO_DRY
2026-04-25T19:29:51.358327+00:00,1777145391.3583274,565,870,16.18,17.33,15.96,18.02,dry,light,stable,stable,TOO_DRY
2026-04-25T19:29:53.311410+00:00,1777145393.3114097,565,870,16.18,17.33,14.71,19.83,dry,light,stable,falling,TOO_DRY
2026-04-25T19:29:55.253450+00:00,1777145395.2534497,565,871,16.18,17.2,15.96,17.71,dry,light,stable,stable,TOO_DRY
2026-04-25T19:29:57.325352+00:00,1777145397.3253524,565,871,16.18,17.2,15.96,17.52,dry,light,stable,stable,TOO_DRY
2026-04-25T19:29:59.242511+00:00,1777145399.2425113,565,870,16.18,17.33,14.71,19.23,dry,light,stable,falling,TOO_DRY
2026-04-25T19:30:01.322062+00:00,1777145401.322062,566,870,15.88,17.33,14.67,18.68,dry,light,stable,stable,TOO_DRY
2026-04-25T19:30:03.241517+00:00,1777145403.241517,566,871,15.88,17.2,14.67,18.12,dry,light,stable,stable,TOO_DRY
2026-04-25T19:30:05.347304+00:00,1777145405.3473043,566,871,15.88,17.2,15.92,17.27,dry,light,stable,stable,TOO_DRY
2026-04-25T19:30:07.367178+00:00,1777145407.3671777,565,871,16.18,17.2,15.77,17.63,dry,light,stable,stable,TOO_DRY
2026-04-25T19:30:09.318849+00:00,1777145409.3188493,565,871,16.18,17.2,15.92,17.3,dry,light,stable,stable,TOO_DRY
2026-04-25T19:30:11.224285+00:00,1777145411.2242854,566,870,15.88,17.33,16.03,17.27,dry,light,stable,stable,TOO_DRY
2026-04-25T19:30:13.275180+00:00,1777145413.27518,566,871,15.88,17.2,16.03,17.27,dry,light,stable,stable,TOO_DRY
2026-04-25T19:30:15.326145+00:00,1777145415.326145,566,870,15.88,17.33,16.03,17.27,dry,light,stable,stable,TOO_DRY
2026-04-25T19:30:17.277251+00:00,1777145417.2772505,565,871,16.18,17.2,16.07,17.27,dry,light,stable,stable,TOO_DRY
2026-04-25T19:30:27.609976+00:00,1777145427.609976,566,862,15.88,18.4,16.07,17.4,dry,light,stable,stable,TOO_DRY
2026-04-25T19:30:29.512346+00:00,1777145429.5123458,564,862,16.47,18.4,16.07,17.4,dry,light,stable,stable,TOO_DRY
2026-04-25T19:30:31.671385+00:00,1777145431.671385,566,862,15.88,18.4,16.03,17.53,dry,light,stable,stable,TOO_DRY
2026-04-25T19:30:33.549762+00:00,1777145433.5497622,569,862,15.0,18.4,15.88,17.67,dry,light,stable,stable,TOO_DRY
2026-04-25T19:30:35.609110+00:00,1777145435.6091099,566,862,15.88,18.4,16.03,17.53,dry,light,stable,stable,TOO_DRY
2026-04-25T19:30:37.521819+00:00,1777145437.5218189,565,862,16.18,18.4,15.88,17.82,dry,light,stable,stable,TOO_DRY
2026-04-25T19:30:39.602514+00:00,1777145439.6025143,566,862,15.88,18.4,15.85,17.97,dry,light,stable,stable,TOO_DRY
2026-04-25T19:30:41.518282+00:00,1777145441.518282,565,863,16.18,18.27,16.07,17.65,dry,light,stable,stable,TOO_DRY
2026-04-25T19:30:43.513553+00:00,1777145443.513553,566,862,15.88,18.4,16.07,17.8,dry,light,stable,stable,TOO_DRY
2026-04-25T19:30:45.541286+00:00,1777145445.5412862,566,862,15.88,18.4,16.03,17.95,dry,light,stable,stable,TOO_DRY
2026-04-25T19:30:47.693660+00:00,1777145447.6936605,565,862,16.18,18.4,15.88,18.12,dry,light,stable,stable,TOO_DRY
2026-04-25T19:30:49.550562+00:00,1777145449.5505624,565,862,16.18,18.4,15.92,18.25,dry,light,stable,stable,TOO_DRY
2026-04-25T19:30:51.604133+00:00,1777145451.6041334,565,861,16.18,18.53,15.92,18.42,dry,light,stable,stable,TOO_DRY
2026-04-25T19:30:53.528970+00:00,1777145453.5289702,565,862,16.18,18.4,16.03,18.1,dry,light,stable,stable,TOO_DRY
2026-04-25T19:30:55.571309+00:00,1777145455.5713093,565,861,16.18,18.53,15.96,18.43,dry,light,stable,stable,TOO_DRY
2026-04-25T19:30:57.586064+00:00,1777145457.5860643,565,862,16.18,18.4,15.99,18.43,dry,light,stable,stable,TOO_DRY
2026-04-25T19:30:59.763562+00:00,1777145459.7635617,566,862,15.88,18.4,16.03,18.25,dry,light,stable,stable,TOO_DRY
2026-04-25T19:31:01.707428+00:00,1777145461.7074285,565,862,16.18,18.4,16.14,18.43,dry,light,stable,stable,TOO_DRY
2026-04-25T19:31:03.566625+00:00,1777145463.566625,565,861,16.18,18.53,16.14,18.45,dry,light,stable,stable,TOO_DRY
2026-04-25T19:31:05.648233+00:00,1777145465.6482332,566,861,15.88,18.53,16.14,18.46,dry,light,stable,stable,TOO_DRY
2026-04-25T19:31:07.544326+00:00,1777145467.5443258,565,861,16.18,18.53,16.07,18.4,dry,light,stable,stable,TOO_DRY
2026-04-25T19:31:09.616000+00:00,1777145469.6160004,565,861,16.18,18.53,16.03,18.42,dry,light,stable,stable,TOO_DRY
2026-04-25T19:31:11.642456+00:00,1777145471.6424558,566,861,15.88,18.53,16.11,18.48,dry,light,stable,stable,TOO_DRY
2026-04-25T19:31:13.586620+00:00,1777145473.5866203,566,862,15.88,18.4,16.03,18.42,dry,light,stable,stable,TOO_DRY
2026-04-25T19:31:15.560921+00:00,1777145475.5609212,566,862,15.88,18.4,16.07,18.48,dry,light,stable,stable,TOO_DRY
2026-04-25T19:31:17.552494+00:00,1777145477.5524936,566,861,15.88,18.53,16.03,18.48,dry,light,stable,stable,TOO_DRY
2026-04-25T19:31:19.883026+00:00,1777145479.8830264,565,862,16.18,18.4,16.03,18.43,dry,light,stable,stable,TOO_DRY
2026-04-25T19:31:21.587341+00:00,1777145481.5873413,566,862,15.88,18.4,15.99,18.46,dry,light,stable,stable,TOO_DRY
2026-04-25T19:31:23.627651+00:00,1777145483.6276507,566,862,15.88,18.4,16.03,18.43,dry,light,stable,stable,TOO_DRY
2026-04-25T19:31:25.510936+00:00,1777145485.5109358,566,862,15.88,18.4,15.96,18.46,dry,light,stable,stable,TOO_DRY
2026-04-25T19:31:27.614434+00:00,1777145487.614434,566,861,15.88,18.53,16.03,18.45,dry,light,stable,stable,TOO_DRY
2026-04-25T19:31:29.563086+00:00,1777145489.5630858,566,861,15.88,18.53,15.99,18.46,dry,light,stable,stable,TOO_DRY
2026-04-25T19:31:33.581416+00:00,1777145493.5814164,565,862,16.18,18.4,15.96,18.46,dry,light,stable,stable,TOO_DRY
2026-04-25T19:31:35.621033+00:00,1777145495.6210334,566,862,15.88,18.4,15.99,18.46,dry,light,stable,stable,TOO_DRY
2026-04-25T19:31:37.606817+00:00,1777145497.6068175,565,862,16.18,18.4,15.96,18.45,dry,light,stable,stable,TOO_DRY
2026-04-25T19:31:39.623907+00:00,1777145499.6239073,566,862,15.88,18.4,15.96,18.45,dry,light,stable,stable,TOO_DRY
2026-04-25T19:31:41.564817+00:00,1777145501.5648174,565,862,16.18,18.4,15.99,18.43,dry,light,stable,stable,TOO_DRY
2026-04-25T19:31:43.591687+00:00,1777145503.5916872,566,861,15.88,18.53,15.92,18.45,dry,light,stable,stable,TOO_DRY
2026-04-25T19:31:45.526686+00:00,1777145505.5266862,566,862,15.88,18.4,15.99,18.42,dry,light,stable,stable,TOO_DRY
2026-04-25T19:31:49.600730+00:00,1777145509.6007302,565,861,16.18,18.53,15.96,18.46,dry,light,stable,stable,TOO_DRY
2026-04-25T19:31:51.594926+00:00,1777145511.5949264,566,862,15.88,18.4,15.99,18.42,dry,light,stable,stable,TOO_DRY
2026-04-25T19:31:53.603405+00:00,1777145513.603405,566,862,15.88,18.4,15.99,18.4,dry,light,stable,stable,TOO_DRY
2026-04-25T19:31:55.686179+00:00,1777145515.6861792,566,862,15.88,18.4,15.92,18.46,dry,light,stable,stable,TOO_DRY
2026-04-25T19:31:57.625521+00:00,1777145517.6255214,566,862,15.88,18.4,15.99,18.4,dry,light,stable,stable,TOO_DRY
2026-04-25T19:31:59.685452+00:00,1777145519.6854522,566,862,15.88,18.4,15.92,18.46,dry,light,stable,stable,TOO_DRY
2026-04-25T19:32:01.616760+00:00,1777145521.6167598,566,861,15.88,18.53,15.99,18.42,dry,light,stable,stable,TOO_DRY
2026-04-25T19:32:06.059731+00:00,1777145526.0597315,566,862,15.88,18.4,15.92,18.45,dry,light,stable,stable,TOO_DRY
2026-04-25T19:32:07.681774+00:00,1777145527.6817737,566,862,15.88,18.4,15.96,18.42,dry,light,stable,stable,TOO_DRY
2026-04-25T19:32:09.628522+00:00,1777145529.628522,566,862,15.88,18.4,15.92,18.43,dry,light,stable,stable,TOO_DRY
2026-04-25T19:32:11.661232+00:00,1777145531.6612318,566,862,15.88,18.4,15.92,18.42,dry,light,stable,stable,TOO_DRY
2026-04-25T19:32:13.614938+00:00,1777145533.6149375,565,862,16.18,18.4,15.92,18.42,dry,light,stable,stable,TOO_DRY
2026-04-25T19:32:15.855728+00:00,1777145535.855728,565,863,16.18,18.27,15.96,18.4,dry,light,stable,stable,TOO_DRY
2026-04-25T19:32:17.720142+00:00,1777145537.720142,565,862,16.18,18.4,15.96,18.43,dry,light,stable,stable,TOO_DRY
2026-04-25T19:32:19.674071+00:00,1777145539.6740706,566,862,15.88,18.4,15.96,18.4,dry,light,stable,stable,TOO_DRY
2026-04-25T19:32:21.597589+00:00,1777145541.5975885,565,863,16.18,18.27,15.99,18.38,dry,light,stable,stable,TOO_DRY
2026-04-25T19:32:23.650413+00:00,1777145543.6504126,566,862,15.88,18.4,15.96,18.43,dry,light,stable,stable,TOO_DRY
2026-04-25T19:32:25.616138+00:00,1777145545.6161375,565,862,16.18,18.4,16.03,18.38,dry,light,stable,stable,TOO_DRY
2026-04-25T19:32:27.653085+00:00,1777145547.6530848,565,862,16.18,18.4,15.99,18.42,dry,light,stable,stable,TOO_DRY
2026-04-25T19:32:31.626203+00:00,1777145551.6262028,565,862,16.18,18.4,16.07,18.37,dry,light,stable,stable,TOO_DRY
2026-04-25T19:32:33.671420+00:00,1777145553.6714196,565,862,16.18,18.4,15.99,18.4,dry,light,stable,stable,TOO_DRY
2026-04-25T19:32:35.719333+00:00,1777145555.7193327,565,862,16.18,18.4,16.11,18.37,dry,light,stable,stable,TOO_DRY
2026-04-25T19:32:37.657011+00:00,1777145557.6570113,566,862,15.88,18.4,15.99,18.4,dry,light,stable,stable,TOO_DRY
2026-04-25T19:32:39.611649+00:00,1777145559.611649,566,862,15.88,18.4,15.99,18.4,dry,light,stable,stable,TOO_DRY
2026-04-25T19:32:41.575726+00:00,1777145561.5757258,565,862,16.18,18.4,16.14,18.37,dry,light,stable,stable,TOO_DRY
2026-04-25T19:32:43.705429+00:00,1777145563.705429,565,862,16.18,18.4,16.14,18.37,dry,light,stable,stable,TOO_DRY
2026-04-25T19:32:45.680375+00:00,1777145565.6803746,566,862,15.88,18.4,16.11,18.38,dry,light,stable,stable,TOO_DRY
2026-04-25T19:32:47.701126+00:00,1777145567.7011256,566,861,15.88,18.53,15.99,18.42,dry,light,stable,stable,TOO_DRY
2026-04-25T19:32:49.689783+00:00,1777145569.6897829,565,862,16.18,18.4,16.14,18.38,dry,light,stable,stable,TOO_DRY
2026-04-25T19:32:51.589389+00:00,1777145571.5893893,565,862,16.18,18.4,16.14,18.4,dry,light,stable,stable,TOO_DRY
2026-04-25T19:32:53.578156+00:00,1777145573.5781562,565,862,16.18,18.4,16.03,18.42,dry,light,stable,stable,TOO_DRY
2026-04-25T19:32:55.676775+00:00,1777145575.676775,566,862,15.88,18.4,16.11,18.4,dry,light,stable,stable,TOO_DRY
2026-04-25T19:32:57.666481+00:00,1777145577.6664815,565,863,16.18,18.27,16.03,18.4,dry,light,stable,stable,TOO_DRY
2026-04-25T19:32:59.809294+00:00,1777145579.8092935,565,862,16.18,18.4,16.11,18.4,dry,light,stable,stable,TOO_DRY
2026-04-25T19:33:03.637378+00:00,1777145583.6373775,565,862,16.18,18.4,16.07,18.4,dry,light,stable,stable,TOO_DRY
2026-04-25T19:33:05.653543+00:00,1777145585.6535432,565,862,16.18,18.4,16.07,18.4,dry,light,stable,stable,TOO_DRY
2026-04-25T19:33:07.663171+00:00,1777145587.6631708,566,862,15.88,18.4,16.07,18.4,dry,light,stable,stable,TOO_DRY
2026-04-25T19:33:09.709906+00:00,1777145589.7099063,566,862,15.88,18.4,16.03,18.4,dry,light,stable,stable,TOO_DRY
2026-04-25T19:33:11.660869+00:00,1777145591.6608691,565,862,16.18,18.4,16.07,18.4,dry,light,stable,stable,TOO_DRY
2026-04-25T19:33:13.668580+00:00,1777145593.6685798,565,862,16.18,18.4,16.07,18.4,dry,light,stable,stable,TOO_DRY
2026-04-25T19:33:15.652788+00:00,1777145595.652788,566,862,15.88,18.4,16.07,18.4,dry,light,stable,stable,TOO_DRY
