timestamp_iso,angle,dist_cm,clear,pump_was_running
2026-04-25T16:53:48.554064+00:00,0,999.0,True,False
2026-04-25T16:53:48.677760+00:00,10,999.0,True,False
2026-04-25T16:53:48.961722+00:00,20,999.0,True,False
2026-04-25T16:53:49.160456+00:00,30,999.0,True,False
2026-04-25T16:53:49.228265+00:00,40,999.0,True,False
2026-04-25T16:53:49.432662+00:00,50,999.0,True,False
2026-04-25T16:53:49.590326+00:00,60,999.0,True,False
2026-04-25T16:53:49.974636+00:00,70,999.0,True,False
2026-04-25T16:53:50.675773+00:00,80,999.0,True,False
2026-04-25T16:53:51.126251+00:00,90,999.0,True,False
2026-04-25T16:53:51.126805+00:00,100,999.0,True,False
2026-04-25T16:53:51.127254+00:00,110,999.0,True,False
2026-04-25T16:53:51.127505+00:00,120,999.0,True,False
2026-04-25T16:53:51.691546+00:00,130,999.0,True,False
2026-04-25T16:53:51.692099+00:00,140,999.0,True,False
2026-04-25T16:53:51.692352+00:00,150,999.0,True,False
2026-04-25T16:53:51.692934+00:00,160,999.0,True,False
2026-04-25T16:53:51.693163+00:00,170,999.0,True,False
2026-04-25T16:53:52.249943+00:00,180,999.0,True,False
2026-04-25T16:53:52.250693+00:00,10,999.0,True,True
2026-04-25T16:53:52.549369+00:00,20,999.0,True,True
2026-04-25T16:53:52.549933+00:00,30,999.0,True,True
2026-04-25T16:53:52.550196+00:00,40,999.0,True,True
2026-04-25T16:53:53.048442+00:00,50,999.0,True,True
2026-04-25T16:53:53.049192+00:00,60,999.0,True,True
2026-04-25T16:53:53.379021+00:00,70,999.0,True,True
2026-04-25T16:53:53.379575+00:00,80,999.0,True,True
2026-04-25T16:53:53.379844+00:00,90,999.0,True,True
2026-04-25T16:53:53.973902+00:00,100,999.0,True,True
2026-04-25T16:53:53.974456+00:00,110,999.0,True,True
2026-04-25T16:53:54.181211+00:00,120,999.0,True,True
2026-04-25T16:53:54.181793+00:00,130,999.0,True,True
2026-04-25T16:53:54.182070+00:00,140,999.0,True,True
2026-04-25T16:53:54.375719+00:00,150,999.0,True,True
2026-04-25T16:53:54.443125+00:00,160,999.0,True,True
2026-04-25T16:53:54.788966+00:00,170,999.0,True,True
2026-04-25T16:53:54.908354+00:00,180,999.0,True,True
2026-04-25T16:53:55.014160+00:00,170,999.0,True,True
2026-04-25T16:53:55.503067+00:00,160,999.0,True,True
2026-04-25T16:53:55.617910+00:00,150,999.0,True,True
2026-04-25T16:53:55.618605+00:00,140,999.0,True,True
2026-04-25T16:53:55.785650+00:00,130,999.0,True,True
2026-04-25T16:53:55.922714+00:00,120,999.0,True,True
2026-04-25T16:53:56.035622+00:00,110,999.0,True,True
2026-04-25T16:53:56.319532+00:00,100,999.0,True,True
2026-04-25T16:53:56.544946+00:00,90,999.0,True,True
2026-04-25T16:53:56.787628+00:00,80,999.0,True,True
2026-04-25T16:53:56.942401+00:00,70,999.0,True,True
2026-04-25T16:53:57.148721+00:00,60,999.0,True,True
2026-04-25T16:53:57.251110+00:00,50,999.0,True,True
2026-04-25T16:53:57.348526+00:00,40,999.0,True,True
2026-04-25T16:53:57.469305+00:00,30,999.0,True,True
2026-04-25T16:53:57.785538+00:00,20,999.0,True,True
2026-04-25T16:53:57.907531+00:00,10,999.0,True,True
2026-04-25T16:53:58.068876+00:00,0,999.0,True,True
2026-04-25T16:55:48.937032+00:00,0,999.0,True,False
2026-04-25T16:55:48.938159+00:00,10,999.0,True,False
2026-04-25T16:55:49.167785+00:00,20,999.0,True,False
2026-04-25T16:55:49.489449+00:00,30,999.0,True,False
2026-04-25T16:55:49.619983+00:00,40,999.0,True,False
2026-04-25T16:55:49.663067+00:00,50,999.0,True,False
2026-04-25T16:55:49.809347+00:00,60,999.0,True,False
2026-04-25T16:55:50.092071+00:00,70,999.0,True,False
2026-04-25T16:55:50.131214+00:00,80,999.0,True,False
2026-04-25T16:55:50.302616+00:00,90,999.0,True,False
2026-04-25T16:55:50.613987+00:00,100,999.0,True,False
2026-04-25T16:55:50.728725+00:00,110,999.0,True,False
2026-04-25T16:55:50.979356+00:00,120,999.0,True,False
2026-04-25T16:55:51.130495+00:00,130,999.0,True,False
2026-04-25T16:55:51.192833+00:00,140,999.0,True,False
2026-04-25T16:55:51.561852+00:00,150,999.0,True,False
2026-04-25T16:55:51.626875+00:00,160,999.0,True,False
2026-04-25T16:55:52.076904+00:00,170,999.0,True,False
2026-04-25T16:55:52.137106+00:00,180,999.0,True,False
2026-04-25T16:55:52.138205+00:00,10,999.0,True,True
2026-04-25T16:55:52.295079+00:00,20,999.0,True,True
2026-04-25T16:55:52.780014+00:00,30,999.0,True,True
2026-04-25T16:55:52.860095+00:00,40,999.0,True,True
2026-04-25T16:55:52.860997+00:00,50,999.0,True,True
2026-04-25T16:55:53.168984+00:00,60,999.0,True,True
2026-04-25T16:55:53.202897+00:00,70,999.0,True,True
2026-04-25T16:55:53.380374+00:00,80,999.0,True,True
2026-04-25T16:55:53.786235+00:00,90,999.0,True,True
2026-04-25T16:55:53.879227+00:00,100,999.0,True,True
2026-04-25T16:55:53.988240+00:00,110,999.0,True,True
2026-04-25T16:55:54.034795+00:00,120,999.0,True,True
2026-04-25T16:55:54.313672+00:00,130,999.0,True,True
2026-04-25T16:55:54.408785+00:00,140,999.0,True,True
2026-04-25T16:55:54.719545+00:00,150,999.0,True,True
2026-04-25T16:55:54.909815+00:00,160,999.0,True,True
2026-04-25T16:55:55.228046+00:00,170,999.0,True,True
2026-04-25T16:55:55.318866+00:00,180,999.0,True,True
2026-04-25T16:55:55.319713+00:00,170,999.0,True,True
2026-04-25T16:55:55.621322+00:00,160,999.0,True,True
2026-04-25T16:55:55.622281+00:00,150,999.0,True,True
2026-04-25T16:55:55.840909+00:00,140,999.0,True,True
2026-04-25T16:55:55.970479+00:00,130,999.0,True,True
2026-04-25T16:55:56.160448+00:00,120,999.0,True,True
2026-04-25T16:55:56.486021+00:00,110,999.0,True,True
2026-04-25T16:55:56.540891+00:00,100,999.0,True,True
2026-04-25T16:55:56.749325+00:00,90,999.0,True,True
2026-04-25T16:55:56.852118+00:00,80,999.0,True,True
2026-04-25T16:55:57.001523+00:00,70,999.0,True,True
2026-04-25T16:55:57.569133+00:00,60,999.0,True,True
2026-04-25T16:55:57.626923+00:00,50,999.0,True,True
2026-04-25T16:55:57.628115+00:00,40,999.0,True,True
2026-04-25T16:55:57.798999+00:00,30,999.0,True,True
2026-04-25T16:55:58.210673+00:00,20,999.0,True,True
2026-04-25T16:55:58.703367+00:00,10,999.0,True,True
2026-04-25T16:55:58.704490+00:00,0,999.0,True,True
2026-04-25T17:00:40.914442+00:00,15,1175.0,True,False
2026-04-25T17:00:40.914995+00:00,20,1173.0,True,False
2026-04-25T17:00:41.337389+00:00,25,1173.0,True,False
2026-04-25T17:00:41.338423+00:00,30,1172.0,True,False
2026-04-25T17:00:41.338738+00:00,35,1173.0,True,False
2026-04-25T17:00:41.338979+00:00,40,1173.0,True,False
2026-04-25T17:00:41.339200+00:00,45,1173.0,True,False
2026-04-25T17:00:41.339411+00:00,50,1173.0,True,False
2026-04-25T17:00:41.339635+00:00,55,153.0,True,False
2026-04-25T17:00:41.339850+00:00,60,155.0,True,False
2026-04-25T17:00:41.340065+00:00,65,153.0,True,False
2026-04-25T17:00:41.531317+00:00,70,152.0,True,False
2026-04-25T17:00:41.531839+00:00,75,30.0,False,False
2026-04-25T17:02:28.129595+00:00,15,1176.0,True,False
2026-04-25T17:02:28.189843+00:00,20,1173.0,True,False
2026-04-25T17:02:28.190415+00:00,25,1173.0,True,False
2026-04-25T17:02:28.645265+00:00,30,1173.0,True,False
2026-04-25T17:02:28.645842+00:00,35,1173.0,True,False
2026-04-25T17:02:28.646143+00:00,40,72.0,True,False
2026-04-25T17:02:28.851097+00:00,45,1172.0,True,False
2026-04-25T17:02:28.851999+00:00,50,1172.0,True,False
2026-04-25T17:02:28.852368+00:00,55,155.0,True,False
2026-04-25T17:02:28.852652+00:00,60,154.0,True,False
2026-04-25T17:02:28.852883+00:00,65,153.0,True,False
2026-04-25T17:02:29.050638+00:00,70,152.0,True,False
2026-04-25T17:02:29.051248+00:00,75,153.0,True,False
2026-04-25T17:02:29.051570+00:00,80,152.0,True,False
2026-04-25T17:02:29.051815+00:00,85,29.0,False,False
2026-04-25T17:03:34.382383+00:00,15,174.0,True,False
2026-04-25T17:03:34.488268+00:00,20,175.0,True,False
2026-04-25T17:03:34.488955+00:00,25,176.0,True,False
2026-04-25T17:03:34.694960+00:00,30,174.0,True,False
2026-04-25T17:03:34.695790+00:00,35,174.0,True,False
2026-04-25T17:03:34.696054+00:00,40,174.0,True,False
2026-04-25T17:03:34.696294+00:00,45,175.0,True,False
2026-04-25T17:03:35.302801+00:00,50,176.0,True,False
2026-04-25T17:03:35.303352+00:00,55,177.0,True,False
2026-04-25T17:03:35.303600+00:00,60,177.0,True,False
2026-04-25T17:03:35.514067+00:00,65,178.0,True,False
2026-04-25T17:03:35.514549+00:00,70,1172.0,True,False
2026-04-25T17:03:35.514809+00:00,75,1173.0,True,False
2026-04-25T17:03:35.515072+00:00,80,1172.0,True,False
2026-04-25T17:03:35.515298+00:00,85,1173.0,True,False
2026-04-25T17:03:35.515513+00:00,90,1173.0,True,False
2026-04-25T17:03:35.516071+00:00,95,1172.0,True,False
2026-04-25T17:03:35.730591+00:00,100,1173.0,True,False
2026-04-25T17:03:35.731549+00:00,105,1172.0,True,False
2026-04-25T17:03:36.227629+00:00,110,1173.0,True,False
2026-04-25T17:03:36.228164+00:00,115,1172.0,True,False
2026-04-25T17:03:36.228417+00:00,120,1172.0,True,False
2026-04-25T17:03:36.434879+00:00,125,107.0,True,False
2026-04-25T17:03:36.435424+00:00,130,106.0,True,False
2026-04-25T17:03:36.435680+00:00,135,106.0,True,False
2026-04-25T17:03:36.435949+00:00,140,106.0,True,False
2026-04-25T17:03:36.436199+00:00,145,105.0,True,False
2026-04-25T17:03:36.436446+00:00,150,104.0,True,False
2026-04-25T17:03:36.436659+00:00,155,105.0,True,False
2026-04-25T17:03:36.436879+00:00,160,106.0,True,False
2026-04-25T17:03:36.638432+00:00,165,28.0,False,False
2026-04-25T17:05:08.288376+00:00,15,173.0,True,False
2026-04-25T17:05:08.709330+00:00,20,173.0,True,False
2026-04-25T17:05:08.709869+00:00,25,173.0,True,False
2026-04-25T17:05:08.710131+00:00,30,173.0,True,False
2026-04-25T17:05:08.710361+00:00,35,174.0,True,False
2026-04-25T17:05:08.710586+00:00,40,173.0,True,False
2026-04-25T17:05:09.003555+00:00,45,174.0,True,False
2026-04-25T17:05:09.004503+00:00,50,173.0,True,False
2026-04-25T17:05:09.004763+00:00,55,172.0,True,False
2026-04-25T17:05:09.005012+00:00,60,174.0,True,False
2026-04-25T17:05:09.005246+00:00,65,173.0,True,False
2026-04-25T17:05:09.005522+00:00,70,173.0,True,False
2026-04-25T17:05:09.005746+00:00,75,173.0,True,False
2026-04-25T17:05:09.309110+00:00,80,172.0,True,False
2026-04-25T17:05:09.309592+00:00,85,173.0,True,False
2026-04-25T17:05:09.309894+00:00,90,173.0,True,False
2026-04-25T17:05:09.310145+00:00,95,173.0,True,False
2026-04-25T17:05:09.310739+00:00,100,1172.0,True,False
2026-04-25T17:05:09.310975+00:00,105,172.0,True,False
2026-04-25T17:05:09.639140+00:00,110,172.0,True,False
2026-04-25T17:05:09.640093+00:00,115,171.0,True,False
2026-04-25T17:05:09.640353+00:00,120,172.0,True,False
2026-04-25T17:05:09.640581+00:00,125,171.0,True,False
2026-04-25T17:05:09.640798+00:00,130,171.0,True,False
2026-04-25T17:05:09.641013+00:00,135,172.0,True,False
2026-04-25T17:05:10.039424+00:00,140,172.0,True,False
2026-04-25T17:05:10.039992+00:00,145,172.0,True,False
2026-04-25T17:05:10.040330+00:00,150,172.0,True,False
2026-04-25T17:05:10.332731+00:00,155,171.0,True,False
2026-04-25T17:05:10.333241+00:00,160,171.0,True,False
2026-04-25T17:05:10.333503+00:00,165,170.0,True,False
2026-04-25T17:05:10.333737+00:00,165,172.0,True,False
2026-04-25T17:05:10.333963+00:00,160,169.0,True,False
2026-04-25T17:05:10.334188+00:00,155,170.0,True,False
2026-04-25T17:05:10.538355+00:00,150,169.0,True,False
2026-04-25T17:05:10.538903+00:00,145,168.0,True,False
2026-04-25T17:05:10.539148+00:00,140,168.0,True,False
2026-04-25T17:05:10.539376+00:00,135,170.0,True,False
2026-04-25T17:05:10.539635+00:00,130,170.0,True,False
2026-04-25T17:05:10.803118+00:00,125,171.0,True,False
2026-04-25T17:05:10.803946+00:00,120,171.0,True,False
2026-04-25T17:05:10.804229+00:00,115,170.0,True,False
2026-04-25T17:05:11.166847+00:00,110,170.0,True,False
2026-04-25T17:05:11.167693+00:00,105,172.0,True,False
2026-04-25T17:05:11.167947+00:00,100,173.0,True,False
2026-04-25T17:05:11.168197+00:00,95,173.0,True,False
2026-04-25T17:05:11.539644+00:00,90,1172.0,True,False
2026-04-25T17:05:11.540199+00:00,85,1173.0,True,False
2026-04-25T17:05:11.540462+00:00,80,1172.0,True,False
2026-04-25T17:05:11.540694+00:00,75,173.0,True,False
2026-04-25T17:05:11.540923+00:00,70,173.0,True,False
2026-04-25T17:05:11.774177+00:00,65,173.0,True,False
2026-04-25T17:05:11.774723+00:00,60,173.0,True,False
2026-04-25T17:05:11.774994+00:00,55,174.0,True,False
2026-04-25T17:05:11.775234+00:00,50,173.0,True,False
2026-04-25T17:05:11.775463+00:00,45,173.0,True,False
2026-04-25T17:05:11.775737+00:00,40,173.0,True,False
2026-04-25T17:05:12.082569+00:00,35,173.0,True,False
2026-04-25T17:05:12.083101+00:00,30,173.0,True,False
2026-04-25T17:05:12.083350+00:00,25,174.0,True,False
2026-04-25T17:05:12.083586+00:00,20,174.0,True,False
2026-04-25T17:05:12.083802+00:00,15,174.0,True,False
2026-04-25T17:05:12.513405+00:00,15,173.0,True,True
2026-04-25T17:05:12.514216+00:00,20,174.0,True,True
2026-04-25T17:05:12.514607+00:00,25,174.0,True,True
2026-04-25T17:05:12.514878+00:00,30,174.0,True,True
2026-04-25T17:05:12.792835+00:00,35,174.0,True,True
2026-04-25T17:05:12.793562+00:00,40,174.0,True,True
2026-04-25T17:05:12.793858+00:00,45,173.0,True,True
2026-04-25T17:05:12.794090+00:00,50,174.0,True,True
2026-04-25T17:05:12.794301+00:00,55,176.0,True,True
2026-04-25T17:05:12.794511+00:00,60,175.0,True,True
2026-04-25T17:05:12.794718+00:00,65,174.0,True,True
2026-04-25T17:05:13.098235+00:00,70,174.0,True,True
2026-04-25T17:05:13.098755+00:00,75,175.0,True,True
2026-04-25T17:05:13.099009+00:00,80,175.0,True,True
2026-04-25T17:05:13.625563+00:00,85,178.0,True,True
2026-04-25T17:05:13.626113+00:00,90,101.0,True,True
2026-04-25T17:05:13.626361+00:00,95,1172.0,True,True
2026-04-25T17:05:13.626590+00:00,100,104.0,True,True
2026-04-25T17:05:13.626805+00:00,105,73.0,True,True
2026-04-25T17:05:13.627024+00:00,110,71.0,True,True
2026-04-25T17:05:13.627358+00:00,115,70.0,True,True
2026-04-25T17:05:13.627634+00:00,120,70.0,True,True
2026-04-25T17:05:14.247351+00:00,125,68.0,True,True
2026-04-25T17:05:14.247887+00:00,130,66.0,True,True
2026-04-25T17:05:14.248182+00:00,135,59.0,True,True
2026-04-25T17:05:14.248419+00:00,140,67.0,True,True
2026-04-25T17:05:14.248685+00:00,145,51.0,True,True
2026-04-25T17:05:14.248931+00:00,150,44.0,False,True
2026-04-25T17:07:06.718075+00:00,15,173.0,True,False
2026-04-25T17:07:06.808287+00:00,20,173.0,True,False
2026-04-25T17:07:06.808832+00:00,25,173.0,True,False
2026-04-25T17:07:07.003246+00:00,30,174.0,True,False
2026-04-25T17:07:07.003882+00:00,35,104.0,True,False
2026-04-25T17:07:07.181234+00:00,40,105.0,True,False
2026-04-25T17:07:07.181767+00:00,45,104.0,True,False
2026-04-25T17:07:07.182039+00:00,50,103.0,True,False
2026-04-25T17:07:07.487962+00:00,55,101.0,True,False
2026-04-25T17:07:07.488518+00:00,60,86.0,True,False
2026-04-25T17:07:07.488784+00:00,65,71.0,True,False
2026-04-25T17:07:07.489013+00:00,70,70.0,True,False
2026-04-25T17:07:07.693668+00:00,75,85.0,True,False
2026-04-25T17:07:07.694183+00:00,80,86.0,True,False
2026-04-25T17:07:07.694450+00:00,85,93.0,True,False
2026-04-25T17:07:07.694684+00:00,90,87.0,True,False
2026-04-25T17:07:07.892172+00:00,95,99.0,True,False
2026-04-25T17:07:07.892949+00:00,100,99.0,True,False
2026-04-25T17:07:07.893196+00:00,105,87.0,True,False
2026-04-25T17:07:08.209837+00:00,110,84.0,True,False
2026-04-25T17:07:08.210636+00:00,115,75.0,True,False
2026-04-25T17:07:08.211386+00:00,120,72.0,True,False
2026-04-25T17:07:08.211671+00:00,125,73.0,True,False
2026-04-25T17:07:08.369398+00:00,130,38.0,False,False
2026-04-25T17:12:27.898427+00:00,15,69.0,True,False
2026-04-25T17:12:27.899003+00:00,20,67.0,True,False
2026-04-25T17:12:27.899334+00:00,25,68.0,True,False
2026-04-25T17:12:27.899598+00:00,30,70.0,True,False
2026-04-25T17:12:27.899854+00:00,35,172.0,True,False
2026-04-25T17:12:27.900103+00:00,40,171.0,True,False
2026-04-25T17:12:27.900351+00:00,45,172.0,True,False
2026-04-25T17:12:28.207141+00:00,50,171.0,True,False
2026-04-25T17:12:28.207738+00:00,55,68.0,True,False
2026-04-25T17:12:28.208068+00:00,60,171.0,True,False
2026-04-25T17:12:28.208464+00:00,65,68.0,True,False
2026-04-25T17:12:28.208769+00:00,70,172.0,True,False
2026-04-25T17:12:28.343176+00:00,75,171.0,True,False
2026-04-25T17:12:28.343791+00:00,80,171.0,True,False
2026-04-25T17:12:28.624951+00:00,85,172.0,True,False
2026-04-25T17:12:28.625603+00:00,90,171.0,True,False
2026-04-25T17:12:28.626323+00:00,95,172.0,True,False
2026-04-25T17:12:28.626607+00:00,100,171.0,True,False
2026-04-25T17:12:28.926196+00:00,105,171.0,True,False
2026-04-25T17:12:28.927126+00:00,110,171.0,True,False
2026-04-25T17:12:28.927530+00:00,115,172.0,True,False
2026-04-25T17:12:29.335752+00:00,120,173.0,True,False
2026-04-25T17:12:29.336475+00:00,125,172.0,True,False
2026-04-25T17:12:29.336727+00:00,130,171.0,True,False
2026-04-25T17:12:29.337052+00:00,135,172.0,True,False
2026-04-25T17:12:29.337352+00:00,140,172.0,True,False
2026-04-25T17:12:29.337597+00:00,145,172.0,True,False
2026-04-25T17:12:29.337840+00:00,150,173.0,True,False
2026-04-25T17:12:29.749629+00:00,155,172.0,True,False
2026-04-25T17:12:29.750474+00:00,160,173.0,True,False
2026-04-25T17:12:29.750725+00:00,165,173.0,True,False
2026-04-25T17:12:29.750994+00:00,165,175.0,True,False
2026-04-25T17:12:29.962373+00:00,160,173.0,True,False
2026-04-25T17:12:29.962924+00:00,155,172.0,True,False
2026-04-25T17:12:29.963173+00:00,150,67.0,True,False
2026-04-25T17:12:29.963440+00:00,145,173.0,True,False
2026-04-25T17:12:29.963664+00:00,140,64.0,True,False
2026-04-25T17:12:29.963878+00:00,135,64.0,True,False
2026-04-25T17:12:29.964097+00:00,130,64.0,True,False
2026-04-25T17:12:30.272093+00:00,125,66.0,True,False
2026-04-25T17:12:30.273163+00:00,120,173.0,True,False
2026-04-25T17:12:30.273457+00:00,115,171.0,True,False
2026-04-25T17:12:30.465897+00:00,110,68.0,True,False
2026-04-25T17:12:30.466874+00:00,105,173.0,True,False
2026-04-25T17:12:30.467160+00:00,100,171.0,True,False
2026-04-25T17:12:30.467400+00:00,95,170.0,True,False
2026-04-25T17:12:30.467626+00:00,90,170.0,True,False
2026-04-25T17:12:30.871436+00:00,85,171.0,True,False
2026-04-25T17:12:30.872281+00:00,80,170.0,True,False
2026-04-25T17:12:30.872560+00:00,75,170.0,True,False
2026-04-25T17:12:30.872814+00:00,70,170.0,True,False
2026-04-25T17:12:30.873059+00:00,65,171.0,True,False
2026-04-25T17:12:31.279365+00:00,60,170.0,True,False
2026-04-25T17:12:31.279886+00:00,55,170.0,True,False
2026-04-25T17:12:31.280145+00:00,50,68.0,True,False
2026-04-25T17:12:31.280597+00:00,45,69.0,True,False
2026-04-25T17:12:31.528354+00:00,40,171.0,True,False
2026-04-25T17:12:31.529300+00:00,35,171.0,True,False
2026-04-25T17:12:31.530142+00:00,30,170.0,True,False
2026-04-25T17:12:31.530475+00:00,25,171.0,True,False
2026-04-25T17:12:31.530713+00:00,20,71.0,True,False
2026-04-25T17:12:31.530928+00:00,15,65.0,True,False
2026-04-25T17:12:31.752200+00:00,15,170.0,True,True
2026-04-25T17:12:31.753083+00:00,20,67.0,True,True
2026-04-25T17:12:31.753334+00:00,25,171.0,True,True
2026-04-25T17:12:31.753733+00:00,30,170.0,True,True
2026-04-25T17:12:31.754004+00:00,35,170.0,True,True
2026-04-25T17:12:32.322450+00:00,40,170.0,True,True
2026-04-25T17:12:32.323469+00:00,45,171.0,True,True
2026-04-25T17:12:32.324217+00:00,50,171.0,True,True
2026-04-25T17:12:32.324468+00:00,55,171.0,True,True
2026-04-25T17:12:32.324693+00:00,60,171.0,True,True
2026-04-25T17:12:32.324909+00:00,65,170.0,True,True
2026-04-25T17:12:32.446266+00:00,70,170.0,True,True
2026-04-25T17:12:32.447152+00:00,75,170.0,True,True
2026-04-25T17:12:32.447628+00:00,80,171.0,True,True
2026-04-25T17:12:32.447848+00:00,85,171.0,True,True
2026-04-25T17:12:32.448063+00:00,90,170.0,True,True
2026-04-25T17:12:32.643501+00:00,95,171.0,True,True
2026-04-25T17:12:32.644190+00:00,100,170.0,True,True
2026-04-25T17:12:32.644469+00:00,105,171.0,True,True
2026-04-25T17:12:33.038785+00:00,110,171.0,True,True
2026-04-25T17:12:33.039404+00:00,115,171.0,True,True
2026-04-25T17:12:33.039674+00:00,120,170.0,True,True
2026-04-25T17:12:33.039923+00:00,125,171.0,True,True
2026-04-25T17:12:33.432175+00:00,130,172.0,True,True
2026-04-25T17:12:33.433148+00:00,135,171.0,True,True
2026-04-25T17:12:33.434092+00:00,140,171.0,True,True
2026-04-25T17:12:33.434468+00:00,145,170.0,True,True
2026-04-25T17:12:33.434735+00:00,150,171.0,True,True
2026-04-25T17:12:33.434961+00:00,155,172.0,True,True
2026-04-25T17:12:33.435182+00:00,160,171.0,True,True
2026-04-25T17:12:33.435396+00:00,165,171.0,True,True
2026-04-25T17:12:34.206968+00:00,160,175.0,True,True
2026-04-25T17:12:34.207777+00:00,155,171.0,True,True
2026-04-25T17:12:34.208030+00:00,150,171.0,True,True
2026-04-25T17:12:34.208417+00:00,145,171.0,True,True
2026-04-25T17:12:34.208699+00:00,140,170.0,True,True
2026-04-25T17:12:34.208928+00:00,135,170.0,True,True
2026-04-25T17:12:34.659707+00:00,130,171.0,True,True
2026-04-25T17:12:34.660249+00:00,125,170.0,True,True
2026-04-25T17:12:34.660498+00:00,120,170.0,True,True
2026-04-25T17:12:34.660729+00:00,115,170.0,True,True
2026-04-25T17:12:34.660960+00:00,110,170.0,True,True
2026-04-25T17:12:34.661172+00:00,105,170.0,True,True
2026-04-25T17:12:34.661378+00:00,100,171.0,True,True
2026-04-25T17:12:34.661580+00:00,95,170.0,True,True
2026-04-25T17:12:34.661799+00:00,90,171.0,True,True
2026-04-25T17:12:34.662054+00:00,85,172.0,True,True
2026-04-25T17:12:34.662274+00:00,80,170.0,True,True
2026-04-25T17:12:34.662493+00:00,75,170.0,True,True
2026-04-25T17:12:34.662708+00:00,70,170.0,True,True
2026-04-25T17:12:35.078864+00:00,65,171.0,True,True
2026-04-25T17:12:35.079372+00:00,60,170.0,True,True
2026-04-25T17:12:35.079617+00:00,55,170.0,True,True
2026-04-25T17:12:35.079843+00:00,50,169.0,True,True
2026-04-25T17:12:35.494422+00:00,45,170.0,True,True
2026-04-25T17:12:35.494981+00:00,40,170.0,True,True
2026-04-25T17:12:35.495233+00:00,35,170.0,True,True
2026-04-25T17:12:35.495456+00:00,30,170.0,True,True
2026-04-25T17:12:35.495673+00:00,25,71.0,True,True
2026-04-25T17:12:35.788326+00:00,20,70.0,True,True
2026-04-25T17:12:35.788846+00:00,15,70.0,True,True
2026-04-25T17:12:35.789098+00:00,20,171.0,True,True
2026-04-25T17:12:35.789320+00:00,25,171.0,True,True
2026-04-25T17:12:35.789637+00:00,30,171.0,True,True
2026-04-25T17:12:35.789932+00:00,35,171.0,True,True
2026-04-25T17:12:35.790163+00:00,40,172.0,True,True
2026-04-25T17:12:35.790398+00:00,45,171.0,True,True
2026-04-25T17:12:36.116229+00:00,50,171.0,True,True
2026-04-25T17:12:36.117181+00:00,55,170.0,True,True
2026-04-25T17:12:36.118025+00:00,60,170.0,True,True
2026-04-25T17:12:36.118336+00:00,65,170.0,True,True
2026-04-25T17:12:36.330776+00:00,70,171.0,True,True
2026-04-25T17:12:36.331694+00:00,75,171.0,True,True
2026-04-25T17:12:36.332077+00:00,80,170.0,True,True
2026-04-25T17:12:36.332295+00:00,85,170.0,True,True
2026-04-25T17:12:36.332512+00:00,90,170.0,True,True
2026-04-25T17:12:36.494819+00:00,95,171.0,True,True
2026-04-25T17:12:36.495679+00:00,100,170.0,True,True
2026-04-25T17:12:36.495932+00:00,105,172.0,True,True
2026-04-25T17:12:37.036551+00:00,110,171.0,True,True
2026-04-25T17:12:37.037427+00:00,115,171.0,True,True
2026-04-25T17:12:37.037691+00:00,120,171.0,True,True
2026-04-25T17:12:37.037949+00:00,125,171.0,True,True
2026-04-25T17:12:37.555764+00:00,130,171.0,True,True
2026-04-25T17:12:37.556724+00:00,135,172.0,True,True
2026-04-25T17:12:37.557299+00:00,140,172.0,True,True
2026-04-25T17:12:37.557524+00:00,145,198.0,True,True
2026-04-25T17:12:37.557739+00:00,150,197.0,True,True
2026-04-25T17:12:37.557994+00:00,155,196.0,True,True
2026-04-25T17:12:37.558208+00:00,160,100.0,True,True
2026-04-25T17:12:37.905392+00:00,165,91.0,True,True
2026-04-25T17:12:37.905924+00:00,160,99.0,True,True
2026-04-25T17:12:37.906179+00:00,155,91.0,True,True
2026-04-25T17:12:37.906413+00:00,150,174.0,True,True
2026-04-25T17:12:37.906646+00:00,145,172.0,True,True
2026-04-25T17:12:37.906872+00:00,140,172.0,True,True
2026-04-25T17:14:29.147472+00:00,15,4.0,False,False
2026-04-25T17:16:30.759116+00:00,15,6.0,False,False
2026-04-25T17:18:30.827213+00:00,15,5.0,False,False
2026-04-25T17:23:01.672435+00:00,15,62.0,True,False
2026-04-25T17:23:01.887640+00:00,195,44.0,False,False
2026-04-25T17:27:14.276459+00:00,15,166.0,True,False
2026-04-25T17:27:14.374357+00:00,195,41.0,True,False
2026-04-25T17:27:14.375267+00:00,20,56.0,True,False
2026-04-25T17:27:14.376281+00:00,200,38.0,True,False
2026-04-25T17:27:14.903269+00:00,25,57.0,True,False
2026-04-25T17:27:14.904612+00:00,205,35.0,True,False
2026-04-25T17:27:14.905457+00:00,30,129.0,True,False
2026-04-25T17:27:14.905985+00:00,210,35.0,True,False
2026-04-25T17:27:14.906499+00:00,35,58.0,True,False
2026-04-25T17:27:16.445783+00:00,215,36.0,True,False
2026-04-25T17:27:16.447389+00:00,40,56.0,True,False
2026-04-25T17:27:16.448693+00:00,220,34.0,True,False
2026-04-25T17:27:16.449284+00:00,45,0.0,True,False
2026-04-25T17:27:17.467319+00:00,225,34.0,True,False
2026-04-25T17:27:17.468680+00:00,50,56.0,True,False
2026-04-25T17:27:17.469671+00:00,230,33.0,True,False
2026-04-25T17:27:17.470421+00:00,55,54.0,True,False
2026-04-25T17:27:17.470987+00:00,235,35.0,True,False
2026-04-25T17:27:17.471615+00:00,60,54.0,True,False
2026-04-25T17:27:17.472600+00:00,240,34.0,True,False
2026-04-25T17:27:17.473108+00:00,65,51.0,True,False
2026-04-25T17:27:17.473710+00:00,245,35.0,True,False
2026-04-25T17:27:17.474479+00:00,70,49.0,True,False
2026-04-25T17:27:17.475238+00:00,250,35.0,True,False
2026-04-25T17:27:17.475860+00:00,75,50.0,True,False
2026-04-25T17:27:18.398023+00:00,255,35.0,True,False
2026-04-25T17:27:18.517048+00:00,80,49.0,True,False
2026-04-25T17:27:18.517919+00:00,260,34.0,True,False
2026-04-25T17:27:18.518513+00:00,85,38.0,True,False
2026-04-25T17:27:18.519031+00:00,265,33.0,True,False
2026-04-25T17:27:18.519556+00:00,90,37.0,True,False
2026-04-25T17:27:18.520080+00:00,270,33.0,True,False
2026-04-25T17:27:18.520622+00:00,95,35.0,True,False
2026-04-25T17:27:18.521104+00:00,275,33.0,True,False
2026-04-25T17:27:18.521653+00:00,100,35.0,True,False
2026-04-25T17:27:18.522231+00:00,280,32.0,True,False
2026-04-25T17:27:18.522754+00:00,105,35.0,True,False
2026-04-25T17:27:18.523259+00:00,285,32.0,True,False
2026-04-25T17:27:18.523823+00:00,110,35.0,True,False
2026-04-25T17:27:18.524387+00:00,290,32.0,True,False
2026-04-25T17:27:18.524931+00:00,115,34.0,True,False
2026-04-25T17:27:18.525513+00:00,295,33.0,True,False
2026-04-25T17:27:18.525955+00:00,120,35.0,True,False
2026-04-25T17:27:18.526410+00:00,300,33.0,True,False
2026-04-25T17:27:18.526884+00:00,125,35.0,True,False
2026-04-25T17:27:20.154514+00:00,305,33.0,True,False
2026-04-25T17:27:20.601959+00:00,130,37.0,True,False
2026-04-25T17:27:20.603182+00:00,310,34.0,True,False
2026-04-25T17:27:20.603905+00:00,135,46.0,True,False
2026-04-25T17:27:20.604429+00:00,315,34.0,True,False
2026-04-25T17:27:20.605394+00:00,140,47.0,True,False
2026-04-25T17:27:20.605997+00:00,320,35.0,True,False
2026-04-25T17:27:20.606662+00:00,145,49.0,True,False
2026-04-25T17:27:20.607163+00:00,325,43.0,True,False
2026-04-25T17:27:20.607743+00:00,150,63.0,True,False
2026-04-25T17:27:20.608531+00:00,330,42.0,True,False
2026-04-25T17:27:20.609631+00:00,155,49.0,True,False
2026-04-25T17:27:20.610096+00:00,335,51.0,True,False
2026-04-25T17:27:20.610512+00:00,160,49.0,True,False
2026-04-25T17:27:20.610952+00:00,340,50.0,True,False
2026-04-25T17:27:20.611353+00:00,165,49.0,True,False
2026-04-25T17:27:20.611838+00:00,345,54.0,True,False
2026-04-25T17:27:20.612352+00:00,165,47.0,True,False
2026-04-25T17:27:20.613084+00:00,345,58.0,True,False
2026-04-25T17:27:20.613890+00:00,160,47.0,True,False
2026-04-25T17:27:20.614431+00:00,340,51.0,True,False
2026-04-25T17:27:20.968364+00:00,155,49.0,True,False
2026-04-25T17:27:20.969315+00:00,335,52.0,True,False
2026-04-25T17:27:20.970137+00:00,150,51.0,True,False
2026-04-25T17:27:20.971263+00:00,330,56.0,True,False
2026-04-25T17:27:20.971954+00:00,145,50.0,True,False
2026-04-25T17:27:20.972427+00:00,325,51.0,True,False
2026-04-25T17:27:20.972928+00:00,140,63.0,True,False
2026-04-25T17:27:20.973470+00:00,320,43.0,True,False
2026-04-25T17:27:20.974062+00:00,135,62.0,True,False
2026-04-25T17:27:20.974632+00:00,315,37.0,True,False
2026-04-25T17:27:20.975434+00:00,130,49.0,True,False
2026-04-25T17:27:20.975857+00:00,310,35.0,True,False
2026-04-25T17:27:20.976353+00:00,125,47.0,True,False
2026-04-25T17:27:20.976863+00:00,305,34.0,True,False
2026-04-25T17:27:20.977590+00:00,120,46.0,True,False
2026-04-25T17:27:20.978332+00:00,300,35.0,True,False
2026-04-25T17:27:20.979007+00:00,115,37.0,True,False
2026-04-25T17:27:20.979610+00:00,295,33.0,True,False
2026-04-25T17:27:20.980334+00:00,110,38.0,True,False
2026-04-25T17:27:20.981011+00:00,290,33.0,True,False
2026-04-25T17:27:21.480611+00:00,105,37.0,True,False
2026-04-25T17:27:21.481607+00:00,285,33.0,True,False
2026-04-25T17:27:21.482279+00:00,100,29.0,True,False
2026-04-25T17:27:21.483245+00:00,280,32.0,True,False
2026-04-25T17:27:21.483921+00:00,95,30.0,True,False
2026-04-25T17:27:21.484541+00:00,275,33.0,True,False
2026-04-25T17:27:21.485590+00:00,90,36.0,True,False
2026-04-25T17:27:21.486206+00:00,270,32.0,True,False
2026-04-25T17:27:21.487348+00:00,85,37.0,True,False
2026-04-25T17:27:21.487870+00:00,265,32.0,True,False
2026-04-25T17:27:21.796081+00:00,80,35.0,True,False
2026-04-25T17:27:21.796945+00:00,260,33.0,True,False
2026-04-25T17:27:21.797785+00:00,75,37.0,True,False
2026-04-25T17:27:22.082489+00:00,255,32.0,True,False
2026-04-25T17:27:22.083428+00:00,70,34.0,True,False
2026-04-25T17:27:22.084121+00:00,250,32.0,True,False
2026-04-25T17:27:22.084701+00:00,65,47.0,True,False
2026-04-25T17:27:22.085901+00:00,245,35.0,True,False
2026-04-25T17:27:22.086476+00:00,60,36.0,True,False
2026-04-25T17:27:22.491169+00:00,240,34.0,True,False
2026-04-25T17:27:22.492324+00:00,55,38.0,True,False
2026-04-25T17:27:22.493489+00:00,235,35.0,True,False
2026-04-25T17:27:22.494137+00:00,50,53.0,True,False
2026-04-25T17:27:23.210717+00:00,230,35.0,True,False
2026-04-25T17:27:23.211507+00:00,45,54.0,True,False
2026-04-25T17:27:23.212103+00:00,225,35.0,True,False
2026-04-25T17:27:23.212666+00:00,40,54.0,True,False
2026-04-25T17:27:23.213173+00:00,220,34.0,True,False
2026-04-25T17:27:23.213688+00:00,35,55.0,True,False
2026-04-25T17:27:23.214321+00:00,215,35.0,True,False
2026-04-25T17:27:23.524510+00:00,30,54.0,True,False
2026-04-25T17:27:23.525872+00:00,210,34.0,True,False
2026-04-25T17:27:23.526778+00:00,25,54.0,True,False
2026-04-25T17:27:23.527430+00:00,205,34.0,True,False
2026-04-25T17:27:23.528537+00:00,20,54.0,True,False
2026-04-25T17:27:23.529225+00:00,200,35.0,True,False
2026-04-25T17:27:23.529852+00:00,15,55.0,True,False
2026-04-25T17:27:23.530365+00:00,195,33.0,True,False
2026-04-25T17:27:23.824675+00:00,15,53.0,True,True
2026-04-25T17:27:23.825577+00:00,195,33.0,True,True
2026-04-25T17:27:24.038484+00:00,20,54.0,True,True
2026-04-25T17:27:24.039529+00:00,200,33.0,True,True
2026-04-25T17:27:24.040355+00:00,25,55.0,True,True
2026-04-25T17:27:24.041439+00:00,205,32.0,True,True
2026-04-25T17:27:24.335023+00:00,30,56.0,True,True
2026-04-25T17:27:24.336065+00:00,210,35.0,True,True
2026-04-25T17:27:24.337285+00:00,35,55.0,True,True
2026-04-25T17:27:24.337913+00:00,215,35.0,True,True
2026-04-25T17:27:24.540105+00:00,40,166.0,True,True
2026-04-25T17:27:24.541198+00:00,220,33.0,True,True
2026-04-25T17:27:24.750926+00:00,45,0.0,True,True
2026-04-25T17:27:24.752015+00:00,225,34.0,True,True
2026-04-25T17:27:24.753025+00:00,50,88.0,True,True
2026-04-25T17:27:24.947755+00:00,230,33.0,True,True
2026-04-25T17:27:24.948905+00:00,55,56.0,True,True
2026-04-25T17:27:24.949523+00:00,235,34.0,True,True
2026-04-25T17:27:25.357899+00:00,60,55.0,True,True
2026-04-25T17:27:25.358990+00:00,240,34.0,True,True
2026-04-25T17:27:25.360172+00:00,65,55.0,True,True
2026-04-25T17:27:25.360746+00:00,245,33.0,True,True
2026-04-25T17:27:25.870914+00:00,70,38.0,True,True
2026-04-25T17:27:25.872181+00:00,250,36.0,True,True
2026-04-25T17:27:25.873079+00:00,75,35.0,True,True
2026-04-25T17:27:25.873892+00:00,255,33.0,True,True
2026-04-25T17:27:25.874460+00:00,80,35.0,True,True
2026-04-25T17:27:25.875446+00:00,260,34.0,True,True
2026-04-25T17:27:25.876456+00:00,85,34.0,True,True
2026-04-25T17:27:26.075394+00:00,265,33.0,True,True
2026-04-25T17:27:26.076441+00:00,90,34.0,True,True
2026-04-25T17:27:26.077307+00:00,270,32.0,True,True
2026-04-25T17:27:26.077911+00:00,95,35.0,True,True
2026-04-25T17:27:26.394662+00:00,275,33.0,True,True
2026-04-25T17:27:26.395929+00:00,100,34.0,True,True
2026-04-25T17:27:26.591295+00:00,280,32.0,True,True
2026-04-25T17:27:26.592327+00:00,105,29.0,True,True
2026-04-25T17:27:26.592836+00:00,285,31.0,True,True
2026-04-25T17:27:26.593657+00:00,110,28.0,True,True
2026-04-25T17:27:26.792758+00:00,290,32.0,True,True
2026-04-25T17:27:26.793646+00:00,115,28.0,True,True
2026-04-25T17:27:26.795122+00:00,295,32.0,True,True
2026-04-25T17:27:27.589333+00:00,120,28.0,True,True
2026-04-25T17:27:27.727799+00:00,300,32.0,True,True
2026-04-25T17:27:27.728755+00:00,125,33.0,True,True
2026-04-25T17:27:27.730152+00:00,305,33.0,True,True
2026-04-25T17:27:27.730891+00:00,130,35.0,True,True
2026-04-25T17:27:27.731434+00:00,310,34.0,True,True
2026-04-25T17:27:27.731956+00:00,135,36.0,True,True
2026-04-25T17:27:27.732478+00:00,315,34.0,True,True
2026-04-25T17:27:27.733042+00:00,140,38.0,True,True
2026-04-25T17:27:27.733871+00:00,320,35.0,True,True
2026-04-25T17:27:27.734771+00:00,145,50.0,True,True
2026-04-25T17:27:28.253825+00:00,325,37.0,True,True
2026-04-25T17:27:28.255167+00:00,150,50.0,True,True
2026-04-25T17:27:28.256252+00:00,330,49.0,True,True
2026-04-25T17:27:28.257101+00:00,155,51.0,True,True
2026-04-25T17:27:28.257833+00:00,335,42.0,True,True
2026-04-25T17:27:28.258499+00:00,160,56.0,True,True
2026-04-25T17:27:28.259138+00:00,340,49.0,True,True
2026-04-25T17:27:28.259691+00:00,165,49.0,True,True
2026-04-25T17:27:28.636915+00:00,345,51.0,True,True
2026-04-25T17:27:28.638175+00:00,160,49.0,True,True
2026-04-25T17:27:28.639211+00:00,340,53.0,True,True
2026-04-25T17:27:29.884269+00:00,155,49.0,True,True
2026-04-25T17:27:29.885531+00:00,335,52.0,True,True
2026-04-25T17:27:29.886267+00:00,150,55.0,True,True
2026-04-25T17:27:29.886839+00:00,330,56.0,True,True
2026-04-25T17:27:29.887828+00:00,145,56.0,True,True
2026-04-25T17:27:29.888344+00:00,325,49.0,True,True
2026-04-25T17:27:29.889017+00:00,140,59.0,True,True
2026-04-25T17:27:30.732001+00:00,320,49.0,True,True
2026-04-25T17:27:30.733204+00:00,135,49.0,True,True
2026-04-25T17:27:30.734243+00:00,315,49.0,True,True
2026-04-25T17:27:30.735398+00:00,130,42.0,True,True
2026-04-25T17:27:30.736109+00:00,310,36.0,True,True
2026-04-25T17:27:30.737056+00:00,125,38.0,True,True
2026-04-25T17:27:30.737788+00:00,305,35.0,True,True
2026-04-25T17:27:30.738613+00:00,120,36.0,True,True
2026-04-25T17:27:30.739179+00:00,300,36.0,True,True
2026-04-25T17:27:30.739678+00:00,115,34.0,True,True
2026-04-25T17:27:30.740118+00:00,295,33.0,True,True
2026-04-25T17:29:15.437688+00:00,15,53.0,True,False
2026-04-25T17:29:15.438902+00:00,195,33.0,True,False
2026-04-25T17:29:15.719796+00:00,20,53.0,True,False
2026-04-25T17:29:15.720649+00:00,200,33.0,True,False
2026-04-25T17:29:15.721410+00:00,25,53.0,True,False
2026-04-25T17:29:15.722093+00:00,205,33.0,True,False
2026-04-25T17:29:15.722664+00:00,30,53.0,True,False
2026-04-25T17:29:16.050208+00:00,210,33.0,True,False
2026-04-25T17:29:16.051443+00:00,35,53.0,True,False
2026-04-25T17:29:16.222471+00:00,215,29.0,True,False
2026-04-25T17:29:16.223448+00:00,40,42.0,True,False
2026-04-25T17:29:16.224346+00:00,220,33.0,True,False
2026-04-25T17:29:16.225051+00:00,45,41.0,True,False
2026-04-25T17:29:16.225616+00:00,225,35.0,True,False
2026-04-25T17:29:16.354339+00:00,50,41.0,True,False
2026-04-25T17:29:16.355730+00:00,230,34.0,True,False
2026-04-25T17:29:16.586794+00:00,55,40.0,True,False
2026-04-25T17:29:16.621390+00:00,235,35.0,True,False
2026-04-25T17:29:16.994286+00:00,60,40.0,True,False
2026-04-25T17:29:16.995225+00:00,240,37.0,True,False
2026-04-25T17:29:17.699153+00:00,65,40.0,True,False
2026-04-25T17:29:17.914847+00:00,245,36.0,True,False
2026-04-25T17:29:17.916188+00:00,70,40.0,True,False
2026-04-25T17:29:17.916923+00:00,250,32.0,True,False
2026-04-25T17:29:17.917640+00:00,75,42.0,True,False
2026-04-25T17:29:17.918220+00:00,255,31.0,True,False
2026-04-25T17:29:17.918730+00:00,80,71.0,True,False
2026-04-25T17:29:17.919210+00:00,260,32.0,True,False
2026-04-25T17:29:17.919704+00:00,85,40.0,True,False
2026-04-25T17:29:17.920201+00:00,265,31.0,True,False
2026-04-25T17:29:18.602926+00:00,90,39.0,True,False
2026-04-25T17:29:18.603903+00:00,270,31.0,True,False
2026-04-25T17:29:18.604903+00:00,95,41.0,True,False
2026-04-25T17:29:18.606219+00:00,275,31.0,True,False
2026-04-25T17:29:18.606909+00:00,100,47.0,True,False
2026-04-25T17:29:18.608042+00:00,280,31.0,True,False
2026-04-25T17:29:18.608931+00:00,105,46.0,True,False
2026-04-25T17:29:18.609484+00:00,285,30.0,True,False
2026-04-25T17:29:19.646772+00:00,110,46.0,True,False
2026-04-25T17:29:19.647935+00:00,290,31.0,True,False
2026-04-25T17:29:19.648619+00:00,115,46.0,True,False
2026-04-25T17:29:19.649541+00:00,295,31.0,True,False
2026-04-25T17:29:19.650047+00:00,120,46.0,True,False
2026-04-25T17:29:19.650585+00:00,300,31.0,True,False
2026-04-25T17:29:20.169652+00:00,125,46.0,True,False
2026-04-25T17:29:20.170771+00:00,305,36.0,True,False
2026-04-25T17:29:20.171473+00:00,130,47.0,True,False
2026-04-25T17:29:20.172746+00:00,310,37.0,True,False
2026-04-25T17:29:20.173514+00:00,135,48.0,True,False
2026-04-25T17:29:20.174349+00:00,315,37.0,True,False
2026-04-25T17:29:20.175042+00:00,140,51.0,True,False
2026-04-25T17:29:20.175676+00:00,320,39.0,True,False
2026-04-25T17:29:20.176293+00:00,145,52.0,True,False
2026-04-25T17:29:20.176916+00:00,325,43.0,True,False
2026-04-25T17:29:20.177592+00:00,150,51.0,True,False
2026-04-25T17:29:20.178127+00:00,330,50.0,True,False
2026-04-25T17:29:20.178606+00:00,155,51.0,True,False
2026-04-25T17:29:20.179068+00:00,335,49.0,True,False
2026-04-25T17:29:20.179726+00:00,160,50.0,True,False
2026-04-25T17:29:20.180242+00:00,340,49.0,True,False
2026-04-25T17:29:20.181317+00:00,165,48.0,True,False
2026-04-25T17:29:20.182222+00:00,345,49.0,True,False
2026-04-25T17:29:20.483902+00:00,165,48.0,True,False
2026-04-25T17:29:20.485028+00:00,345,49.0,True,False
2026-04-25T17:29:20.485997+00:00,160,49.0,True,False
2026-04-25T17:29:20.486559+00:00,340,49.0,True,False
2026-04-25T17:29:20.487574+00:00,155,49.0,True,False
2026-04-25T17:29:20.488283+00:00,335,49.0,True,False
2026-04-25T17:29:20.489268+00:00,150,50.0,True,False
2026-04-25T17:29:20.811398+00:00,330,49.0,True,False
2026-04-25T17:29:20.812652+00:00,145,51.0,True,False
2026-04-25T17:29:21.311709+00:00,325,49.0,True,False
2026-04-25T17:29:21.312572+00:00,140,51.0,True,False
2026-04-25T17:29:21.313161+00:00,320,56.0,True,False
2026-04-25T17:29:21.313627+00:00,135,61.0,True,False
2026-04-25T17:29:21.314185+00:00,315,56.0,True,False
2026-04-25T17:29:22.809432+00:00,130,50.0,True,False
2026-04-25T17:29:23.219131+00:00,310,38.0,True,False
2026-04-25T17:29:23.220205+00:00,125,47.0,True,False
2026-04-25T17:29:23.220943+00:00,305,37.0,True,False
2026-04-25T17:29:23.221515+00:00,120,47.0,True,False
2026-04-25T17:29:23.222604+00:00,300,36.0,True,False
2026-04-25T17:29:23.223104+00:00,115,47.0,True,False
2026-04-25T17:29:23.224223+00:00,295,33.0,True,False
2026-04-25T17:29:23.224782+00:00,110,46.0,True,False
2026-04-25T17:29:23.225556+00:00,290,32.0,True,False
2026-04-25T17:29:23.226471+00:00,105,46.0,True,False
2026-04-25T17:29:23.226967+00:00,285,32.0,True,False
2026-04-25T17:29:23.228009+00:00,100,37.0,True,False
2026-04-25T17:29:23.228721+00:00,280,31.0,True,False
2026-04-25T17:29:23.229279+00:00,95,36.0,True,False
2026-04-25T17:29:23.229790+00:00,275,31.0,True,False
2026-04-25T17:29:23.230326+00:00,90,45.0,True,False
2026-04-25T17:29:23.230847+00:00,270,31.0,True,False
2026-04-25T17:29:23.231504+00:00,85,46.0,True,False
2026-04-25T17:29:23.231975+00:00,265,30.0,True,False
2026-04-25T17:29:24.472819+00:00,80,41.0,True,False
2026-04-25T17:29:25.385428+00:00,260,32.0,True,False
2026-04-25T17:29:25.386649+00:00,75,40.0,True,False
2026-04-25T17:29:25.388487+00:00,255,32.0,True,False
2026-04-25T17:29:25.389008+00:00,70,40.0,True,False
2026-04-25T17:29:25.389435+00:00,250,31.0,True,False
2026-04-25T17:29:25.390006+00:00,65,42.0,True,False
2026-04-25T17:29:25.390652+00:00,245,31.0,True,False
2026-04-25T17:29:25.391688+00:00,60,44.0,True,False
2026-04-25T17:29:25.392237+00:00,240,32.0,True,False
2026-04-25T17:29:25.392892+00:00,55,74.0,True,False
2026-04-25T17:29:25.393578+00:00,235,32.0,True,False
2026-04-25T17:29:25.394299+00:00,50,0.0,True,False
2026-04-25T17:29:25.394791+00:00,230,36.0,True,False
2026-04-25T17:29:25.395689+00:00,45,42.0,True,False
2026-04-25T17:29:25.396166+00:00,225,37.0,True,False
2026-04-25T17:29:25.396736+00:00,40,0.0,True,False
2026-04-25T17:29:25.397514+00:00,220,33.0,True,False
2026-04-25T17:29:25.397992+00:00,35,0.0,True,False
2026-04-25T17:29:25.398474+00:00,215,33.0,True,False
2026-04-25T17:29:25.398980+00:00,30,0.0,True,False
2026-04-25T17:29:25.399598+00:00,210,32.0,True,False
2026-04-25T17:29:25.400132+00:00,25,0.0,True,False
2026-04-25T17:29:25.400901+00:00,205,32.0,True,False
2026-04-25T17:29:25.401426+00:00,20,0.0,True,False
2026-04-25T17:29:25.402085+00:00,200,32.0,True,False
2026-04-25T17:29:25.402651+00:00,15,53.0,True,False
2026-04-25T17:29:25.403187+00:00,195,34.0,True,False
2026-04-25T17:29:25.403951+00:00,15,52.0,True,False
2026-04-25T17:29:25.404498+00:00,195,33.0,True,False
2026-04-25T17:29:25.405026+00:00,20,52.0,True,False
2026-04-25T17:29:25.696380+00:00,200,33.0,True,True
2026-04-25T17:29:25.697236+00:00,25,52.0,True,True
2026-04-25T17:29:25.697990+00:00,205,33.0,True,True
2026-04-25T17:29:26.129525+00:00,30,53.0,True,True
2026-04-25T17:29:26.130774+00:00,210,32.0,True,True
2026-04-25T17:29:26.131342+00:00,35,49.0,True,True
2026-04-25T17:29:26.132100+00:00,215,33.0,True,True
2026-04-25T17:29:26.132915+00:00,40,60.0,True,True
2026-04-25T17:29:26.133732+00:00,220,32.0,True,True
2026-04-25T17:29:26.134662+00:00,45,13.0,False,True
2026-04-25T17:29:26.135488+00:00,225,33.0,True,True
2026-04-25T18:55:06.979099+00:00,15,36.0,True,False
2026-04-25T18:55:07.093839+00:00,195,43.0,True,False
2026-04-25T18:55:07.334554+00:00,20,36.0,True,False
2026-04-25T18:55:07.336288+00:00,200,39.0,True,False
2026-04-25T18:55:07.338223+00:00,25,112.0,True,False
2026-04-25T18:55:07.339821+00:00,205,43.0,True,False
2026-04-25T18:55:07.947268+00:00,40,111.0,True,False
2026-04-25T18:55:08.111818+00:00,220,35.0,True,False
2026-04-25T18:55:08.120238+00:00,45,111.0,True,False
2026-04-25T18:55:08.121102+00:00,225,36.0,True,False
2026-04-25T18:55:08.121778+00:00,50,112.0,True,False
2026-04-25T18:55:08.320793+00:00,230,35.0,True,False
2026-04-25T18:55:08.321995+00:00,55,112.0,True,False
2026-04-25T18:55:08.322692+00:00,235,35.0,True,False
2026-04-25T18:55:08.521260+00:00,60,112.0,True,False
2026-04-25T18:55:08.523372+00:00,240,42.0,True,False
2026-04-25T18:55:08.524881+00:00,65,0.0,True,False
2026-04-25T18:55:08.825884+00:00,245,41.0,True,False
2026-04-25T18:55:08.828694+00:00,70,0.0,True,False
2026-04-25T18:55:08.830532+00:00,250,34.0,True,False
2026-04-25T18:55:08.831936+00:00,75,0.0,True,False
2026-04-25T18:55:09.243088+00:00,255,34.0,True,False
2026-04-25T18:55:09.245360+00:00,80,0.0,True,False
2026-04-25T18:55:09.247543+00:00,260,34.0,True,False
2026-04-25T18:55:09.249269+00:00,85,0.0,True,False
2026-04-25T18:55:09.653849+00:00,265,24.0,True,False
2026-04-25T18:55:09.656100+00:00,90,0.0,True,False
2026-04-25T18:55:09.657762+00:00,270,23.0,True,False
2026-04-25T18:55:09.660150+00:00,95,0.0,True,False
2026-04-25T18:55:09.661489+00:00,275,22.0,True,False
2026-04-25T18:55:09.662518+00:00,100,117.0,True,False
2026-04-25T18:55:10.156708+00:00,295,36.0,True,False
2026-04-25T18:55:10.263090+00:00,120,45.0,True,False
2026-04-25T18:55:10.264532+00:00,300,24.0,True,False
2026-04-25T18:55:10.666768+00:00,125,44.0,True,False
2026-04-25T18:55:10.668988+00:00,305,38.0,True,False
2026-04-25T18:55:10.670954+00:00,130,44.0,True,False
2026-04-25T18:55:10.672658+00:00,310,39.0,True,False
2026-04-25T18:55:11.077521+00:00,135,44.0,True,False
2026-04-25T18:55:11.079775+00:00,315,35.0,True,False
2026-04-25T18:55:11.081324+00:00,140,44.0,True,False
2026-04-25T18:55:11.082919+00:00,320,36.0,True,False
2026-04-25T18:55:11.084876+00:00,145,45.0,True,False
2026-04-25T18:55:11.086261+00:00,325,37.0,True,False
2026-04-25T18:55:11.278911+00:00,150,45.0,True,False
2026-04-25T18:55:11.280944+00:00,330,35.0,True,False
2026-04-25T18:55:11.281928+00:00,155,46.0,True,False
2026-04-25T18:55:11.509199+00:00,335,32.0,True,False
2026-04-25T18:55:11.510740+00:00,160,47.0,True,False
2026-04-25T18:55:11.511996+00:00,340,31.0,True,False
2026-04-25T18:55:11.864417+00:00,165,48.0,True,False
2026-04-25T18:55:11.867306+00:00,345,31.0,True,False
2026-04-25T18:55:11.869059+00:00,165,48.0,True,False
2026-04-25T18:55:11.871936+00:00,345,31.0,True,False
2026-04-25T18:55:12.747034+00:00,320,35.0,True,False
2026-04-25T18:55:12.921860+00:00,135,46.0,True,False
2026-04-25T18:55:12.922770+00:00,315,38.0,True,False
2026-04-25T18:55:12.923559+00:00,130,44.0,True,False
2026-04-25T18:55:13.326812+00:00,310,38.0,True,False
2026-04-25T18:55:13.328594+00:00,125,45.0,True,False
2026-04-25T18:55:13.330269+00:00,305,38.0,True,False
2026-04-25T18:55:13.331766+00:00,120,45.0,True,False
2026-04-25T18:55:13.658426+00:00,300,36.0,True,False
2026-04-25T18:55:13.659629+00:00,115,45.0,True,False
2026-04-25T18:55:13.668601+00:00,295,35.0,True,False
2026-04-25T18:55:13.670019+00:00,110,45.0,True,False
2026-04-25T18:55:13.671514+00:00,290,35.0,True,False
2026-04-25T18:55:14.146355+00:00,105,45.0,True,False
2026-04-25T18:55:14.148634+00:00,285,36.0,True,False
2026-04-25T18:55:14.151833+00:00,100,0.0,True,False
2026-04-25T18:55:14.153942+00:00,280,22.0,True,False
2026-04-25T18:55:14.156180+00:00,95,115.0,True,False
2026-04-25T18:55:14.158314+00:00,275,21.0,True,False
2026-04-25T18:55:14.159985+00:00,90,115.0,True,False
2026-04-25T18:55:14.457882+00:00,270,22.0,True,False
2026-04-25T18:55:14.461730+00:00,85,0.0,True,False
2026-04-25T18:55:14.463962+00:00,265,23.0,True,False
2026-04-25T18:55:14.465686+00:00,80,0.0,True,False
2026-04-25T18:55:15.276121+00:00,240,41.0,True,False
2026-04-25T18:55:15.384910+00:00,55,0.0,True,False
2026-04-25T18:55:15.388088+00:00,235,36.0,True,False
2026-04-25T18:55:15.389704+00:00,50,0.0,True,False
2026-04-25T18:55:15.391870+00:00,230,35.0,True,False
2026-04-25T18:55:15.702096+00:00,45,113.0,True,False
2026-04-25T18:55:15.703994+00:00,225,34.0,True,False
2026-04-25T18:55:15.705774+00:00,40,113.0,True,False
2026-04-25T18:55:15.708022+00:00,220,35.0,True,False
2026-04-25T18:55:16.102124+00:00,35,113.0,True,False
2026-04-25T18:55:16.104095+00:00,215,36.0,True,False
2026-04-25T18:55:16.106042+00:00,30,112.0,True,False
2026-04-25T18:55:16.107269+00:00,210,35.0,True,False
2026-04-25T18:55:16.405163+00:00,25,112.0,True,False
2026-04-25T18:55:16.408144+00:00,205,36.0,True,False
2026-04-25T18:55:16.408989+00:00,20,35.0,True,False
2026-04-25T18:55:16.409512+00:00,200,43.0,True,False
2026-04-25T18:55:16.410453+00:00,15,33.0,True,False
2026-04-25T18:55:16.410805+00:00,195,41.0,True,False
2026-04-25T18:55:16.790714+00:00,15,33.0,True,True
2026-04-25T18:55:16.792302+00:00,195,43.0,True,True
2026-04-25T18:55:17.544137+00:00,225,37.0,True,False
2026-04-25T18:55:17.857243+00:00,50,111.0,True,False
2026-04-25T18:55:18.037613+00:00,230,36.0,True,False
2026-04-25T18:55:18.039537+00:00,55,114.0,True,False
2026-04-25T18:55:18.041408+00:00,235,37.0,True,False
2026-04-25T18:55:18.042429+00:00,60,0.0,True,False
2026-04-25T18:55:18.560420+00:00,240,35.0,True,False
2026-04-25T18:55:18.562791+00:00,65,0.0,True,False
2026-04-25T18:55:18.564931+00:00,245,34.0,True,False
2026-04-25T18:55:18.566135+00:00,70,110.0,True,False
2026-04-25T18:55:18.567850+00:00,250,35.0,True,False
2026-04-25T18:55:18.569252+00:00,75,0.0,True,False
2026-04-25T18:55:18.570670+00:00,255,36.0,True,False
2026-04-25T18:55:19.034906+00:00,80,0.0,True,False
2026-04-25T18:55:19.037284+00:00,260,36.0,True,False
2026-04-25T18:55:19.038648+00:00,85,137.0,True,False
2026-04-25T18:55:19.041359+00:00,265,23.0,True,False
2026-04-25T18:55:19.042843+00:00,90,53.0,True,False
2026-04-25T18:55:19.043624+00:00,270,22.0,True,False
2026-04-25T18:55:19.044280+00:00,95,52.0,True,False
2026-04-25T18:55:19.503198+00:00,275,22.0,True,False
2026-04-25T18:55:19.505025+00:00,100,114.0,True,False
2026-04-25T18:55:19.507190+00:00,280,22.0,True,False
2026-04-25T18:55:19.507906+00:00,105,115.0,True,False
2026-04-25T18:55:19.787330+00:00,285,44.0,True,False
2026-04-25T18:55:19.788612+00:00,110,54.0,True,False
2026-04-25T18:55:19.790683+00:00,290,22.0,True,False
2026-04-25T18:55:19.792546+00:00,115,47.0,True,False
2026-04-25T18:55:19.794145+00:00,295,22.0,True,False
2026-04-25T18:55:19.795602+00:00,120,46.0,True,False
2026-04-25T18:55:20.329506+00:00,300,23.0,True,False
2026-04-25T18:55:20.330801+00:00,125,47.0,True,False
2026-04-25T18:55:20.332011+00:00,305,38.0,True,False
2026-04-25T18:55:20.333360+00:00,130,47.0,True,False
2026-04-25T18:55:20.334221+00:00,310,39.0,True,False
2026-04-25T18:55:20.335018+00:00,135,47.0,True,False
2026-04-25T18:55:20.335824+00:00,315,35.0,True,False
2026-04-25T18:55:20.705982+00:00,140,47.0,True,False
2026-04-25T18:55:20.708166+00:00,320,35.0,True,False
2026-04-25T18:55:20.716869+00:00,145,54.0,True,False
2026-04-25T18:55:20.718543+00:00,325,35.0,True,False
2026-04-25T18:55:21.113430+00:00,150,51.0,True,False
2026-04-25T18:55:21.115085+00:00,330,37.0,True,False
2026-04-25T18:55:21.118412+00:00,155,48.0,True,False
2026-04-25T18:55:21.119091+00:00,335,30.0,True,False
2026-04-25T18:55:21.121210+00:00,160,48.0,True,False
2026-04-25T18:55:21.355004+00:00,160,47.0,True,True
2026-04-25T18:55:21.636203+00:00,340,29.0,True,True
2026-04-25T18:55:21.825364+00:00,155,48.0,True,True
2026-04-25T18:55:21.955110+00:00,335,29.0,True,True
2026-04-25T18:55:21.957245+00:00,150,48.0,True,True
2026-04-25T18:55:21.958661+00:00,330,30.0,True,True
2026-04-25T18:55:22.419028+00:00,145,47.0,True,True
2026-04-25T18:55:22.420762+00:00,325,31.0,True,True
2026-04-25T18:55:22.421480+00:00,140,49.0,True,True
2026-04-25T18:55:22.422235+00:00,320,36.0,True,True
2026-04-25T18:55:22.422939+00:00,135,51.0,True,True
2026-04-25T18:55:22.423423+00:00,315,38.0,True,True
2026-04-25T18:55:22.803704+00:00,130,54.0,True,True
2026-04-25T18:55:22.804780+00:00,310,37.0,True,True
2026-04-25T18:55:22.805554+00:00,125,46.0,True,True
2026-04-25T18:55:22.806227+00:00,305,35.0,True,True
2026-04-25T18:55:22.806813+00:00,120,45.0,True,True
2026-04-25T18:55:23.053495+00:00,300,38.0,True,True
2026-04-25T18:55:23.055644+00:00,115,46.0,True,True
2026-04-25T18:55:23.056917+00:00,295,38.0,True,True
2026-04-25T18:55:23.487779+00:00,15,113.0,True,False
2026-04-25T18:55:23.489631+00:00,195,35.0,True,False
2026-04-25T18:55:23.779430+00:00,20,34.0,True,False
2026-04-25T18:55:23.781358+00:00,200,44.0,True,False
2026-04-25T18:55:23.984674+00:00,25,34.0,True,False
2026-04-25T18:55:23.986518+00:00,205,43.0,True,False
2026-04-25T18:55:23.988367+00:00,30,36.0,True,False
2026-04-25T18:55:23.990269+00:00,210,43.0,True,False
2026-04-25T18:55:24.213019+00:00,35,111.0,True,False
2026-04-25T18:55:24.214145+00:00,215,41.0,True,False
2026-04-25T18:55:24.214941+00:00,40,111.0,True,False
2026-04-25T18:55:24.514827+00:00,220,36.0,True,False
2026-04-25T18:55:24.517010+00:00,45,112.0,True,False
2026-04-25T18:55:24.518968+00:00,225,36.0,True,False
2026-04-25T18:55:25.216183+00:00,70,0.0,True,False
2026-04-25T18:55:25.318709+00:00,250,35.0,True,False
2026-04-25T18:55:25.321141+00:00,75,0.0,True,False
2026-04-25T18:55:25.322848+00:00,255,37.0,True,False
2026-04-25T18:55:25.323402+00:00,80,53.0,True,False
2026-04-25T18:55:25.622474+00:00,260,37.0,True,False
2026-04-25T18:55:25.624629+00:00,85,53.0,True,False
2026-04-25T18:55:25.626137+00:00,265,21.0,True,False
2026-04-25T18:55:25.929711+00:00,90,51.0,True,False
2026-04-25T18:55:25.931458+00:00,270,22.0,True,False
2026-04-25T18:55:25.933408+00:00,95,51.0,True,False
2026-04-25T18:55:26.237600+00:00,275,21.0,True,False
2026-04-25T18:55:26.239270+00:00,100,50.0,True,False
2026-04-25T18:55:26.240389+00:00,280,21.0,True,False
2026-04-25T18:55:26.249671+00:00,105,52.0,True,False
2026-04-25T18:55:26.251083+00:00,285,21.0,True,False
2026-04-25T18:55:26.252359+00:00,110,52.0,True,False
2026-04-25T18:55:26.669232+00:00,290,21.0,True,False
2026-04-25T18:55:26.671533+00:00,115,116.0,True,False
2026-04-25T18:55:26.673432+00:00,295,21.0,True,False
2026-04-25T18:55:27.560203+00:00,330,39.0,True,False
2026-04-25T18:55:27.671857+00:00,155,45.0,True,False
2026-04-25T18:55:27.743136+00:00,335,35.0,True,False
2026-04-25T18:55:27.745234+00:00,160,60.0,True,False
2026-04-25T18:55:27.987010+00:00,340,39.0,True,False
2026-04-25T18:55:27.989119+00:00,165,46.0,True,False
2026-04-25T18:55:27.990569+00:00,345,39.0,True,False
2026-04-25T18:55:28.282024+00:00,165,0.0,True,False
2026-04-25T18:55:28.284372+00:00,345,38.0,True,False
2026-04-25T18:55:28.286185+00:00,160,0.0,True,False
2026-04-25T18:55:28.613554+00:00,340,25.0,True,False
2026-04-25T18:55:28.615947+00:00,155,114.0,True,False
2026-04-25T18:55:28.618848+00:00,335,40.0,True,False
2026-04-25T18:55:28.895136+00:00,150,0.0,True,False
2026-04-25T18:55:28.898151+00:00,330,23.0,True,False
2026-04-25T18:55:28.900197+00:00,145,53.0,True,False
2026-04-25T18:55:28.901657+00:00,325,38.0,True,False
2026-04-25T18:55:28.903835+00:00,140,115.0,True,False
2026-04-25T18:55:29.462027+00:00,320,38.0,True,False
2026-04-25T18:55:29.464756+00:00,135,116.0,True,False
2026-04-25T18:55:29.466729+00:00,315,36.0,True,False
2026-04-25T18:55:29.468073+00:00,130,115.0,True,False
2026-04-25T18:55:29.469206+00:00,310,36.0,True,False
2026-04-25T18:55:30.127003+00:00,285,37.0,True,False
2026-04-25T18:55:30.223365+00:00,100,0.0,True,False
2026-04-25T18:55:30.225764+00:00,280,36.0,True,False
2026-04-25T18:55:30.245082+00:00,95,63.0,True,False
2026-04-25T18:55:30.450989+00:00,275,45.0,True,False
2026-04-25T18:55:30.453563+00:00,90,76.0,True,False
2026-04-25T18:55:30.943113+00:00,270,45.0,True,False
2026-04-25T18:55:30.945391+00:00,85,140.0,True,False
2026-04-25T18:55:30.946858+00:00,265,46.0,True,False
2026-04-25T18:55:30.948685+00:00,80,108.0,True,False
2026-04-25T18:55:31.557662+00:00,260,45.0,True,False
2026-04-25T18:55:31.559951+00:00,75,75.0,True,False
2026-04-25T18:55:31.561578+00:00,255,44.0,True,False
2026-04-25T18:55:31.563358+00:00,70,130.0,True,False
2026-04-25T18:55:31.565338+00:00,250,44.0,True,False
2026-04-25T18:55:31.567507+00:00,65,37.0,True,False
2026-04-25T18:55:31.569840+00:00,245,45.0,True,False
2026-04-25T18:55:31.995964+00:00,60,36.0,True,False
2026-04-25T18:55:31.997532+00:00,240,45.0,True,False
2026-04-25T18:55:31.999139+00:00,55,36.0,True,False
2026-04-25T18:55:32.000869+00:00,235,44.0,True,False
2026-04-25T18:55:32.002358+00:00,50,36.0,True,False
2026-04-25T18:55:32.003628+00:00,230,47.0,True,False
2026-04-25T18:55:32.007252+00:00,45,37.0,True,False
2026-04-25T18:55:32.009058+00:00,225,44.0,True,False
2026-04-25T18:55:32.010210+00:00,40,39.0,True,False
2026-04-25T18:55:32.562685+00:00,210,46.0,True,False
2026-04-25T18:55:32.852583+00:00,25,40.0,True,False
2026-04-25T18:55:32.854997+00:00,205,45.0,True,False
2026-04-25T18:55:32.856687+00:00,20,39.0,True,False
2026-04-25T18:55:32.858121+00:00,200,46.0,True,False
2026-04-25T18:55:33.102193+00:00,15,33.0,True,False
2026-04-25T18:55:33.104754+00:00,195,47.0,True,False
2026-04-25T18:55:33.106195+00:00,15,38.0,True,False
2026-04-25T18:55:33.107699+00:00,195,50.0,True,False
2026-04-25T18:55:33.110079+00:00,20,38.0,True,True
2026-04-25T18:55:33.309072+00:00,200,49.0,True,True
2026-04-25T18:55:33.311945+00:00,25,40.0,True,True
2026-04-25T18:55:33.313832+00:00,205,45.0,True,True
2026-04-25T18:55:33.616554+00:00,30,37.0,True,True
2026-04-25T18:55:33.618518+00:00,210,46.0,True,True
2026-04-25T18:55:33.620111+00:00,35,36.0,True,True
2026-04-25T18:55:34.015865+00:00,215,44.0,True,True
2026-04-25T18:55:34.018579+00:00,40,38.0,True,True
2026-04-25T18:55:34.020085+00:00,220,43.0,True,True
2026-04-25T18:55:34.021441+00:00,45,37.0,True,True
2026-04-25T18:55:34.022621+00:00,225,43.0,True,True
2026-04-25T18:55:34.736656+00:00,245,45.0,True,False
2026-04-25T18:55:35.039464+00:00,70,75.0,True,False
2026-04-25T18:55:35.041644+00:00,250,45.0,True,False
2026-04-25T18:55:35.043571+00:00,75,111.0,True,False
2026-04-25T18:55:35.044850+00:00,255,45.0,True,False
2026-04-25T18:55:35.473302+00:00,80,77.0,True,False
2026-04-25T18:55:35.475168+00:00,260,43.0,True,False
2026-04-25T18:55:35.476081+00:00,85,110.0,True,False
2026-04-25T18:55:35.478104+00:00,265,42.0,True,False
2026-04-25T18:55:35.479493+00:00,90,110.0,True,False
2026-04-25T18:55:35.481206+00:00,270,47.0,True,False
2026-04-25T18:55:36.097653+00:00,95,74.0,True,False
2026-04-25T18:55:36.099587+00:00,275,49.0,True,False
2026-04-25T18:55:36.101336+00:00,100,110.0,True,False
2026-04-25T18:55:36.103210+00:00,280,36.0,True,False
2026-04-25T18:55:36.104762+00:00,105,111.0,True,False
2026-04-25T18:55:36.107013+00:00,285,39.0,True,False
2026-04-25T18:55:36.109780+00:00,110,63.0,True,False
2026-04-25T18:55:36.111439+00:00,290,35.0,True,False
2026-04-25T18:55:36.382818+00:00,115,53.0,True,False
2026-04-25T18:55:36.391176+00:00,295,47.0,True,False
2026-04-25T18:55:36.393295+00:00,120,53.0,True,False
2026-04-25T18:55:36.395153+00:00,300,35.0,True,False
2026-04-25T18:55:36.396785+00:00,125,51.0,True,False
2026-04-25T18:55:36.398485+00:00,305,36.0,True,False
2026-04-25T18:55:36.890723+00:00,320,41.0,True,True
2026-04-25T18:55:36.961191+00:00,145,48.0,True,True
2026-04-25T18:55:36.961980+00:00,325,42.0,True,True
2026-04-25T18:55:37.203152+00:00,150,48.0,True,True
2026-04-25T18:55:37.204134+00:00,330,43.0,True,True
2026-04-25T18:55:37.204936+00:00,155,48.0,True,True
2026-04-25T18:55:37.401081+00:00,335,49.0,True,True
2026-04-25T18:55:37.402054+00:00,160,48.0,True,True
2026-04-25T18:55:37.815142+00:00,340,49.0,True,True
2026-04-25T18:55:37.817623+00:00,165,49.0,True,True
2026-04-25T18:55:37.819794+00:00,345,22.0,True,True
2026-04-25T18:55:38.113304+00:00,160,47.0,True,True
2026-04-25T18:55:38.115462+00:00,340,23.0,True,True
2026-04-25T18:55:38.117849+00:00,155,48.0,True,True
2026-04-25T18:55:38.119363+00:00,335,36.0,True,True
2026-04-25T18:55:38.120805+00:00,150,48.0,True,True
2026-04-25T18:55:38.323086+00:00,330,50.0,True,True
2026-04-25T18:55:38.324904+00:00,145,48.0,True,True
2026-04-25T18:55:38.327029+00:00,325,49.0,True,True
2026-04-25T18:55:38.328271+00:00,140,49.0,True,True
2026-04-25T18:55:38.594139+00:00,320,42.0,True,True
2026-04-25T18:55:38.596378+00:00,135,49.0,True,True
2026-04-25T18:55:38.598207+00:00,315,42.0,True,True
2026-04-25T18:55:38.929273+00:00,130,50.0,True,True
2026-04-25T18:55:38.931406+00:00,310,36.0,True,True
2026-04-25T18:55:38.933162+00:00,125,51.0,True,True
2026-04-25T18:55:38.935006+00:00,305,49.0,True,True
2026-04-25T18:55:39.446246+00:00,120,61.0,True,True
2026-04-25T18:55:39.447942+00:00,300,48.0,True,True
2026-04-25T18:57:06.075350+00:00,15,33.0,True,False
2026-04-25T18:57:06.179981+00:00,195,37.0,True,False
2026-04-25T18:57:06.925865+00:00,35,32.0,True,False
2026-04-25T18:57:07.101591+00:00,215,35.0,True,False
2026-04-25T18:57:07.104239+00:00,40,31.0,True,False
2026-04-25T18:57:07.106510+00:00,220,35.0,True,False
2026-04-25T18:57:07.108343+00:00,45,31.0,True,False
2026-04-25T18:57:07.410371+00:00,225,40.0,True,False
2026-04-25T18:57:07.412317+00:00,50,30.0,True,False
2026-04-25T18:57:07.414007+00:00,230,39.0,True,False
2026-04-25T18:57:07.415489+00:00,55,30.0,True,False
2026-04-25T18:57:07.812662+00:00,235,40.0,True,False
2026-04-25T18:57:07.814759+00:00,60,30.0,True,False
2026-04-25T18:57:07.816252+00:00,240,41.0,True,False
2026-04-25T18:57:07.817916+00:00,65,31.0,True,False
2026-04-25T18:57:07.819576+00:00,245,39.0,True,False
2026-04-25T18:57:08.258647+00:00,70,31.0,True,False
2026-04-25T18:57:08.260400+00:00,250,35.0,True,False
2026-04-25T18:57:08.262969+00:00,75,31.0,True,False
2026-04-25T18:57:08.264920+00:00,255,40.0,True,False
2026-04-25T18:57:08.266888+00:00,80,31.0,True,False
2026-04-25T18:57:08.268768+00:00,260,39.0,True,False
2026-04-25T18:57:09.015577+00:00,290,38.0,True,False
2026-04-25T18:57:09.154253+00:00,115,32.0,True,False
2026-04-25T18:57:09.352528+00:00,295,37.0,True,False
2026-04-25T18:57:09.473919+00:00,120,33.0,True,False
2026-04-25T18:57:09.659123+00:00,300,41.0,True,False
2026-04-25T18:57:09.660767+00:00,125,137.0,True,False
2026-04-25T18:57:09.662842+00:00,305,41.0,True,False
2026-04-25T18:57:09.664144+00:00,130,113.0,True,False
2026-04-25T18:57:09.877754+00:00,310,40.0,True,False
2026-04-25T18:57:09.879293+00:00,135,112.0,True,False
2026-04-25T18:57:09.880285+00:00,315,37.0,True,False
2026-04-25T18:57:10.171204+00:00,140,112.0,True,False
2026-04-25T18:57:10.172916+00:00,320,36.0,True,False
2026-04-25T18:57:10.174495+00:00,145,112.0,True,False
2026-04-25T18:57:10.175982+00:00,325,36.0,True,False
2026-04-25T18:57:10.689653+00:00,150,112.0,True,False
2026-04-25T18:57:10.691473+00:00,330,35.0,True,False
2026-04-25T18:57:10.693233+00:00,155,112.0,True,False
2026-04-25T18:57:10.695632+00:00,335,35.0,True,False
2026-04-25T18:57:10.697027+00:00,160,112.0,True,False
2026-04-25T18:57:10.697445+00:00,340,36.0,True,False
2026-04-25T18:57:11.013760+00:00,165,111.0,True,False
2026-04-25T18:57:11.015616+00:00,345,36.0,True,False
2026-04-25T18:57:11.016893+00:00,165,0.0,True,False
2026-04-25T18:57:11.018123+00:00,345,38.0,True,False
2026-04-25T18:57:11.313887+00:00,160,112.0,True,False
2026-04-25T18:57:11.316166+00:00,340,36.0,True,False
2026-04-25T18:57:11.318017+00:00,155,112.0,True,False
2026-04-25T18:57:11.319654+00:00,335,35.0,True,False
2026-04-25T18:57:11.321576+00:00,150,139.0,True,False
2026-04-25T18:57:11.837886+00:00,330,35.0,True,False
2026-04-25T18:57:11.840594+00:00,145,111.0,True,False
2026-04-25T18:57:11.841881+00:00,325,37.0,True,False
2026-04-25T18:57:11.843042+00:00,140,111.0,True,False
2026-04-25T18:57:12.235801+00:00,320,37.0,True,False
2026-04-25T18:57:12.238050+00:00,135,114.0,True,False
2026-04-25T18:57:12.238747+00:00,315,39.0,True,False
2026-04-25T18:57:12.239117+00:00,130,115.0,True,False
2026-04-25T18:57:12.239742+00:00,310,36.0,True,False
2026-04-25T18:57:12.240187+00:00,125,111.0,True,False
2026-04-25T18:57:12.243087+00:00,305,36.0,True,False
2026-04-25T18:57:12.648181+00:00,120,111.0,True,False
2026-04-25T18:57:12.650102+00:00,300,36.0,True,False
2026-04-25T18:57:12.653118+00:00,115,111.0,True,False
2026-04-25T18:57:12.656404+00:00,295,39.0,True,False
2026-04-25T18:57:12.658109+00:00,110,138.0,True,False
2026-04-25T18:57:13.437434+00:00,95,136.0,True,False
2026-04-25T18:57:13.588765+00:00,275,37.0,True,False
2026-04-25T18:57:13.590907+00:00,90,32.0,True,False
2026-04-25T18:57:13.593360+00:00,270,36.0,True,False
2026-04-25T18:57:13.595981+00:00,85,34.0,True,False
2026-04-25T18:57:13.600722+00:00,265,39.0,True,False
2026-04-25T18:57:13.602138+00:00,80,31.0,True,False
2026-04-25T18:57:13.603031+00:00,260,42.0,True,False
2026-04-25T18:57:13.955588+00:00,75,30.0,True,False
2026-04-25T18:57:13.956542+00:00,255,37.0,True,False
2026-04-25T18:57:13.957613+00:00,70,31.0,True,False
2026-04-25T18:57:13.958723+00:00,250,38.0,True,False
2026-04-25T18:57:13.959720+00:00,65,30.0,True,False
2026-04-25T18:57:14.322731+00:00,245,43.0,True,False
2026-04-25T18:57:14.323716+00:00,60,30.0,True,False
2026-04-25T18:57:14.324447+00:00,240,42.0,True,False
2026-04-25T18:57:14.325220+00:00,55,30.0,True,False
2026-04-25T18:57:14.665685+00:00,235,42.0,True,False
2026-04-25T18:57:14.667391+00:00,50,30.0,True,False
2026-04-25T18:57:14.668998+00:00,230,43.0,True,False
2026-04-25T18:57:14.670578+00:00,45,31.0,True,False
2026-04-25T18:57:14.672394+00:00,225,42.0,True,False
2026-04-25T18:57:14.674120+00:00,40,32.0,True,False
2026-04-25T18:57:14.982037+00:00,220,43.0,True,False
2026-04-25T18:57:14.983779+00:00,35,32.0,True,False
2026-04-25T18:57:14.985795+00:00,215,43.0,True,False
2026-04-25T18:57:15.397429+00:00,30,33.0,True,False
2026-04-25T18:57:15.399134+00:00,210,40.0,True,False
2026-04-25T18:57:15.401182+00:00,25,33.0,True,False
2026-04-25T18:57:15.403366+00:00,205,42.0,True,False
2026-04-25T18:57:15.405035+00:00,20,33.0,True,False
2026-04-25T18:57:15.943571+00:00,200,39.0,True,False
2026-04-25T18:57:15.945385+00:00,15,29.0,True,False
2026-04-25T18:57:16.430101+00:00,195,41.0,True,False
2026-04-25T18:57:16.432620+00:00,15,29.0,True,False
2026-04-25T18:57:16.434239+00:00,195,42.0,True,False
2026-04-25T18:57:16.436070+00:00,20,28.0,True,False
2026-04-25T18:57:16.438136+00:00,200,41.0,True,False
2026-04-25T18:57:16.440511+00:00,25,29.0,True,True
2026-04-25T18:57:16.441673+00:00,205,40.0,True,True
2026-04-25T18:57:16.443644+00:00,30,30.0,True,True
2026-04-25T18:57:16.444678+00:00,210,41.0,True,True
2026-04-25T18:57:16.848270+00:00,35,31.0,True,True
2026-04-25T18:57:16.849961+00:00,215,43.0,True,True
2026-04-25T18:57:16.851026+00:00,40,34.0,True,True
2026-04-25T18:57:16.851984+00:00,220,42.0,True,True
2026-04-25T18:57:16.854029+00:00,45,33.0,True,True
2026-04-25T18:57:16.855510+00:00,225,40.0,True,True
2026-04-25T18:57:16.857613+00:00,50,33.0,True,True
2026-04-25T18:57:17.595771+00:00,245,38.0,True,False
2026-04-25T18:57:17.779108+00:00,70,31.0,True,False
2026-04-25T18:57:17.779813+00:00,250,44.0,True,False
2026-04-25T18:57:17.780496+00:00,75,137.0,True,False
2026-04-25T18:57:17.781143+00:00,255,42.0,True,False
2026-04-25T18:57:17.781646+00:00,80,135.0,True,False
2026-04-25T18:57:18.585142+00:00,260,45.0,True,False
2026-04-25T18:57:18.586253+00:00,85,32.0,True,False
2026-04-25T18:57:18.587061+00:00,265,40.0,True,False
2026-04-25T18:57:18.587702+00:00,90,136.0,True,False
2026-04-25T18:57:18.588253+00:00,270,40.0,True,False
2026-04-25T18:57:18.588740+00:00,95,134.0,True,False
2026-04-25T18:57:18.589376+00:00,275,39.0,True,False
2026-04-25T18:57:18.887201+00:00,100,69.0,True,False
2026-04-25T18:57:18.888683+00:00,280,39.0,True,False
2026-04-25T18:57:18.889381+00:00,105,136.0,True,False
2026-04-25T18:57:18.889853+00:00,285,39.0,True,False
2026-04-25T18:57:18.890360+00:00,110,113.0,True,False
2026-04-25T18:57:18.890988+00:00,290,35.0,True,False
2026-04-25T18:57:18.891601+00:00,115,134.0,True,False
2026-04-25T18:57:18.892400+00:00,295,39.0,True,False
2026-04-25T18:57:19.215949+00:00,120,115.0,True,False
2026-04-25T18:57:19.218592+00:00,300,36.0,True,False
2026-04-25T18:57:19.220530+00:00,125,136.0,True,False
2026-04-25T18:57:19.222108+00:00,305,32.0,True,False
2026-04-25T18:57:19.730110+00:00,320,39.0,True,True
2026-04-25T18:57:19.897876+00:00,145,137.0,True,True
2026-04-25T18:57:19.899655+00:00,325,37.0,True,True
2026-04-25T18:57:19.901368+00:00,150,113.0,True,True
2026-04-25T18:57:20.202830+00:00,330,2.0,False,True
2026-04-25T18:57:59.011547+00:00,15,0.0,True,False
2026-04-25T18:57:59.225677+00:00,195,181.0,True,False
2026-04-25T18:57:59.319999+00:00,20,0.0,True,False
2026-04-25T18:57:59.422033+00:00,200,56.0,True,False
2026-04-25T18:57:59.424282+00:00,25,0.0,True,False
2026-04-25T18:57:59.632255+00:00,205,56.0,True,False
2026-04-25T18:57:59.634097+00:00,30,0.0,True,False
2026-04-25T18:57:59.635103+00:00,210,57.0,True,False
2026-04-25T18:57:59.635985+00:00,35,0.0,True,False
2026-04-25T18:57:59.863114+00:00,215,56.0,True,False
2026-04-25T18:57:59.864751+00:00,40,0.0,True,False
2026-04-25T18:58:00.360938+00:00,220,56.0,True,False
2026-04-25T18:58:00.362728+00:00,45,0.0,True,False
2026-04-25T18:58:00.363884+00:00,225,55.0,True,False
2026-04-25T18:58:00.366311+00:00,50,0.0,True,False
2026-04-25T18:58:00.367228+00:00,230,56.0,True,False
2026-04-25T18:58:00.656928+00:00,55,0.0,True,False
2026-04-25T18:58:00.658740+00:00,235,55.0,True,False
2026-04-25T18:58:00.660426+00:00,60,0.0,True,False
2026-04-25T18:58:00.663607+00:00,240,55.0,True,False
2026-04-25T18:58:00.969514+00:00,65,0.0,True,False
2026-04-25T18:58:00.972288+00:00,245,56.0,True,False
2026-04-25T18:58:00.973974+00:00,70,0.0,True,False
2026-04-25T18:58:00.975712+00:00,250,55.0,True,False
2026-04-25T18:58:00.977860+00:00,75,0.0,True,False
2026-04-25T18:59:06.236087+00:00,15,0.0,True,False
2026-04-25T18:59:06.421754+00:00,195,15.0,False,False
2026-04-25T19:00:02.202183+00:00,15,18.0,True,False
2026-04-25T19:00:02.312902+00:00,195,39.0,True,False
2026-04-25T19:00:02.315433+00:00,20,18.0,True,False
2026-04-25T19:00:02.617818+00:00,200,39.0,True,False
2026-04-25T19:00:02.620100+00:00,25,19.0,True,False
2026-04-25T19:00:02.621679+00:00,205,40.0,True,False
2026-04-25T19:00:02.624054+00:00,30,18.0,True,False
2026-04-25T19:00:03.132019+00:00,210,21.0,True,False
2026-04-25T19:00:03.133789+00:00,35,82.0,True,False
2026-04-25T19:00:03.135382+00:00,215,22.0,True,False
2026-04-25T19:00:03.138116+00:00,40,0.0,True,False
2026-04-25T19:00:03.538961+00:00,235,45.0,True,False
2026-04-25T19:00:03.635709+00:00,60,0.0,True,False
2026-04-25T19:00:03.644808+00:00,240,45.0,True,False
2026-04-25T19:00:03.948339+00:00,65,0.0,True,False
2026-04-25T19:00:03.951017+00:00,245,42.0,True,False
2026-04-25T19:00:03.952096+00:00,70,0.0,True,False
2026-04-25T19:00:03.952911+00:00,250,47.0,True,False
2026-04-25T19:00:04.372035+00:00,75,0.0,True,False
2026-04-25T19:00:04.374309+00:00,255,48.0,True,False
2026-04-25T19:00:04.375693+00:00,80,0.0,True,False
2026-04-25T19:00:04.377110+00:00,260,49.0,True,False
2026-04-25T19:00:04.378644+00:00,85,0.0,True,False
2026-04-25T19:00:04.677402+00:00,265,46.0,True,False
2026-04-25T19:00:04.679143+00:00,90,0.0,True,False
2026-04-25T19:00:04.680899+00:00,270,50.0,True,False
2026-04-25T19:00:04.682551+00:00,95,0.0,True,False
2026-04-25T19:00:04.683917+00:00,275,48.0,True,False
2026-04-25T19:00:05.102812+00:00,100,0.0,True,False
2026-04-25T19:00:05.105478+00:00,280,47.0,True,False
2026-04-25T19:00:05.108087+00:00,105,0.0,True,False
2026-04-25T19:00:05.561952+00:00,285,49.0,True,False
2026-04-25T19:00:05.564302+00:00,110,0.0,True,False
2026-04-25T19:00:05.565603+00:00,290,49.0,True,False
2026-04-25T19:00:05.566827+00:00,115,0.0,True,False
2026-04-25T19:00:05.568431+00:00,295,45.0,True,False
2026-04-25T19:00:05.570238+00:00,120,0.0,True,False
2026-04-25T19:00:05.571636+00:00,300,48.0,True,False
2026-04-25T19:00:05.864961+00:00,125,47.0,True,False
2026-04-25T19:00:05.866328+00:00,305,43.0,True,False
2026-04-25T19:00:05.866799+00:00,130,52.0,True,False
2026-04-25T19:00:05.867898+00:00,310,16.0,True,False
2026-04-25T19:00:05.870434+00:00,135,0.0,True,False
2026-04-25T19:00:06.203978+00:00,315,45.0,True,False
2026-04-25T19:00:06.206016+00:00,140,96.0,True,False
2026-04-25T19:00:06.206752+00:00,320,43.0,True,False
2026-04-25T19:00:06.207663+00:00,145,8.0,False,False
2026-04-25T19:00:06.505495+00:00,325,42.0,True,False
2026-04-25T19:01:07.388740+00:00,195,43.0,True,False
2026-04-25T19:01:07.547103+00:00,20,0.0,True,False
2026-04-25T19:01:07.705286+00:00,200,43.0,True,False
2026-04-25T19:01:07.867129+00:00,25,57.0,True,False
2026-04-25T19:01:07.869877+00:00,205,42.0,True,False
2026-04-25T19:01:08.250820+00:00,30,0.0,True,False
2026-04-25T19:01:08.252784+00:00,210,44.0,True,False
2026-04-25T19:01:08.254473+00:00,35,62.0,True,False
2026-04-25T19:01:08.257473+00:00,215,44.0,True,False
2026-04-25T19:01:08.659779+00:00,40,0.0,True,False
2026-04-25T19:01:08.662669+00:00,220,43.0,True,False
2026-04-25T19:01:08.664374+00:00,45,0.0,True,False
2026-04-25T19:01:08.666569+00:00,225,43.0,True,False
2026-04-25T19:01:08.668061+00:00,50,60.0,True,False
2026-04-25T19:01:08.669296+00:00,230,43.0,True,False
2026-04-25T19:01:08.875694+00:00,55,0.0,True,False
2026-04-25T19:01:08.877449+00:00,235,15.0,False,False
2026-04-25T19:02:07.460302+00:00,15,17.0,True,False
2026-04-25T19:02:07.856488+00:00,205,37.0,True,False
2026-04-25T19:02:08.066236+00:00,30,36.0,True,False
2026-04-25T19:02:08.068398+00:00,210,48.0,True,False
2026-04-25T19:02:08.069967+00:00,35,0.0,True,False
2026-04-25T19:02:08.462120+00:00,215,48.0,True,False
2026-04-25T19:02:08.462828+00:00,40,50.0,True,False
2026-04-25T19:02:08.463448+00:00,220,42.0,True,False
2026-04-25T19:02:08.471441+00:00,45,50.0,True,False
2026-04-25T19:02:08.472021+00:00,225,43.0,True,False
2026-04-25T19:02:08.472641+00:00,50,0.0,True,False
2026-04-25T19:02:08.774060+00:00,230,43.0,True,False
2026-04-25T19:02:08.776530+00:00,55,35.0,True,False
2026-04-25T19:02:08.778117+00:00,235,49.0,True,False
2026-04-25T19:02:08.779349+00:00,60,27.0,True,False
2026-04-25T19:02:08.780122+00:00,240,48.0,True,False
2026-04-25T19:02:09.046728+00:00,65,23.0,True,False
2026-04-25T19:02:09.047671+00:00,245,48.0,True,False
2026-04-25T19:02:09.391113+00:00,70,22.0,True,False
2026-04-25T19:02:09.392433+00:00,250,49.0,True,False
2026-04-25T19:02:09.394787+00:00,75,23.0,True,False
2026-04-25T19:02:09.396770+00:00,255,47.0,True,False
2026-04-25T19:03:59.164684+00:00,15,0.0,True,False
2026-04-25T19:03:59.364622+00:00,195,18.0,True,False
2026-04-25T19:03:59.366418+00:00,20,0.0,True,False
2026-04-25T19:03:59.552001+00:00,200,18.0,True,False
2026-04-25T19:03:59.555653+00:00,25,0.0,True,False
2026-04-25T19:03:59.556960+00:00,205,16.0,True,False
2026-04-25T19:03:59.558368+00:00,30,0.0,True,False
2026-04-25T19:04:00.288080+00:00,50,0.0,True,False
2026-04-25T19:04:00.516426+00:00,230,46.0,True,False
2026-04-25T19:04:00.518924+00:00,55,0.0,True,False
2026-04-25T19:04:00.796033+00:00,235,46.0,True,False
2026-04-25T19:04:00.797616+00:00,60,0.0,True,False
2026-04-25T19:04:00.799372+00:00,240,46.0,True,False
2026-04-25T19:04:00.801199+00:00,65,0.0,True,False
2026-04-25T19:04:00.803054+00:00,245,47.0,True,False
2026-04-25T19:04:00.805382+00:00,70,0.0,True,False
2026-04-25T19:04:01.107756+00:00,250,49.0,True,False
2026-04-25T19:04:01.108805+00:00,75,0.0,True,False
2026-04-25T19:04:01.110101+00:00,255,45.0,True,False
2026-04-25T19:04:01.422007+00:00,80,0.0,True,False
2026-04-25T19:04:01.423122+00:00,260,47.0,True,False
2026-04-25T19:04:01.423772+00:00,85,0.0,True,False
2026-04-25T19:04:01.424448+00:00,265,46.0,True,False
2026-04-25T19:04:01.425907+00:00,90,0.0,True,False
2026-04-25T19:04:01.793974+00:00,270,45.0,True,False
2026-04-25T19:04:01.796484+00:00,95,0.0,True,False
2026-04-25T19:04:01.798753+00:00,275,49.0,True,False
2026-04-25T19:04:01.800183+00:00,100,0.0,True,False
2026-04-25T19:04:01.802130+00:00,280,48.0,True,False
2026-04-25T19:04:01.803874+00:00,105,0.0,True,False
2026-04-25T19:04:02.049504+00:00,285,46.0,True,False
2026-04-25T19:04:02.051597+00:00,110,0.0,True,False
2026-04-25T19:04:02.437455+00:00,300,47.0,True,False
2026-04-25T19:04:02.612095+00:00,125,0.0,True,False
2026-04-25T19:04:02.614115+00:00,305,47.0,True,False
2026-04-25T19:04:02.871910+00:00,130,0.0,True,False
2026-04-25T19:04:02.874437+00:00,310,15.0,False,False
2026-04-25T19:04:11.881580+00:00,195,16.0,True,False
2026-04-25T19:04:12.068393+00:00,20,0.0,True,False
2026-04-25T19:04:12.070641+00:00,200,16.0,True,False
2026-04-25T19:04:12.386691+00:00,25,0.0,True,False
2026-04-25T19:04:12.388696+00:00,205,16.0,True,False
2026-04-25T19:04:12.390158+00:00,30,0.0,True,False
2026-04-25T19:04:12.391569+00:00,210,46.0,True,False
2026-04-25T19:04:12.392844+00:00,35,0.0,True,False
2026-04-25T19:04:12.394453+00:00,215,46.0,True,False
2026-04-25T19:04:12.395933+00:00,40,45.0,True,False
2026-04-25T19:04:12.793413+00:00,220,46.0,True,False
2026-04-25T19:04:12.796210+00:00,45,0.0,True,False
2026-04-25T19:04:12.797829+00:00,225,46.0,True,False
2026-04-25T19:04:12.799055+00:00,50,0.0,True,False
2026-04-25T19:04:13.192102+00:00,230,46.0,True,False
2026-04-25T19:04:13.194405+00:00,55,0.0,True,False
2026-04-25T19:04:13.196450+00:00,235,45.0,True,False
2026-04-25T19:04:13.198079+00:00,60,0.0,True,False
2026-04-25T19:04:13.199428+00:00,240,49.0,True,False
2026-04-25T19:04:13.609383+00:00,65,0.0,True,False
2026-04-25T19:04:13.611369+00:00,245,47.0,True,False
2026-04-25T19:04:13.613494+00:00,70,0.0,True,False
2026-04-25T19:04:13.615185+00:00,250,50.0,True,False
2026-04-25T19:04:13.616675+00:00,75,0.0,True,False
2026-04-25T19:04:13.617848+00:00,255,53.0,True,False
2026-04-25T19:04:14.128209+00:00,95,55.0,True,False
2026-04-25T19:04:14.322094+00:00,275,44.0,True,False
2026-04-25T19:04:14.324162+00:00,100,0.0,True,False
2026-04-25T19:04:14.727212+00:00,280,43.0,True,False
2026-04-25T19:04:14.729757+00:00,105,0.0,True,False
2026-04-25T19:04:14.730934+00:00,285,49.0,True,False
2026-04-25T19:04:14.732549+00:00,110,58.0,True,False
2026-04-25T19:04:14.734155+00:00,290,49.0,True,False
2026-04-25T19:04:15.143103+00:00,115,0.0,True,False
2026-04-25T19:04:15.145054+00:00,295,47.0,True,False
2026-04-25T19:04:15.146841+00:00,120,61.0,True,False
2026-04-25T19:04:15.148333+00:00,300,45.0,True,False
2026-04-25T19:04:15.149976+00:00,125,53.0,True,False
2026-04-25T19:04:15.151335+00:00,305,45.0,True,False
2026-04-25T19:04:15.360701+00:00,130,0.0,True,False
2026-04-25T19:04:15.361851+00:00,310,45.0,True,False
2026-04-25T19:04:15.363286+00:00,135,49.0,True,False
2026-04-25T19:04:15.364311+00:00,315,45.0,True,False
2026-04-25T19:04:15.780357+00:00,140,49.0,True,False
2026-04-25T19:04:15.781425+00:00,320,45.0,True,False
2026-04-25T19:04:16.195505+00:00,145,0.0,True,False
2026-04-25T19:04:16.196670+00:00,325,46.0,True,False
2026-04-25T19:04:16.197977+00:00,150,49.0,True,False
2026-04-25T19:04:16.199209+00:00,330,45.0,True,False
2026-04-25T19:04:16.200167+00:00,155,49.0,True,False
2026-04-25T19:04:16.200945+00:00,335,44.0,True,False
2026-04-25T19:04:16.202065+00:00,160,51.0,True,False
2026-04-25T19:04:16.203181+00:00,340,44.0,True,False
2026-04-25T19:04:16.467307+00:00,345,16.0,True,False
2026-04-25T19:04:16.572836+00:00,160,49.0,True,False
2026-04-25T19:04:16.719686+00:00,340,17.0,True,False
2026-04-25T19:04:16.721147+00:00,155,46.0,True,False
2026-04-25T19:04:16.979948+00:00,335,15.0,False,False
2026-04-25T19:05:59.505897+00:00,15,48.0,True,False
2026-04-25T19:05:59.508476+00:00,195,43.0,True,False
2026-04-25T19:05:59.796093+00:00,20,46.0,True,False
2026-04-25T19:05:59.799292+00:00,200,44.0,True,False
2026-04-25T19:06:00.603985+00:00,25,47.0,True,False
2026-04-25T19:06:00.605072+00:00,205,43.0,True,False
2026-04-25T19:06:00.605459+00:00,30,44.0,True,False
2026-04-25T19:06:00.605797+00:00,210,36.0,True,False
2026-04-25T19:06:00.606531+00:00,35,44.0,True,False
2026-04-25T19:06:00.607072+00:00,215,37.0,True,False
2026-04-25T19:06:00.608886+00:00,40,44.0,True,False
2026-04-25T19:06:01.042160+00:00,220,37.0,True,False
2026-04-25T19:06:01.046217+00:00,45,48.0,True,False
2026-04-25T19:06:01.046804+00:00,225,41.0,True,False
2026-04-25T19:06:01.047282+00:00,50,47.0,True,False
2026-04-25T19:06:01.048905+00:00,230,42.0,True,False
2026-04-25T19:06:01.050921+00:00,55,47.0,True,False
2026-04-25T19:06:01.338629+00:00,235,44.0,True,False
2026-04-25T19:06:01.339590+00:00,60,80.0,True,False
2026-04-25T19:06:01.340132+00:00,240,45.0,True,False
2026-04-25T19:06:01.340766+00:00,65,48.0,True,False
2026-04-25T19:06:01.341290+00:00,245,37.0,True,False
2026-04-25T19:06:01.341743+00:00,70,78.0,True,False
2026-04-25T19:06:01.342479+00:00,250,38.0,True,False
2026-04-25T19:06:01.343242+00:00,75,186.0,True,False
2026-04-25T19:06:01.770384+00:00,255,39.0,True,False
2026-04-25T19:06:01.772280+00:00,80,77.0,True,False
2026-04-25T19:06:01.773775+00:00,260,37.0,True,False
2026-04-25T19:06:01.774845+00:00,85,0.0,True,False
2026-04-25T19:06:01.775854+00:00,265,38.0,True,False
2026-04-25T19:06:02.152334+00:00,90,0.0,True,False
2026-04-25T19:06:02.154055+00:00,270,39.0,True,False
2026-04-25T19:06:02.155574+00:00,95,0.0,True,False
2026-04-25T19:06:02.156867+00:00,275,42.0,True,False
2026-04-25T19:06:02.158030+00:00,100,0.0,True,False
2026-04-25T19:06:02.462061+00:00,280,42.0,True,False
2026-04-25T19:06:02.465030+00:00,105,0.0,True,False
2026-04-25T19:06:02.466765+00:00,285,42.0,True,False
2026-04-25T19:06:02.468069+00:00,110,114.0,True,False
2026-04-25T19:06:02.469506+00:00,290,41.0,True,False
2026-04-25T19:06:02.762197+00:00,115,112.0,True,False
2026-04-25T19:06:02.770194+00:00,295,42.0,True,False
2026-04-25T19:06:02.772157+00:00,120,112.0,True,False
2026-04-25T19:06:03.085638+00:00,300,42.0,True,False
2026-04-25T19:06:03.087218+00:00,125,113.0,True,False
2026-04-25T19:06:03.090086+00:00,305,40.0,True,False
2026-04-25T19:06:03.092059+00:00,130,113.0,True,False
2026-04-25T19:06:03.401108+00:00,310,37.0,True,False
2026-04-25T19:06:03.403303+00:00,135,112.0,True,False
2026-04-25T19:06:03.404893+00:00,315,44.0,True,False
2026-04-25T19:06:03.406174+00:00,140,71.0,True,False
2026-04-25T19:06:03.407615+00:00,320,38.0,True,False
2026-04-25T19:06:03.759283+00:00,145,59.0,True,False
2026-04-25T19:06:03.761258+00:00,325,37.0,True,False
2026-04-25T19:06:03.762762+00:00,150,57.0,True,False
2026-04-25T19:06:03.771331+00:00,330,38.0,True,False
2026-04-25T19:06:04.128028+00:00,155,58.0,True,False
2026-04-25T19:06:04.130107+00:00,335,39.0,True,False
2026-04-25T19:06:04.131555+00:00,160,63.0,True,False
2026-04-25T19:06:04.132727+00:00,340,40.0,True,False
2026-04-25T19:06:04.370633+00:00,165,63.0,True,False
2026-04-25T19:06:04.372823+00:00,345,42.0,True,False
2026-04-25T19:06:04.374547+00:00,165,64.0,True,False
2026-04-25T19:06:04.375773+00:00,345,46.0,True,False
2026-04-25T19:06:04.377418+00:00,160,63.0,True,False
2026-04-25T19:06:04.604542+00:00,340,46.0,True,False
2026-04-25T19:06:04.606239+00:00,155,63.0,True,False
2026-04-25T19:06:04.607697+00:00,335,43.0,True,False
2026-04-25T19:06:04.807861+00:00,150,65.0,True,False
2026-04-25T19:06:04.809550+00:00,330,40.0,True,False
2026-04-25T19:06:05.124502+00:00,145,65.0,True,False
2026-04-25T19:06:05.126725+00:00,325,39.0,True,False
2026-04-25T19:06:05.128594+00:00,140,65.0,True,False
2026-04-25T19:06:05.355088+00:00,320,37.0,True,False
2026-04-25T19:06:05.358358+00:00,135,68.0,True,False
2026-04-25T19:06:05.359876+00:00,315,36.0,True,False
2026-04-25T19:06:05.361834+00:00,130,71.0,True,False
2026-04-25T19:06:05.737614+00:00,310,38.0,True,False
2026-04-25T19:06:05.740055+00:00,125,69.0,True,False
2026-04-25T19:06:05.741635+00:00,305,38.0,True,False
2026-04-25T19:06:05.743640+00:00,120,112.0,True,False
2026-04-25T19:06:06.149363+00:00,300,42.0,True,False
2026-04-25T19:06:06.151377+00:00,115,114.0,True,False
2026-04-25T19:06:06.152705+00:00,295,41.0,True,False
2026-04-25T19:06:06.153807+00:00,110,0.0,True,False
2026-04-25T19:06:06.155006+00:00,290,43.0,True,False
2026-04-25T19:06:06.156987+00:00,105,114.0,True,False
2026-04-25T19:06:06.530562+00:00,285,45.0,True,False
2026-04-25T19:06:06.532406+00:00,100,113.0,True,False
2026-04-25T19:06:06.533991+00:00,280,44.0,True,False
2026-04-25T19:06:06.535511+00:00,95,0.0,True,False
2026-04-25T19:06:06.537221+00:00,275,44.0,True,False
2026-04-25T19:06:06.893546+00:00,90,186.0,True,False
2026-04-25T19:06:06.895580+00:00,270,39.0,True,False
2026-04-25T19:06:06.897150+00:00,85,183.0,True,False
2026-04-25T19:06:06.898655+00:00,265,37.0,True,False
2026-04-25T19:06:07.369045+00:00,80,0.0,True,False
2026-04-25T19:06:07.370962+00:00,260,37.0,True,False
2026-04-25T19:06:07.372407+00:00,75,77.0,True,False
2026-04-25T19:06:07.374013+00:00,255,38.0,True,False
2026-04-25T19:06:07.375352+00:00,70,78.0,True,False
2026-04-25T19:06:07.376564+00:00,250,38.0,True,False
2026-04-25T19:06:07.807931+00:00,65,76.0,True,False
2026-04-25T19:06:07.809934+00:00,245,38.0,True,False
2026-04-25T19:06:07.811329+00:00,60,58.0,True,False
2026-04-25T19:06:07.812549+00:00,240,37.0,True,False
2026-04-25T19:06:07.813938+00:00,55,75.0,True,False
2026-04-25T19:06:07.815770+00:00,235,37.0,True,False
2026-04-25T19:06:08.290874+00:00,50,48.0,True,False
2026-04-25T19:06:08.293271+00:00,230,37.0,True,False
2026-04-25T19:06:08.295234+00:00,45,45.0,True,False
2026-04-25T19:06:08.297354+00:00,225,37.0,True,False
2026-04-25T19:06:08.299591+00:00,40,44.0,True,False
2026-04-25T19:06:08.301650+00:00,220,43.0,True,False
2026-04-25T19:06:08.595433+00:00,35,44.0,True,False
2026-04-25T19:06:08.596755+00:00,215,44.0,True,False
2026-04-25T19:06:08.598285+00:00,30,50.0,True,False
2026-04-25T19:06:08.600034+00:00,210,45.0,True,False
2026-04-25T19:06:08.601946+00:00,25,47.0,True,False
2026-04-25T19:06:08.603872+00:00,205,43.0,True,False
2026-04-25T19:06:08.932378+00:00,20,44.0,True,False
2026-04-25T19:06:08.934255+00:00,200,43.0,True,False
2026-04-25T19:06:08.935896+00:00,15,44.0,True,False
2026-04-25T19:06:09.338990+00:00,195,42.0,True,False
2026-04-25T19:06:09.340325+00:00,15,48.0,True,False
2026-04-25T19:06:09.341823+00:00,195,45.0,True,True
2026-04-25T19:06:09.342770+00:00,20,52.0,True,True
2026-04-25T19:06:09.344130+00:00,200,44.0,True,True
2026-04-25T19:06:09.751145+00:00,25,47.0,True,True
2026-04-25T19:06:09.753478+00:00,205,45.0,True,True
2026-04-25T19:06:09.755233+00:00,30,45.0,True,True
2026-04-25T19:06:09.756668+00:00,210,44.0,True,True
2026-04-25T19:06:10.029179+00:00,35,53.0,True,True
2026-04-25T19:06:10.030990+00:00,215,43.0,True,True
2026-04-25T19:06:10.032645+00:00,40,44.0,True,True
2026-04-25T19:06:10.034287+00:00,220,45.0,True,True
2026-04-25T19:06:10.035676+00:00,45,43.0,True,True
2026-04-25T19:06:10.037038+00:00,225,41.0,True,True
2026-04-25T19:06:10.341811+00:00,50,50.0,True,True
2026-04-25T19:06:10.343990+00:00,230,38.0,True,True
2026-04-25T19:06:10.345272+00:00,55,45.0,True,True
2026-04-25T19:06:10.686342+00:00,235,36.0,True,True
2026-04-25T19:06:10.689127+00:00,60,50.0,True,True
2026-04-25T19:06:10.691379+00:00,240,40.0,True,True
2026-04-25T19:06:10.692846+00:00,65,49.0,True,True
2026-04-25T19:06:11.051673+00:00,245,38.0,True,True
2026-04-25T19:06:11.054104+00:00,70,76.0,True,True
2026-04-25T19:06:11.056172+00:00,250,35.0,True,True
2026-04-25T19:06:11.057485+00:00,75,77.0,True,True
2026-04-25T19:06:11.058817+00:00,255,36.0,True,True
2026-04-25T19:06:11.593145+00:00,80,158.0,True,True
2026-04-25T19:06:11.595190+00:00,260,36.0,True,True
2026-04-25T19:06:11.596567+00:00,85,158.0,True,True
2026-04-25T19:06:11.598824+00:00,265,37.0,True,True
2026-04-25T19:06:11.875474+00:00,90,0.0,True,True
2026-04-25T19:06:11.877795+00:00,270,38.0,True,True
2026-04-25T19:06:11.879541+00:00,95,0.0,True,True
2026-04-25T19:06:11.880877+00:00,275,37.0,True,True
2026-04-25T19:06:11.882513+00:00,100,158.0,True,True
2026-04-25T19:06:11.883852+00:00,280,37.0,True,True
2026-04-25T19:06:11.885085+00:00,105,0.0,True,True
2026-04-25T19:06:11.886338+00:00,285,38.0,True,True
2026-04-25T19:06:12.182048+00:00,110,157.0,True,True
2026-04-25T19:06:12.184034+00:00,290,36.0,True,True
2026-04-25T19:06:12.506280+00:00,115,158.0,True,True
2026-04-25T19:06:12.508749+00:00,295,40.0,True,True
2026-04-25T19:06:12.510453+00:00,120,113.0,True,True
2026-04-25T19:06:12.512065+00:00,300,37.0,True,True
2026-04-25T19:06:12.513855+00:00,125,112.0,True,True
2026-04-25T19:06:12.930395+00:00,305,43.0,True,True
2026-04-25T19:06:12.932515+00:00,130,0.0,True,True
2026-04-25T19:06:12.934037+00:00,310,35.0,True,True
2026-04-25T19:06:12.935059+00:00,135,114.0,True,True
2026-04-25T19:06:13.310206+00:00,315,35.0,True,True
2026-04-25T19:06:13.312258+00:00,140,114.0,True,True
2026-04-25T19:06:13.314576+00:00,320,37.0,True,True
2026-04-25T19:06:13.316550+00:00,145,67.0,True,True
2026-04-25T19:06:13.318044+00:00,325,36.0,True,True
2026-04-25T19:06:13.319917+00:00,150,62.0,True,True
2026-04-25T19:06:13.509971+00:00,330,36.0,True,True
2026-04-25T19:06:13.511550+00:00,155,65.0,True,True
2026-04-25T19:06:13.513395+00:00,335,37.0,True,True
2026-04-25T19:06:13.514815+00:00,160,0.0,True,True
2026-04-25T19:06:13.738259+00:00,340,42.0,True,True
2026-04-25T19:06:13.740085+00:00,165,163.0,True,True
2026-04-25T19:06:13.741474+00:00,345,35.0,True,True
2026-04-25T19:06:14.131108+00:00,160,170.0,True,True
2026-04-25T19:06:14.133449+00:00,340,35.0,True,True
2026-04-25T19:06:14.135246+00:00,155,75.0,True,True
2026-04-25T19:06:14.384711+00:00,335,37.0,True,True
2026-04-25T19:06:14.385981+00:00,150,52.0,True,True
2026-04-25T19:06:14.386556+00:00,330,36.0,True,True
2026-04-25T19:06:14.388089+00:00,145,52.0,True,True
2026-04-25T19:06:14.388723+00:00,325,35.0,True,True
2026-04-25T19:06:14.645638+00:00,140,75.0,True,True
2026-04-25T19:06:14.647691+00:00,320,35.0,True,True
2026-04-25T19:06:14.649120+00:00,135,0.0,True,True
2026-04-25T19:06:14.868465+00:00,315,35.0,True,True
2026-04-25T19:06:14.870266+00:00,130,47.0,True,True
2026-04-25T19:06:14.871932+00:00,310,35.0,True,True
2026-04-25T19:06:15.152227+00:00,125,49.0,True,True
2026-04-25T19:06:15.153701+00:00,305,34.0,True,True
2026-04-25T19:06:15.155344+00:00,120,48.0,True,True
2026-04-25T19:06:15.156882+00:00,300,35.0,True,True
2026-04-25T19:08:11.369711+00:00,15,43.0,True,False
2026-04-25T19:08:11.441033+00:00,195,42.0,True,False
2026-04-25T19:08:11.790050+00:00,20,43.0,True,False
2026-04-25T19:08:11.791864+00:00,200,38.0,True,False
2026-04-25T19:08:11.793637+00:00,25,42.0,True,False
2026-04-25T19:08:12.100722+00:00,205,35.0,True,False
2026-04-25T19:08:12.102992+00:00,30,42.0,True,False
2026-04-25T19:08:12.104845+00:00,210,42.0,True,False
2026-04-25T19:08:12.106459+00:00,35,44.0,True,False
2026-04-25T19:08:12.107612+00:00,215,36.0,True,False
2026-04-25T19:08:12.399495+00:00,40,44.0,True,False
2026-04-25T19:08:12.401474+00:00,220,44.0,True,False
2026-04-25T19:08:12.403568+00:00,45,110.0,True,False
2026-04-25T19:08:12.608923+00:00,225,42.0,True,False
2026-04-25T19:08:12.610571+00:00,50,27.0,True,False
2026-04-25T19:08:12.611916+00:00,230,35.0,True,False
2026-04-25T19:08:12.613049+00:00,55,27.0,True,False
2026-04-25T19:08:12.811507+00:00,235,35.0,True,False
2026-04-25T19:08:12.813497+00:00,60,27.0,True,False
2026-04-25T19:08:12.815708+00:00,240,35.0,True,False
2026-04-25T19:08:13.029566+00:00,65,26.0,True,False
2026-04-25T19:08:13.031486+00:00,245,37.0,True,False
2026-04-25T19:08:13.646452+00:00,265,40.0,True,False
2026-04-25T19:08:13.867235+00:00,90,19.0,True,False
2026-04-25T19:08:13.868934+00:00,270,45.0,True,False
2026-04-25T19:08:14.465925+00:00,95,20.0,True,False
2026-04-25T19:08:14.468442+00:00,275,44.0,True,False
2026-04-25T19:08:14.469790+00:00,100,54.0,True,False
2026-04-25T19:08:14.471190+00:00,280,45.0,True,False
2026-04-25T19:08:14.472370+00:00,105,52.0,True,False
2026-04-25T19:08:14.473794+00:00,285,45.0,True,False
2026-04-25T19:08:14.475281+00:00,110,53.0,True,False
2026-04-25T19:08:14.476569+00:00,290,41.0,True,False
2026-04-25T19:08:14.752401+00:00,115,73.0,True,False
2026-04-25T19:08:14.754688+00:00,295,38.0,True,False
2026-04-25T19:08:14.756553+00:00,120,72.0,True,False
2026-04-25T19:08:14.758001+00:00,300,43.0,True,False
2026-04-25T19:08:14.759831+00:00,125,54.0,True,False
2026-04-25T19:08:15.183749+00:00,305,38.0,True,False
2026-04-25T19:08:15.186076+00:00,130,56.0,True,False
2026-04-25T19:08:15.188800+00:00,310,39.0,True,False
2026-04-25T19:08:15.578833+00:00,135,57.0,True,False
2026-04-25T19:08:15.580215+00:00,315,37.0,True,False
2026-04-25T19:08:15.581553+00:00,140,56.0,True,False
2026-04-25T19:08:15.582712+00:00,320,36.0,True,False
2026-04-25T19:08:15.583695+00:00,145,56.0,True,False
2026-04-25T19:08:16.099798+00:00,165,52.0,True,False
2026-04-25T19:08:16.208698+00:00,345,42.0,True,False
2026-04-25T19:08:16.209889+00:00,165,49.0,True,False
2026-04-25T19:08:16.210612+00:00,345,45.0,True,False
2026-04-25T19:08:16.494626+00:00,160,48.0,True,False
2026-04-25T19:08:16.497457+00:00,340,45.0,True,False
2026-04-25T19:08:16.805488+00:00,155,49.0,True,False
2026-04-25T19:08:16.807555+00:00,335,43.0,True,False
2026-04-25T19:08:16.809232+00:00,150,53.0,True,False
2026-04-25T19:08:16.811034+00:00,330,42.0,True,False
2026-04-25T19:08:16.812857+00:00,145,56.0,True,False
2026-04-25T19:08:16.814467+00:00,325,43.0,True,False
2026-04-25T19:08:17.217807+00:00,140,57.0,True,False
2026-04-25T19:08:17.220211+00:00,320,37.0,True,False
2026-04-25T19:08:17.481582+00:00,135,57.0,True,False
2026-04-25T19:08:17.483964+00:00,315,38.0,True,False
2026-04-25T19:08:17.485833+00:00,130,55.0,True,False
2026-04-25T19:08:17.487120+00:00,310,38.0,True,False
2026-04-25T19:08:17.488444+00:00,125,55.0,True,False
2026-04-25T19:08:17.490418+00:00,305,37.0,True,False
2026-04-25T19:08:17.731269+00:00,120,60.0,True,False
2026-04-25T19:08:17.734085+00:00,300,41.0,True,False
2026-04-25T19:08:17.735965+00:00,115,64.0,True,False
2026-04-25T19:08:17.737719+00:00,295,37.0,True,False
2026-04-25T19:08:18.040700+00:00,110,60.0,True,False
2026-04-25T19:08:18.042544+00:00,290,37.0,True,False
2026-04-25T19:08:18.471286+00:00,105,55.0,True,False
2026-04-25T19:08:18.473598+00:00,285,43.0,True,False
2026-04-25T19:08:18.475242+00:00,100,51.0,True,False
2026-04-25T19:08:18.476770+00:00,280,49.0,True,False
2026-04-25T19:08:18.863404+00:00,95,50.0,True,False
2026-04-25T19:08:18.864983+00:00,275,43.0,True,False
2026-04-25T19:08:18.867114+00:00,90,51.0,True,False
2026-04-25T19:08:18.868640+00:00,270,42.0,True,False
2026-04-25T19:08:18.870015+00:00,85,50.0,True,False
2026-04-25T19:08:18.871373+00:00,265,45.0,True,False
2026-04-25T19:08:18.872916+00:00,80,27.0,True,False
2026-04-25T19:08:19.392994+00:00,260,42.0,True,False
2026-04-25T19:08:19.395695+00:00,75,24.0,True,False
2026-04-25T19:08:19.397463+00:00,255,42.0,True,False
2026-04-25T19:08:19.398767+00:00,70,24.0,True,False
2026-04-25T19:08:19.401046+00:00,250,41.0,True,False
2026-04-25T19:08:19.402656+00:00,65,24.0,True,False
2026-04-25T19:08:19.403930+00:00,245,38.0,True,False
2026-04-25T19:08:20.173075+00:00,230,36.0,True,False
2026-04-25T19:08:20.289468+00:00,45,26.0,True,False
2026-04-25T19:08:20.291474+00:00,225,38.0,True,False
2026-04-25T19:08:20.293067+00:00,40,114.0,True,False
2026-04-25T19:08:20.294949+00:00,220,37.0,True,False
2026-04-25T19:08:20.296746+00:00,35,111.0,True,False
2026-04-25T19:08:20.298488+00:00,215,36.0,True,False
2026-04-25T19:08:20.299867+00:00,30,110.0,True,False
2026-04-25T19:08:20.492710+00:00,210,37.0,True,False
2026-04-25T19:08:20.494751+00:00,25,111.0,True,False
2026-04-25T19:08:20.496085+00:00,205,38.0,True,False
2026-04-25T19:08:20.726502+00:00,20,110.0,True,False
2026-04-25T19:08:20.728216+00:00,200,41.0,True,False
2026-04-25T19:08:21.104862+00:00,15,111.0,True,False
2026-04-25T19:08:21.105705+00:00,195,42.0,True,False
2026-04-25T19:08:21.106289+00:00,15,113.0,True,False
2026-04-25T19:08:21.106847+00:00,195,40.0,True,False
2026-04-25T19:08:21.414555+00:00,20,110.0,True,True
2026-04-25T19:08:21.415885+00:00,200,38.0,True,True
2026-04-25T19:08:21.417139+00:00,25,110.0,True,True
2026-04-25T19:08:21.418982+00:00,205,42.0,True,True
2026-04-25T19:08:21.650292+00:00,30,111.0,True,True
2026-04-25T19:08:21.652934+00:00,210,37.0,True,True
2026-04-25T19:08:21.654957+00:00,35,110.0,True,True
2026-04-25T19:08:21.656451+00:00,215,36.0,True,True
2026-04-25T19:08:21.925204+00:00,40,111.0,True,True
2026-04-25T19:08:21.927277+00:00,220,38.0,True,True
2026-04-25T19:08:21.929377+00:00,45,111.0,True,True
2026-04-25T19:08:21.931724+00:00,225,35.0,True,True
2026-04-25T19:08:22.130282+00:00,50,111.0,True,True
2026-04-25T19:08:22.132047+00:00,230,36.0,True,True
2026-04-25T19:08:22.464512+00:00,55,113.0,True,True
2026-04-25T19:08:22.466900+00:00,235,36.0,True,True
2026-04-25T19:08:22.468689+00:00,60,0.0,True,True
2026-04-25T19:08:22.772798+00:00,240,36.0,True,True
2026-04-25T19:08:22.775442+00:00,65,221.0,True,True
2026-04-25T19:08:22.777196+00:00,245,36.0,True,True
2026-04-25T19:08:22.778569+00:00,70,56.0,True,True
2026-04-25T19:08:22.780254+00:00,250,38.0,True,True
2026-04-25T19:08:22.781905+00:00,75,51.0,True,True
2026-04-25T19:08:23.181612+00:00,255,41.0,True,True
2026-04-25T19:08:23.183413+00:00,80,28.0,True,True
2026-04-25T19:08:23.184747+00:00,260,43.0,True,True
2026-04-25T19:08:23.186042+00:00,85,50.0,True,True
2026-04-25T19:08:23.466654+00:00,265,42.0,True,True
2026-04-25T19:08:23.468667+00:00,90,51.0,True,True
2026-04-25T19:08:23.470290+00:00,270,42.0,True,True
2026-04-25T19:08:23.471567+00:00,95,51.0,True,True
2026-04-25T19:08:23.473455+00:00,275,44.0,True,True
2026-04-25T19:08:24.074276+00:00,285,43.0,True,False
2026-04-25T19:08:24.183635+00:00,110,52.0,True,False
2026-04-25T19:08:24.185674+00:00,290,49.0,True,False
2026-04-25T19:08:24.187537+00:00,115,60.0,True,False
2026-04-25T19:08:24.485738+00:00,295,36.0,True,False
2026-04-25T19:08:24.487503+00:00,120,57.0,True,False
2026-04-25T19:08:24.488764+00:00,300,35.0,True,False
2026-04-25T19:08:24.490157+00:00,125,58.0,True,False
2026-04-25T19:08:24.491523+00:00,305,35.0,True,False
2026-04-25T19:08:24.700690+00:00,130,56.0,True,False
2026-04-25T19:08:24.702441+00:00,310,37.0,True,False
2026-04-25T19:08:25.019757+00:00,135,56.0,True,False
2026-04-25T19:08:25.022167+00:00,315,35.0,True,False
2026-04-25T19:08:25.024960+00:00,140,54.0,True,False
2026-04-25T19:08:25.027239+00:00,320,36.0,True,False
2026-04-25T19:08:25.309073+00:00,145,55.0,True,False
2026-04-25T19:08:25.310706+00:00,325,40.0,True,False
2026-04-25T19:08:25.311991+00:00,150,58.0,True,False
2026-04-25T19:08:25.722094+00:00,330,39.0,True,False
2026-04-25T19:08:25.723089+00:00,155,51.0,True,False
2026-04-25T19:08:25.723859+00:00,335,38.0,True,False
2026-04-25T19:08:25.724543+00:00,160,50.0,True,False
2026-04-25T19:08:25.725251+00:00,340,41.0,True,False
2026-04-25T19:08:26.240726+00:00,145,53.0,True,True
2026-04-25T19:08:26.480191+00:00,325,40.0,True,True
2026-04-25T19:08:26.482345+00:00,140,54.0,True,True
2026-04-25T19:08:26.736867+00:00,320,38.0,True,True
2026-04-25T19:08:26.740392+00:00,135,57.0,True,True
2026-04-25T19:08:26.742229+00:00,315,41.0,True,True
2026-04-25T19:08:26.743721+00:00,130,58.0,True,True
2026-04-25T19:08:26.745574+00:00,310,42.0,True,True
2026-04-25T19:08:27.041555+00:00,125,55.0,True,True
2026-04-25T19:08:27.044003+00:00,305,35.0,True,True
2026-04-25T19:08:27.045604+00:00,120,58.0,True,True
2026-04-25T19:08:27.455850+00:00,300,36.0,True,True
2026-04-25T19:08:27.457957+00:00,115,62.0,True,True
2026-04-25T19:08:27.459398+00:00,295,36.0,True,True
2026-04-25T19:08:32.132617+00:00,15,47.0,True,False
2026-04-25T19:08:32.134960+00:00,195,39.0,True,False
2026-04-25T19:08:32.375359+00:00,20,46.0,True,False
2026-04-25T19:08:32.377443+00:00,200,38.0,True,False
2026-04-25T19:08:32.379234+00:00,25,47.0,True,False
2026-04-25T19:08:32.638865+00:00,205,37.0,True,False
2026-04-25T19:08:32.640769+00:00,30,110.0,True,False
2026-04-25T19:08:32.642682+00:00,210,37.0,True,False
2026-04-25T19:08:33.087474+00:00,225,35.0,True,False
2026-04-25T19:08:33.301307+00:00,50,21.0,True,False
2026-04-25T19:08:33.303210+00:00,230,36.0,True,False
2026-04-25T19:08:33.597306+00:00,55,20.0,True,False
2026-04-25T19:08:33.598830+00:00,235,35.0,True,False
2026-04-25T19:08:33.600721+00:00,60,22.0,True,False
2026-04-25T19:08:33.601868+00:00,240,38.0,True,False
2026-04-25T19:08:33.603227+00:00,65,220.0,True,False
2026-04-25T19:08:33.829875+00:00,245,37.0,True,False
2026-04-25T19:08:33.832230+00:00,70,220.0,True,False
2026-04-25T19:08:33.833963+00:00,250,51.0,True,False
2026-04-25T19:08:34.150817+00:00,75,53.0,True,False
2026-04-25T19:08:34.152881+00:00,255,44.0,True,False
2026-04-25T19:08:34.527040+00:00,80,20.0,True,False
2026-04-25T19:08:34.528867+00:00,260,44.0,True,False
2026-04-25T19:08:34.530200+00:00,85,23.0,True,False
2026-04-25T19:08:34.531583+00:00,265,48.0,True,False
2026-04-25T19:08:34.533593+00:00,90,28.0,True,False
2026-04-25T19:08:34.535387+00:00,270,46.0,True,False
2026-04-25T19:08:34.823716+00:00,95,28.0,True,False
2026-04-25T19:08:34.825474+00:00,275,49.0,True,False
2026-04-25T19:08:34.826101+00:00,100,53.0,True,False
2026-04-25T19:08:34.826720+00:00,280,49.0,True,False
2026-04-25T19:08:35.135408+00:00,115,59.0,True,False
2026-04-25T19:08:35.236736+00:00,295,38.0,True,False
2026-04-25T19:08:35.343290+00:00,120,58.0,True,False
2026-04-25T19:08:35.506294+00:00,300,37.0,True,False
2026-04-25T19:08:35.508058+00:00,125,55.0,True,False
2026-04-25T19:08:35.756546+00:00,305,39.0,True,False
2026-04-25T19:08:35.759092+00:00,130,55.0,True,False
2026-04-25T19:08:36.056937+00:00,310,38.0,True,False
2026-04-25T19:08:36.059375+00:00,135,55.0,True,False
2026-04-25T19:08:36.060984+00:00,315,36.0,True,False
2026-04-25T19:08:36.297578+00:00,140,55.0,True,False
2026-04-25T19:08:36.300229+00:00,320,38.0,True,False
2026-04-25T19:08:36.301962+00:00,145,56.0,True,False
2026-04-25T19:08:36.304613+00:00,325,38.0,True,False
2026-04-25T19:08:36.306282+00:00,150,54.0,True,False
2026-04-25T19:08:36.308049+00:00,330,40.0,True,False
2026-04-25T19:08:36.690938+00:00,155,55.0,True,False
2026-04-25T19:08:36.877517+00:00,335,42.0,True,False
2026-04-25T19:08:36.879580+00:00,160,56.0,True,False
2026-04-25T19:08:36.881275+00:00,340,44.0,True,False
2026-04-25T19:08:37.183116+00:00,165,59.0,True,False
2026-04-25T19:08:37.185437+00:00,345,45.0,True,False
2026-04-25T19:08:37.186578+00:00,165,54.0,True,False
2026-04-25T19:08:37.188513+00:00,345,49.0,True,False
2026-04-25T19:08:37.190231+00:00,160,54.0,True,False
2026-04-25T19:08:37.405997+00:00,340,48.0,True,False
2026-04-25T19:08:37.408257+00:00,155,53.0,True,False
2026-04-25T19:08:37.410137+00:00,335,44.0,True,False
2026-04-25T19:08:37.411807+00:00,150,63.0,True,False
2026-04-25T19:08:37.413873+00:00,330,43.0,True,False
2026-04-25T19:08:37.690815+00:00,145,63.0,True,False
2026-04-25T19:08:37.693289+00:00,325,44.0,True,False
2026-04-25T19:08:37.939494+00:00,140,60.0,True,False
2026-04-25T19:08:37.942512+00:00,320,43.0,True,False
2026-04-25T19:08:37.944365+00:00,135,58.0,True,False
2026-04-25T19:08:37.946411+00:00,315,43.0,True,False
2026-04-25T19:08:37.948610+00:00,130,56.0,True,False
2026-04-25T19:08:38.231736+00:00,310,39.0,True,False
2026-04-25T19:08:38.233675+00:00,125,56.0,True,False
2026-04-25T19:08:38.234991+00:00,305,38.0,True,False
2026-04-25T19:08:38.719409+00:00,120,56.0,True,False
2026-04-25T19:08:38.721676+00:00,300,37.0,True,False
2026-04-25T19:08:38.724044+00:00,115,55.0,True,False
2026-04-25T19:08:39.436897+00:00,85,68.0,True,False
2026-04-25T19:08:39.641382+00:00,265,46.0,True,False
2026-04-25T19:08:39.643171+00:00,80,15.0,False,False
2026-04-25T19:08:39.644643+00:00,260,45.0,True,False
2026-04-25T19:11:47.980583+00:00,15,52.0,True,False
2026-04-25T19:11:48.087629+00:00,195,34.0,True,False
2026-04-25T19:11:48.089255+00:00,20,52.0,True,False
2026-04-25T19:11:48.364498+00:00,200,33.0,True,False
2026-04-25T19:11:48.366655+00:00,25,50.0,True,False
2026-04-25T19:11:48.747251+00:00,205,33.0,True,False
2026-04-25T19:11:48.749162+00:00,30,50.0,True,False
2026-04-25T19:11:48.750851+00:00,210,34.0,True,False
2026-04-25T19:11:48.752430+00:00,35,49.0,True,False
2026-04-25T19:11:48.753763+00:00,215,34.0,True,False
2026-04-25T19:11:49.187071+00:00,40,25.0,True,False
2026-04-25T19:11:49.189110+00:00,220,35.0,True,False
2026-04-25T19:11:49.190277+00:00,45,25.0,True,False
2026-04-25T19:11:49.191898+00:00,225,36.0,True,False
2026-04-25T19:11:49.193008+00:00,50,24.0,True,False
2026-04-25T19:11:49.194042+00:00,230,41.0,True,False
2026-04-25T19:11:49.499247+00:00,55,23.0,True,False
2026-04-25T19:11:49.501357+00:00,235,41.0,True,False
2026-04-25T19:11:49.502719+00:00,60,26.0,True,False
2026-04-25T19:11:49.504312+00:00,240,44.0,True,False
2026-04-25T19:11:49.858864+00:00,65,23.0,True,False
2026-04-25T19:11:49.859852+00:00,245,42.0,True,False
2026-04-25T19:11:49.860383+00:00,70,22.0,True,False
2026-04-25T19:11:49.861097+00:00,250,40.0,True,False
2026-04-25T19:11:50.256352+00:00,75,36.0,True,False
2026-04-25T19:11:50.258229+00:00,255,42.0,True,False
2026-04-25T19:11:50.259921+00:00,80,36.0,True,False
2026-04-25T19:11:50.261245+00:00,260,16.0,True,False
2026-04-25T19:11:50.262441+00:00,85,35.0,True,False
2026-04-25T19:11:50.758758+00:00,265,8.0,False,False
2026-04-25T19:11:57.199430+00:00,15,46.0,True,False
2026-04-25T19:11:57.386135+00:00,195,43.0,True,False
2026-04-25T19:11:57.706064+00:00,20,47.0,True,False
2026-04-25T19:11:57.708002+00:00,200,47.0,True,False
2026-04-25T19:11:57.709363+00:00,25,51.0,True,False
2026-04-25T19:11:57.710604+00:00,205,41.0,True,False
2026-04-25T19:11:57.712043+00:00,30,48.0,True,False
2026-04-25T19:11:58.019558+00:00,210,44.0,True,False
2026-04-25T19:11:58.021629+00:00,35,0.0,True,False
2026-04-25T19:11:58.022986+00:00,215,43.0,True,False
2026-04-25T19:11:58.319472+00:00,40,7.0,False,False
2026-04-25T19:11:58.321775+00:00,220,46.0,True,False
2026-04-25T19:14:34.077859+00:00,15,50.0,True,False
2026-04-25T19:14:34.364668+00:00,195,46.0,True,False
2026-04-25T19:14:34.366695+00:00,20,54.0,True,False
2026-04-25T19:14:34.368335+00:00,200,49.0,True,False
2026-04-25T19:14:34.877044+00:00,25,53.0,True,False
2026-04-25T19:14:34.879497+00:00,205,46.0,True,False
2026-04-25T19:14:34.881054+00:00,30,53.0,True,False
2026-04-25T19:14:34.882747+00:00,210,42.0,True,False
2026-04-25T19:14:34.884535+00:00,35,63.0,True,False
2026-04-25T19:14:34.886654+00:00,215,42.0,True,False
2026-04-25T19:14:34.888247+00:00,40,56.0,True,False
2026-04-25T19:14:34.889817+00:00,220,40.0,True,False
2026-04-25T19:14:35.616917+00:00,240,39.0,True,False
2026-04-25T19:14:35.705584+00:00,65,64.0,True,False
2026-04-25T19:14:35.708229+00:00,245,39.0,True,False
2026-04-25T19:14:35.710348+00:00,70,63.0,True,False
2026-04-25T19:14:35.711897+00:00,250,39.0,True,False
2026-04-25T19:14:36.111604+00:00,75,58.0,True,False
2026-04-25T19:14:36.113526+00:00,255,40.0,True,False
2026-04-25T19:14:36.115253+00:00,80,62.0,True,False
2026-04-25T19:14:36.512878+00:00,260,42.0,True,False
2026-04-25T19:14:36.515414+00:00,85,58.0,True,False
2026-04-25T19:14:36.516982+00:00,265,45.0,True,False
2026-04-25T19:14:36.518451+00:00,90,61.0,True,False
2026-04-25T19:14:36.519700+00:00,270,44.0,True,False
2026-04-25T19:14:36.520940+00:00,95,72.0,True,False
2026-04-25T19:14:36.524009+00:00,275,56.0,True,False
2026-04-25T19:14:36.822056+00:00,100,53.0,True,False
2026-04-25T19:14:36.823753+00:00,280,46.0,True,False
2026-04-25T19:14:36.825086+00:00,105,53.0,True,False
2026-04-25T19:14:37.139844+00:00,285,52.0,True,False
2026-04-25T19:14:37.142143+00:00,110,15.0,False,False
2026-04-25T19:14:37.144179+00:00,290,56.0,True,False
2026-04-25T19:14:40.526218+00:00,15,54.0,True,False
2026-04-25T19:14:40.704548+00:00,195,43.0,True,False
2026-04-25T19:14:40.706957+00:00,20,54.0,True,False
2026-04-25T19:14:40.708974+00:00,200,44.0,True,False
2026-04-25T19:14:41.016909+00:00,25,54.0,True,False
2026-04-25T19:14:41.018795+00:00,205,43.0,True,False
2026-04-25T19:14:41.020441+00:00,30,55.0,True,False
2026-04-25T19:14:41.021440+00:00,210,43.0,True,False
2026-04-25T19:14:41.321232+00:00,35,55.0,True,False
2026-04-25T19:14:41.323432+00:00,215,44.0,True,False
2026-04-25T19:14:41.325012+00:00,40,53.0,True,False
2026-04-25T19:14:41.326629+00:00,220,45.0,True,False
2026-04-25T19:14:41.862922+00:00,45,52.0,True,False
2026-04-25T19:14:41.865177+00:00,225,41.0,True,False
2026-04-25T19:14:41.867622+00:00,50,53.0,True,False
2026-04-25T19:14:41.869541+00:00,230,39.0,True,False
2026-04-25T19:14:41.870960+00:00,55,51.0,True,False
2026-04-25T19:14:41.872485+00:00,235,39.0,True,False
2026-04-25T19:14:41.874263+00:00,60,52.0,True,False
2026-04-25T19:14:42.243064+00:00,240,38.0,True,False
2026-04-25T19:14:42.244680+00:00,65,56.0,True,False
2026-04-25T19:14:42.246198+00:00,245,37.0,True,False
2026-04-25T19:14:42.247791+00:00,70,66.0,True,False
2026-04-25T19:14:42.249287+00:00,250,37.0,True,False
2026-04-25T19:14:42.554401+00:00,80,47.0,True,False
2026-04-25T19:14:42.635728+00:00,260,35.0,True,False
2026-04-25T19:14:42.638303+00:00,85,46.0,True,False
2026-04-25T19:14:42.988182+00:00,265,38.0,True,False
2026-04-25T19:14:42.989236+00:00,90,46.0,True,False
2026-04-25T19:14:42.989815+00:00,270,38.0,True,False
2026-04-25T19:14:42.990215+00:00,95,52.0,True,False
2026-04-25T19:14:42.991285+00:00,275,39.0,True,False
2026-04-25T19:14:43.277824+00:00,100,55.0,True,False
2026-04-25T19:14:43.279090+00:00,280,40.0,True,False
2026-04-25T19:14:43.586233+00:00,105,59.0,True,False
2026-04-25T19:14:43.587960+00:00,285,44.0,True,False
2026-04-25T19:14:43.590406+00:00,110,50.0,True,False
2026-04-25T19:14:43.591601+00:00,290,42.0,True,False
2026-04-25T19:14:43.957257+00:00,115,49.0,True,False
2026-04-25T19:14:43.959290+00:00,295,44.0,True,False
2026-04-25T19:14:43.960649+00:00,120,65.0,True,False
2026-04-25T19:14:43.962103+00:00,300,45.0,True,False
2026-04-25T19:14:43.963894+00:00,125,54.0,True,False
2026-04-25T19:14:44.193103+00:00,305,47.0,True,False
2026-04-25T19:14:44.195412+00:00,130,63.0,True,False
2026-04-25T19:14:44.197186+00:00,310,51.0,True,False
2026-04-25T19:14:44.198539+00:00,135,56.0,True,False
2026-04-25T19:14:44.200383+00:00,315,56.0,True,False
2026-04-25T19:14:44.500844+00:00,140,56.0,True,False
2026-04-25T19:14:44.503444+00:00,320,49.0,True,False
2026-04-25T19:14:44.505427+00:00,145,57.0,True,False
2026-04-25T19:14:44.822555+00:00,335,52.0,True,False
2026-04-25T19:14:45.011716+00:00,160,60.0,True,False
2026-04-25T19:14:45.013537+00:00,340,49.0,True,False
2026-04-25T19:14:45.422194+00:00,165,59.0,True,False
2026-04-25T19:14:45.424886+00:00,345,49.0,True,False
2026-04-25T19:14:45.426621+00:00,165,59.0,True,False
2026-04-25T19:14:45.427962+00:00,345,63.0,True,False
2026-04-25T19:14:45.689959+00:00,160,58.0,True,False
2026-04-25T19:14:45.724277+00:00,340,53.0,True,False
2026-04-25T19:14:45.727032+00:00,155,57.0,True,False
2026-04-25T19:14:45.728049+00:00,335,51.0,True,False
2026-04-25T19:14:45.728955+00:00,150,58.0,True,False
2026-04-25T19:14:46.138379+00:00,330,55.0,True,False
2026-04-25T19:14:46.140977+00:00,145,63.0,True,False
2026-04-25T19:14:46.142254+00:00,325,56.0,True,False
2026-04-25T19:14:46.143888+00:00,140,61.0,True,False
2026-04-25T19:14:46.145468+00:00,320,49.0,True,False
2026-04-25T19:14:46.147021+00:00,135,60.0,True,False
2026-04-25T19:14:46.681392+00:00,315,55.0,True,False
2026-04-25T19:14:46.683487+00:00,130,61.0,True,False
2026-04-25T19:14:46.685090+00:00,310,56.0,True,False
2026-04-25T19:14:46.686336+00:00,125,59.0,True,False
2026-04-25T19:14:46.687824+00:00,305,51.0,True,False
2026-04-25T19:14:46.689172+00:00,120,56.0,True,False
2026-04-25T19:14:46.691343+00:00,300,49.0,True,False
2026-04-25T19:14:47.075448+00:00,115,56.0,True,False
2026-04-25T19:14:47.077787+00:00,295,55.0,True,False
2026-04-25T19:14:47.079769+00:00,110,56.0,True,False
2026-04-25T19:14:47.080708+00:00,290,56.0,True,False
2026-04-25T19:14:47.467840+00:00,105,58.0,True,False
2026-04-25T19:14:47.468721+00:00,285,48.0,True,False
2026-04-25T19:14:47.469363+00:00,100,56.0,True,False
2026-04-25T19:14:47.470140+00:00,280,45.0,True,False
2026-04-25T19:14:47.470766+00:00,95,66.0,True,False
2026-04-25T19:14:47.471268+00:00,275,43.0,True,False
2026-04-25T19:14:47.777385+00:00,90,49.0,True,False
2026-04-25T19:14:47.778771+00:00,270,44.0,True,False
2026-04-25T19:14:47.779555+00:00,85,47.0,True,False
2026-04-25T19:14:47.780276+00:00,265,40.0,True,False
2026-04-25T19:14:48.019542+00:00,80,48.0,True,False
2026-04-25T19:14:48.020539+00:00,260,38.0,True,False
2026-04-25T19:14:48.021122+00:00,75,43.0,True,False
2026-04-25T19:14:48.021856+00:00,255,37.0,True,False
2026-04-25T19:14:48.291747+00:00,70,45.0,True,False
2026-04-25T19:14:48.293826+00:00,250,38.0,True,False
2026-04-25T19:14:48.295986+00:00,65,43.0,True,False
2026-04-25T19:14:48.493299+00:00,245,37.0,True,False
2026-04-25T19:14:48.495051+00:00,60,44.0,True,False
2026-04-25T19:14:48.497502+00:00,240,37.0,True,False
2026-04-25T19:14:48.714086+00:00,55,44.0,True,False
2026-04-25T19:14:48.715994+00:00,235,37.0,True,False
2026-04-25T19:14:48.717584+00:00,50,48.0,True,False
2026-04-25T19:14:49.006464+00:00,230,35.0,True,False
2026-04-25T19:14:49.008642+00:00,45,64.0,True,False
2026-04-25T19:14:49.010500+00:00,225,38.0,True,False
2026-04-25T19:14:49.012424+00:00,40,47.0,True,False
2026-04-25T19:14:49.309779+00:00,220,38.0,True,False
2026-04-25T19:14:49.312056+00:00,35,51.0,True,False
2026-04-25T19:14:49.313268+00:00,215,39.0,True,False
2026-04-25T19:14:49.698392+00:00,200,45.0,True,False
2026-04-25T19:14:49.816442+00:00,15,54.0,True,False
2026-04-25T19:14:49.942526+00:00,195,47.0,True,False
2026-04-25T19:14:50.306277+00:00,15,54.0,True,True
2026-04-25T19:14:50.308309+00:00,195,47.0,True,True
2026-04-25T19:14:50.310112+00:00,20,53.0,True,True
2026-04-25T19:14:50.311517+00:00,200,42.0,True,True
2026-04-25T19:14:50.712480+00:00,25,52.0,True,True
2026-04-25T19:14:50.714403+00:00,205,45.0,True,True
2026-04-25T19:14:50.716500+00:00,30,52.0,True,True
2026-04-25T19:14:50.717894+00:00,210,43.0,True,True
2026-04-25T19:14:50.719159+00:00,35,51.0,True,True
2026-04-25T19:14:50.720256+00:00,215,46.0,True,True
2026-04-25T19:14:50.926180+00:00,40,53.0,True,True
2026-04-25T19:14:50.928349+00:00,220,42.0,True,True
2026-04-25T19:14:50.930437+00:00,45,60.0,True,True
2026-04-25T19:14:50.932036+00:00,225,39.0,True,True
2026-04-25T19:14:51.387782+00:00,50,46.0,True,True
2026-04-25T19:14:51.389946+00:00,230,36.0,True,True
2026-04-25T19:14:51.905362+00:00,55,43.0,True,True
2026-04-25T19:14:51.906938+00:00,235,36.0,True,True
2026-04-25T19:14:51.909219+00:00,60,44.0,True,True
2026-04-25T19:14:51.910840+00:00,240,35.0,True,True
2026-04-25T19:14:51.911997+00:00,65,42.0,True,True
2026-04-25T19:14:51.913153+00:00,245,35.0,True,True
2026-04-25T19:14:51.915056+00:00,70,42.0,True,True
2026-04-25T19:14:51.916822+00:00,250,35.0,True,True
2026-04-25T19:14:52.511342+00:00,90,44.0,True,False
2026-04-25T19:14:52.590112+00:00,270,39.0,True,False
2026-04-25T19:14:52.591791+00:00,95,47.0,True,False
2026-04-25T19:14:52.593721+00:00,275,40.0,True,False
2026-04-25T19:14:52.595372+00:00,100,49.0,True,False
2026-04-25T19:14:52.596948+00:00,280,43.0,True,False
2026-04-25T19:14:52.794399+00:00,105,53.0,True,False
2026-04-25T19:14:52.795562+00:00,285,42.0,True,False
2026-04-25T19:14:53.223450+00:00,110,56.0,True,False
2026-04-25T19:14:53.225261+00:00,290,42.0,True,False
2026-04-25T19:14:53.227078+00:00,115,56.0,True,False
2026-04-25T19:14:53.228916+00:00,295,42.0,True,False
2026-04-25T19:14:53.749966+00:00,120,54.0,True,False
2026-04-25T19:14:53.752141+00:00,300,45.0,True,False
2026-04-25T19:14:53.753824+00:00,125,53.0,True,False
2026-04-25T19:14:53.755677+00:00,305,50.0,True,False
2026-04-25T19:14:53.757091+00:00,130,53.0,True,False
2026-04-25T19:14:53.759009+00:00,310,49.0,True,False
2026-04-25T19:14:54.310439+00:00,135,67.0,True,False
2026-04-25T19:14:54.313424+00:00,315,55.0,True,False
2026-04-25T19:14:54.315003+00:00,140,64.0,True,False
2026-04-25T19:14:54.316061+00:00,320,49.0,True,False
2026-04-25T19:14:54.317402+00:00,145,58.0,True,False
2026-04-25T19:14:54.319067+00:00,325,50.0,True,False
2026-04-25T19:14:54.320647+00:00,150,56.0,True,False
2026-04-25T19:14:54.322357+00:00,330,51.0,True,False
2026-04-25T19:14:54.659125+00:00,155,52.0,True,False
2026-04-25T19:14:54.662144+00:00,335,49.0,True,False
2026-04-25T19:14:54.663468+00:00,160,51.0,True,False
2026-04-25T19:14:54.665143+00:00,340,49.0,True,False
2026-04-25T19:14:54.666660+00:00,165,51.0,True,False
2026-04-25T19:14:54.668544+00:00,345,49.0,True,False
2026-04-25T19:14:55.043799+00:00,160,51.0,True,False
2026-04-25T19:14:55.045667+00:00,340,57.0,True,False
2026-04-25T19:14:55.047370+00:00,155,52.0,True,False
2026-04-25T19:14:55.049251+00:00,335,49.0,True,False
2026-04-25T19:14:55.267742+00:00,150,52.0,True,False
2026-04-25T19:14:55.270231+00:00,330,51.0,True,False
2026-04-25T19:14:55.944040+00:00,145,56.0,True,False
2026-04-25T19:14:55.946731+00:00,325,56.0,True,False
2026-04-25T19:14:55.948401+00:00,140,58.0,True,False
2026-04-25T19:14:55.949850+00:00,320,56.0,True,False
2026-04-25T19:14:56.380980+00:00,135,51.0,True,False
2026-04-25T19:14:56.383044+00:00,315,51.0,True,False
2026-04-25T19:14:56.384545+00:00,130,50.0,True,False
2026-04-25T19:14:56.386251+00:00,310,56.0,True,False
2026-04-25T19:14:56.387736+00:00,125,51.0,True,False
2026-04-25T19:14:56.389917+00:00,305,56.0,True,False
2026-04-25T19:14:56.391435+00:00,120,51.0,True,False
2026-04-25T19:14:56.392931+00:00,300,50.0,True,False
2026-04-25T19:14:56.394187+00:00,115,52.0,True,False
2026-04-25T19:14:56.396355+00:00,295,56.0,True,False
2026-04-25T19:14:56.398118+00:00,110,52.0,True,False
2026-04-25T19:14:57.095713+00:00,90,46.0,True,True
2026-04-25T19:14:57.232316+00:00,270,38.0,True,True
2026-04-25T19:14:57.234722+00:00,85,55.0,True,True
2026-04-25T19:14:57.236171+00:00,265,37.0,True,True
2026-04-25T19:14:57.238156+00:00,80,42.0,True,True
2026-04-25T19:14:57.655513+00:00,260,38.0,True,True
2026-04-25T19:16:36.428702+00:00,15,182.0,True,False
2026-04-25T19:16:36.689052+00:00,195,57.0,True,False
2026-04-25T19:16:36.835903+00:00,20,182.0,True,False
2026-04-25T19:16:36.838143+00:00,200,49.0,True,False
2026-04-25T19:16:37.205065+00:00,25,183.0,True,False
2026-04-25T19:16:37.205867+00:00,205,56.0,True,False
2026-04-25T19:16:37.206356+00:00,30,184.0,True,False
2026-04-25T19:16:37.207178+00:00,210,53.0,True,False
2026-04-25T19:16:37.208508+00:00,35,185.0,True,False
2026-04-25T19:16:37.209753+00:00,215,56.0,True,False
2026-04-25T19:16:37.210438+00:00,40,183.0,True,False
2026-04-25T19:16:37.476331+00:00,220,52.0,True,False
2026-04-25T19:16:37.477198+00:00,45,184.0,True,False
2026-04-25T19:16:37.477681+00:00,225,51.0,True,False
2026-04-25T19:16:37.478309+00:00,50,184.0,True,False
2026-04-25T19:16:37.478835+00:00,230,56.0,True,False
2026-04-25T19:16:37.751080+00:00,55,182.0,True,False
2026-04-25T19:16:37.751940+00:00,235,52.0,True,False
2026-04-25T19:16:37.752574+00:00,60,183.0,True,False
2026-04-25T19:16:37.754628+00:00,240,55.0,True,False
2026-04-25T19:16:38.260719+00:00,65,182.0,True,False
2026-04-25T19:16:38.262680+00:00,245,51.0,True,False
2026-04-25T19:16:38.264990+00:00,70,185.0,True,False
2026-04-25T19:16:38.648722+00:00,250,56.0,True,False
2026-04-25T19:16:38.651913+00:00,75,184.0,True,False
2026-04-25T19:16:38.654406+00:00,255,53.0,True,False
2026-04-25T19:16:38.655791+00:00,80,183.0,True,False
2026-04-25T19:16:38.658344+00:00,260,55.0,True,False
2026-04-25T19:16:38.660085+00:00,85,184.0,True,False
2026-04-25T19:16:38.661362+00:00,265,56.0,True,False
2026-04-25T19:16:38.663288+00:00,90,184.0,True,False
2026-04-25T19:16:39.003070+00:00,280,56.0,True,False
2026-04-25T19:16:39.090152+00:00,105,182.0,True,False
2026-04-25T19:16:39.091788+00:00,285,51.0,True,False
2026-04-25T19:16:39.387004+00:00,110,183.0,True,False
2026-04-25T19:16:39.389112+00:00,290,53.0,True,False
2026-04-25T19:16:39.695241+00:00,115,183.0,True,False
2026-04-25T19:16:39.697560+00:00,295,54.0,True,False
2026-04-25T19:16:39.699348+00:00,120,182.0,True,False
2026-04-25T19:16:39.701371+00:00,300,55.0,True,False
2026-04-25T19:16:40.012282+00:00,125,183.0,True,False
2026-04-25T19:16:40.014446+00:00,305,57.0,True,False
2026-04-25T19:16:40.015658+00:00,130,183.0,True,False
2026-04-25T19:16:40.016826+00:00,310,53.0,True,False
2026-04-25T19:16:40.346436+00:00,135,183.0,True,False
2026-04-25T19:16:40.347996+00:00,315,55.0,True,False
2026-04-25T19:16:40.348778+00:00,140,183.0,True,False
2026-04-25T19:16:40.350209+00:00,320,56.0,True,False
2026-04-25T19:16:40.719008+00:00,145,182.0,True,False
2026-04-25T19:16:40.721608+00:00,325,3.0,False,False
2026-04-25T19:16:45.764219+00:00,15,183.0,True,False
2026-04-25T19:18:41.515329+00:00,15,184.0,True,False
2026-04-25T19:18:41.516110+00:00,195,4.0,False,False
2026-04-25T19:18:47.595559+00:00,15,184.0,True,False
2026-04-25T19:18:47.714136+00:00,195,5.0,False,False
2026-04-25T19:20:41.907333+00:00,15,184.0,True,False
2026-04-25T19:20:51.604852+00:00,15,184.0,True,False
2026-04-25T19:20:51.983053+00:00,195,4.0,False,False
2026-04-25T19:22:41.817733+00:00,15,183.0,True,False
2026-04-25T19:22:41.926068+00:00,195,4.0,False,False
2026-04-25T19:22:51.823418+00:00,15,183.0,True,False
2026-04-25T19:22:51.957318+00:00,195,4.0,False,False
2026-04-25T19:26:45.912694+00:00,15,183.0,True,False
2026-04-25T19:26:45.914806+00:00,195,4.0,False,False
2026-04-25T19:26:55.973520+00:00,15,210.0,True,False
2026-04-25T19:26:55.975559+00:00,195,5.0,False,False
2026-04-25T19:28:15.853029+00:00,15,0.0,True,False
2026-04-25T19:28:16.030801+00:00,195,44.0,True,False
2026-04-25T19:28:16.031766+00:00,20,6.0,False,False
2026-04-25T19:28:16.335061+00:00,200,42.0,True,False
2026-04-25T19:29:20.262099+00:00,20,40.0,True,False
2026-04-25T19:29:20.437188+00:00,200,42.0,True,False
2026-04-25T19:29:20.439796+00:00,25,40.0,True,False
2026-04-25T19:29:20.441811+00:00,205,43.0,True,False
2026-04-25T19:29:20.444248+00:00,30,41.0,True,False
2026-04-25T19:29:20.445925+00:00,210,49.0,True,False
2026-04-25T19:29:20.877630+00:00,35,40.0,True,False
2026-04-25T19:29:20.879295+00:00,215,44.0,True,False
2026-04-25T19:29:20.880625+00:00,40,43.0,True,False
2026-04-25T19:29:20.881973+00:00,220,42.0,True,False
2026-04-25T19:29:20.883314+00:00,45,67.0,True,False
2026-04-25T19:29:21.256481+00:00,225,38.0,True,False
2026-04-25T19:29:21.259377+00:00,50,73.0,True,False
2026-04-25T19:29:21.261159+00:00,230,38.0,True,False
2026-04-25T19:29:21.262227+00:00,55,71.0,True,False
2026-04-25T19:29:21.263257+00:00,235,36.0,True,False
2026-04-25T19:29:21.585342+00:00,60,65.0,True,False
2026-04-25T19:29:21.586821+00:00,240,37.0,True,False
2026-04-25T19:29:21.587526+00:00,65,67.0,True,False
2026-04-25T19:29:21.588253+00:00,245,37.0,True,False
2026-04-25T19:29:21.589193+00:00,70,71.0,True,False
2026-04-25T19:29:21.922682+00:00,250,37.0,True,False
2026-04-25T19:29:21.925437+00:00,75,71.0,True,False
2026-04-25T19:29:21.927062+00:00,255,39.0,True,False
2026-04-25T19:29:22.270349+00:00,80,70.0,True,False
2026-04-25T19:29:22.272255+00:00,260,41.0,True,False
2026-04-25T19:29:22.273670+00:00,85,70.0,True,False
2026-04-25T19:29:22.275351+00:00,265,40.0,True,False
2026-04-25T19:29:22.276906+00:00,90,71.0,True,False
2026-04-25T19:29:22.278871+00:00,270,42.0,True,False
2026-04-25T19:29:22.635871+00:00,95,72.0,True,False
2026-04-25T19:29:22.638162+00:00,275,44.0,True,False
2026-04-25T19:29:22.640043+00:00,100,72.0,True,False
2026-04-25T19:29:22.641285+00:00,280,42.0,True,False
2026-04-25T19:29:22.642952+00:00,105,71.0,True,False
2026-04-25T19:29:22.999798+00:00,285,50.0,True,False
2026-04-25T19:29:23.002610+00:00,110,51.0,True,False
2026-04-25T19:29:23.004478+00:00,290,46.0,True,False
2026-04-25T19:29:23.007624+00:00,115,58.0,True,False
2026-04-25T19:29:23.407441+00:00,295,50.0,True,False
2026-04-25T19:29:23.409517+00:00,120,47.0,True,False
2026-04-25T19:29:23.410982+00:00,300,56.0,True,False
2026-04-25T19:29:23.412451+00:00,125,49.0,True,False
2026-04-25T19:29:23.413933+00:00,305,49.0,True,False
2026-04-25T19:29:23.415589+00:00,130,45.0,True,False
2026-04-25T19:29:23.823028+00:00,310,49.0,True,False
2026-04-25T19:29:23.824888+00:00,135,49.0,True,False
2026-04-25T19:29:23.827730+00:00,315,51.0,True,False
2026-04-25T19:29:23.829566+00:00,140,50.0,True,False
2026-04-25T19:29:23.830600+00:00,320,50.0,True,False
2026-04-25T19:29:24.299908+00:00,145,49.0,True,False
2026-04-25T19:29:24.301869+00:00,325,43.0,True,False
2026-04-25T19:29:24.535364+00:00,150,48.0,True,False
2026-04-25T19:29:24.537666+00:00,330,42.0,True,False
2026-04-25T19:29:24.539458+00:00,155,53.0,True,False
2026-04-25T19:29:24.540940+00:00,335,40.0,True,False
2026-04-25T19:29:24.542468+00:00,160,57.0,True,False
2026-04-25T19:29:24.544087+00:00,340,37.0,True,False
2026-04-25T19:29:24.545206+00:00,165,49.0,True,False
2026-04-25T19:29:24.546699+00:00,345,39.0,True,False
2026-04-25T19:29:24.804033+00:00,165,48.0,True,False
2026-04-25T19:29:24.806341+00:00,345,38.0,True,False
2026-04-25T19:29:24.808283+00:00,160,47.0,True,False
2026-04-25T19:29:25.668318+00:00,315,42.0,True,False
2026-04-25T19:29:25.863612+00:00,130,48.0,True,False
2026-04-25T19:29:25.865223+00:00,310,49.0,True,False
2026-04-25T19:29:26.172758+00:00,125,48.0,True,False
2026-04-25T19:29:26.174103+00:00,305,54.0,True,False
2026-04-25T19:29:26.175026+00:00,120,49.0,True,False
2026-04-25T19:29:26.175763+00:00,300,56.0,True,False
2026-04-25T19:29:26.176504+00:00,115,47.0,True,False
2026-04-25T19:29:26.488032+00:00,295,56.0,True,False
2026-04-25T19:29:26.489862+00:00,110,56.0,True,False
2026-04-25T19:29:26.490999+00:00,290,55.0,True,False
2026-04-25T19:29:26.936754+00:00,105,54.0,True,False
2026-04-25T19:29:26.938670+00:00,285,49.0,True,False
2026-04-25T19:29:26.940499+00:00,100,51.0,True,False
2026-04-25T19:29:26.942413+00:00,280,55.0,True,False
2026-04-25T19:29:26.944385+00:00,95,51.0,True,False
2026-04-25T19:29:27.198776+00:00,275,55.0,True,False
2026-04-25T19:29:27.200601+00:00,90,49.0,True,False
2026-04-25T19:29:27.202744+00:00,270,56.0,True,False
2026-04-25T19:29:27.204331+00:00,85,50.0,True,False
2026-04-25T19:29:27.205794+00:00,265,51.0,True,False
2026-04-25T19:29:27.207402+00:00,80,16.0,True,False
2026-04-25T19:29:27.606105+00:00,260,44.0,True,False
2026-04-25T19:29:27.607025+00:00,75,67.0,True,False
2026-04-25T19:29:28.127769+00:00,55,66.0,True,False
2026-04-25T19:29:28.244787+00:00,235,41.0,True,False
2026-04-25T19:29:28.245828+00:00,50,60.0,True,False
2026-04-25T19:29:28.246352+00:00,230,38.0,True,False
2026-04-25T19:29:28.527166+00:00,45,58.0,True,False
2026-04-25T19:29:28.529156+00:00,225,39.0,True,False
2026-04-25T19:29:28.530832+00:00,40,60.0,True,False
2026-04-25T19:29:29.049268+00:00,220,37.0,True,False
2026-04-25T19:29:29.051642+00:00,35,46.0,True,False
2026-04-25T19:29:29.053470+00:00,215,37.0,True,False
2026-04-25T19:29:29.055264+00:00,30,44.0,True,False
2026-04-25T19:29:29.057233+00:00,210,38.0,True,False
2026-04-25T19:29:29.513111+00:00,25,44.0,True,False
2026-04-25T19:29:29.515349+00:00,205,37.0,True,False
2026-04-25T19:29:29.517721+00:00,20,42.0,True,False
2026-04-25T19:29:29.520012+00:00,200,35.0,True,False
2026-04-25T19:29:29.521569+00:00,15,39.0,True,False
2026-04-25T19:29:29.524041+00:00,195,37.0,True,False
2026-04-25T19:29:29.783521+00:00,15,40.0,True,True
2026-04-25T19:29:29.785871+00:00,195,42.0,True,True
2026-04-25T19:29:29.787599+00:00,20,39.0,True,True
2026-04-25T19:29:29.788821+00:00,200,43.0,True,True
2026-04-25T19:29:29.790522+00:00,25,40.0,True,True
2026-04-25T19:29:29.980646+00:00,205,41.0,True,True
2026-04-25T19:29:29.982250+00:00,30,58.0,True,True
2026-04-25T19:29:29.983680+00:00,210,37.0,True,True
2026-04-25T19:29:30.253741+00:00,35,68.0,True,True
2026-04-25T19:29:30.255828+00:00,215,36.0,True,True
2026-04-25T19:29:30.257205+00:00,40,43.0,True,True
2026-04-25T19:29:30.620098+00:00,220,36.0,True,True
2026-04-25T19:29:30.623196+00:00,45,45.0,True,True
2026-04-25T19:29:30.624894+00:00,225,36.0,True,True
2026-04-25T19:29:30.626261+00:00,50,45.0,True,True
2026-04-25T19:29:30.627795+00:00,230,37.0,True,True
2026-04-25T19:29:30.987369+00:00,55,45.0,True,True
2026-04-25T19:29:30.989082+00:00,235,37.0,True,True
2026-04-25T19:29:30.991211+00:00,60,46.0,True,True
2026-04-25T19:29:30.993231+00:00,240,37.0,True,True
2026-04-25T19:29:31.289851+00:00,65,46.0,True,True
2026-04-25T19:29:31.291731+00:00,245,38.0,True,True
2026-04-25T19:29:31.293866+00:00,70,76.0,True,True
2026-04-25T19:29:31.295150+00:00,250,39.0,True,True
2026-04-25T19:29:31.296650+00:00,75,78.0,True,True
2026-04-25T19:29:31.503946+00:00,255,41.0,True,True
2026-04-25T19:29:31.507573+00:00,80,75.0,True,True
2026-04-25T19:29:31.509412+00:00,260,42.0,True,True
2026-04-25T19:29:31.511072+00:00,85,65.0,True,True
2026-04-25T19:29:31.807021+00:00,265,42.0,True,True
2026-04-25T19:29:31.809535+00:00,90,51.0,True,True
2026-04-25T19:29:32.214669+00:00,270,42.0,True,True
2026-04-25T19:29:32.216760+00:00,95,50.0,True,True
2026-04-25T19:29:32.218413+00:00,275,46.0,True,True
2026-04-25T19:29:32.219670+00:00,100,50.0,True,True
2026-04-25T19:29:33.002126+00:00,125,44.0,True,False
2026-04-25T19:29:33.137074+00:00,305,49.0,True,False
2026-04-25T19:29:33.138908+00:00,130,44.0,True,False
2026-04-25T19:29:33.141012+00:00,310,50.0,True,False
2026-04-25T19:29:33.143314+00:00,135,48.0,True,False
2026-04-25T19:29:33.452765+00:00,315,50.0,True,False
2026-04-25T19:29:33.454613+00:00,140,47.0,True,False
2026-04-25T19:29:33.456168+00:00,320,43.0,True,False
2026-04-25T19:29:33.804594+00:00,145,48.0,True,False
2026-04-25T19:29:33.807282+00:00,325,40.0,True,False
2026-04-25T19:29:33.810078+00:00,150,51.0,True,False
2026-04-25T19:29:33.811219+00:00,330,38.0,True,False
2026-04-25T19:29:33.812523+00:00,155,57.0,True,False
2026-04-25T19:29:34.025888+00:00,335,38.0,True,False
2026-04-25T19:29:34.029984+00:00,160,47.0,True,False
2026-04-25T19:29:34.031595+00:00,340,38.0,True,False
2026-04-25T19:29:34.436969+00:00,165,48.0,True,False
2026-04-25T19:29:34.438737+00:00,345,39.0,True,False
2026-04-25T19:29:34.439631+00:00,160,49.0,True,False
2026-04-25T19:29:34.440408+00:00,340,38.0,True,False
2026-04-25T19:29:34.441970+00:00,155,47.0,True,False
2026-04-25T19:29:34.668485+00:00,335,38.0,True,False
2026-04-25T19:29:34.670387+00:00,150,46.0,True,False
2026-04-25T19:29:34.672332+00:00,330,39.0,True,False
2026-04-25T19:29:34.674149+00:00,145,47.0,True,False
2026-04-25T19:29:34.976407+00:00,325,38.0,True,False
2026-04-25T19:30:18.100788+00:00,200,48.0,True,False
2026-04-25T19:30:18.239070+00:00,25,210.0,True,False
2026-04-25T19:30:18.414535+00:00,205,51.0,True,False
2026-04-25T19:30:18.416684+00:00,30,185.0,True,False
2026-04-25T19:30:18.911975+00:00,210,50.0,True,False
2026-04-25T19:30:18.913088+00:00,35,183.0,True,False
2026-04-25T19:30:18.913809+00:00,215,51.0,True,False
2026-04-25T19:30:18.914438+00:00,40,211.0,True,False
2026-04-25T19:30:18.915276+00:00,220,55.0,True,False
2026-04-25T19:30:18.916011+00:00,45,184.0,True,False
2026-04-25T19:30:19.215667+00:00,225,49.0,True,False
2026-04-25T19:30:19.217472+00:00,50,184.0,True,False
2026-04-25T19:30:19.219037+00:00,230,49.0,True,False
2026-04-25T19:30:19.220685+00:00,55,185.0,True,False
2026-04-25T19:30:19.223802+00:00,235,49.0,True,False
2026-04-25T19:30:19.419733+00:00,60,184.0,True,False
2026-04-25T19:30:19.421699+00:00,240,50.0,True,False
2026-04-25T19:30:19.423066+00:00,65,185.0,True,False
2026-04-25T19:30:19.424601+00:00,245,48.0,True,False
2026-04-25T19:30:19.837721+00:00,70,209.0,True,False
2026-04-25T19:30:19.839105+00:00,250,56.0,True,False
2026-04-25T19:30:20.143156+00:00,90,182.0,True,False
2026-04-25T19:30:20.249507+00:00,270,49.0,True,False
2026-04-25T19:30:20.385985+00:00,95,184.0,True,False
2026-04-25T19:30:20.388318+00:00,275,50.0,True,False
2026-04-25T19:30:20.646803+00:00,100,183.0,True,False
2026-04-25T19:30:20.648914+00:00,280,50.0,True,False
2026-04-25T19:30:20.650097+00:00,105,185.0,True,False
2026-04-25T19:30:20.652108+00:00,285,49.0,True,False
2026-04-25T19:30:20.867561+00:00,110,185.0,True,False
2026-04-25T19:30:20.869429+00:00,290,49.0,True,False
2026-04-25T19:30:20.871496+00:00,115,185.0,True,False
2026-04-25T19:30:21.167047+00:00,295,49.0,True,False
2026-04-25T19:30:21.169705+00:00,120,182.0,True,False
2026-04-25T19:30:21.171535+00:00,300,50.0,True,False
2026-04-25T19:30:21.173986+00:00,125,183.0,True,False
2026-04-25T19:30:21.528476+00:00,305,56.0,True,False
2026-04-25T19:30:21.529854+00:00,130,184.0,True,False
2026-04-25T19:30:21.531313+00:00,310,49.0,True,False
2026-04-25T19:30:21.532182+00:00,135,184.0,True,False
2026-04-25T19:30:21.532899+00:00,315,49.0,True,False
2026-04-25T19:30:21.773536+00:00,140,183.0,True,False
2026-04-25T19:30:21.775764+00:00,320,50.0,True,False
2026-04-25T19:30:22.398657+00:00,145,183.0,True,False
2026-04-25T19:30:22.400272+00:00,325,50.0,True,False
2026-04-25T19:30:22.401524+00:00,150,183.0,True,False
2026-04-25T19:30:22.402829+00:00,330,50.0,True,False
2026-04-25T19:30:22.616376+00:00,155,184.0,True,False
2026-04-25T19:30:22.618527+00:00,335,49.0,True,False
2026-04-25T19:30:22.620078+00:00,160,184.0,True,False
2026-04-25T19:30:22.622031+00:00,340,50.0,True,False
2026-04-25T19:30:22.623905+00:00,165,184.0,True,False
2026-04-25T19:30:22.625450+00:00,345,49.0,True,False
2026-04-25T19:30:22.627237+00:00,165,184.0,True,False
2026-04-25T19:30:22.803802+00:00,345,0.0,True,False
2026-04-25T19:30:22.805334+00:00,160,184.0,True,False
2026-04-25T19:30:22.807010+00:00,340,48.0,True,False
2026-04-25T19:30:23.205264+00:00,155,184.0,True,False
2026-04-25T19:30:23.207274+00:00,335,56.0,True,False
2026-04-25T19:30:23.208419+00:00,150,184.0,True,False
2026-04-25T19:30:23.616426+00:00,330,54.0,True,False
2026-04-25T19:30:23.618530+00:00,145,185.0,True,False
2026-04-25T19:30:23.620520+00:00,325,51.0,True,False
2026-04-25T19:30:23.622209+00:00,140,183.0,True,False
2026-04-25T19:30:23.624117+00:00,320,49.0,True,False
2026-04-25T19:30:23.625773+00:00,135,207.0,True,False
2026-04-25T19:30:23.822770+00:00,315,55.0,True,False
2026-04-25T19:30:23.825246+00:00,130,186.0,True,False
2026-04-25T19:30:23.826580+00:00,310,56.0,True,False
2026-04-25T19:30:23.828120+00:00,125,183.0,True,False
2026-04-25T19:30:24.128625+00:00,305,51.0,True,False
2026-04-25T19:30:24.131074+00:00,120,184.0,True,False
2026-04-25T19:30:24.133538+00:00,300,48.0,True,False
2026-04-25T19:30:24.435514+00:00,115,0.0,True,False
2026-04-25T19:30:24.437506+00:00,295,56.0,True,False
2026-04-25T19:30:24.439672+00:00,110,184.0,True,False
2026-04-25T19:30:24.441406+00:00,290,50.0,True,False
2026-04-25T19:30:24.442680+00:00,105,184.0,True,False
2026-04-25T19:30:24.953961+00:00,275,50.0,True,False
2026-04-25T19:30:25.074895+00:00,90,184.0,True,False
2026-04-25T19:30:25.076543+00:00,270,53.0,True,False
2026-04-25T19:30:25.085250+00:00,85,185.0,True,False
2026-04-25T19:30:25.376521+00:00,265,49.0,True,False
2026-04-25T19:30:25.378349+00:00,80,209.0,True,False
2026-04-25T19:30:25.380222+00:00,260,49.0,True,False
2026-04-25T19:30:25.665279+00:00,75,184.0,True,False
2026-04-25T19:30:25.667426+00:00,255,49.0,True,False
2026-04-25T19:30:25.668989+00:00,70,184.0,True,False
2026-04-25T19:30:25.670542+00:00,250,51.0,True,False
2026-04-25T19:30:25.851561+00:00,65,210.0,True,False
2026-04-25T19:30:25.853657+00:00,245,52.0,True,False
2026-04-25T19:30:25.854680+00:00,60,185.0,True,False
2026-04-25T19:30:25.855176+00:00,240,51.0,True,False
2026-04-25T19:30:26.085019+00:00,55,184.0,True,False
2026-04-25T19:30:26.086982+00:00,235,50.0,True,False
2026-04-25T19:30:26.389013+00:00,50,183.0,True,False
2026-04-25T19:30:26.389757+00:00,230,51.0,True,False
2026-04-25T19:30:26.390153+00:00,45,211.0,True,False
2026-04-25T19:30:26.391682+00:00,225,56.0,True,False
2026-04-25T19:30:26.596951+00:00,40,184.0,True,False
2026-04-25T19:30:26.597939+00:00,220,49.0,True,False
2026-04-25T19:30:26.605700+00:00,35,210.0,True,False
2026-04-25T19:30:27.204925+00:00,20,211.0,True,False
2026-04-25T19:30:27.319375+00:00,200,51.0,True,False
2026-04-25T19:30:27.321008+00:00,15,0.0,True,False
2026-04-25T19:30:27.322593+00:00,195,6.0,False,False
2026-04-25T19:31:20.620861+00:00,195,6.0,False,False
2026-04-25T19:31:22.897453+00:00,15,209.0,True,False
2026-04-25T19:31:23.007061+00:00,195,6.0,False,False
2026-04-25T19:32:20.360945+00:00,15,184.0,True,False
2026-04-25T19:32:20.646074+00:00,195,4.0,False,False
2026-04-26T08:03:42.778513+00:00,15,9.0,False,False
2026-04-26T08:03:42.829009+00:00,195,4.0,False,False
2026-04-26T08:05:43.017579+00:00,15,54.0,True,False
2026-04-26T08:05:43.125685+00:00,195,55.0,True,False
2026-04-26T08:05:43.203308+00:00,20,52.0,True,False
2026-04-26T08:05:43.205011+00:00,200,50.0,True,False
2026-04-26T08:05:43.437106+00:00,25,54.0,True,False
2026-04-26T08:05:43.439046+00:00,205,43.0,True,False
2026-04-26T08:05:43.440189+00:00,30,54.0,True,False
2026-04-26T08:05:43.441333+00:00,210,40.0,True,False
2026-04-26T08:05:43.640254+00:00,35,57.0,True,False
2026-04-26T08:05:43.677585+00:00,215,28.0,True,False
2026-04-26T08:05:43.740682+00:00,40,41.0,True,False
2026-04-26T08:05:43.844192+00:00,220,27.0,True,False
2026-04-26T08:05:43.944745+00:00,45,39.0,True,False
2026-04-26T08:05:43.946859+00:00,225,26.0,True,False
2026-04-26T08:05:44.254075+00:00,50,39.0,True,False
2026-04-26T08:05:44.255665+00:00,230,25.0,True,False
2026-04-26T08:05:44.256796+00:00,55,38.0,True,False
2026-04-26T08:05:44.259140+00:00,235,25.0,True,False
2026-04-26T08:05:44.475447+00:00,60,37.0,True,False
2026-04-26T08:05:44.477188+00:00,240,24.0,True,False
2026-04-26T08:05:44.478579+00:00,65,37.0,True,False
2026-04-26T08:05:44.741957+00:00,245,25.0,True,False
2026-04-26T08:05:44.743613+00:00,70,38.0,True,False
2026-04-26T08:05:44.744622+00:00,250,25.0,True,False
2026-04-26T08:05:44.971484+00:00,75,37.0,True,False
2026-04-26T08:05:44.973330+00:00,255,26.0,True,False
2026-04-26T08:05:45.179425+00:00,80,38.0,True,False
2026-04-26T08:05:45.181431+00:00,260,25.0,True,False
2026-04-26T08:05:45.183170+00:00,85,35.0,True,False
2026-04-26T08:05:45.184273+00:00,265,24.0,True,False
2026-04-26T08:05:45.469746+00:00,90,35.0,True,False
2026-04-26T08:05:45.471373+00:00,270,27.0,True,False
2026-04-26T08:05:45.472676+00:00,95,32.0,True,False
2026-04-26T08:05:45.475707+00:00,275,28.0,True,False
2026-04-26T08:05:45.712860+00:00,100,31.0,True,False
2026-04-26T08:05:45.714629+00:00,280,37.0,True,False
2026-04-26T08:05:45.930693+00:00,105,31.0,True,False
2026-04-26T08:05:45.932407+00:00,285,35.0,True,False
2026-04-26T08:05:45.933478+00:00,110,31.0,True,False
2026-04-26T08:05:46.176871+00:00,290,44.0,True,False
2026-04-26T08:05:46.178868+00:00,115,31.0,True,False
2026-04-26T08:05:46.179991+00:00,295,42.0,True,False
2026-04-26T08:05:46.180804+00:00,120,32.0,True,False
2026-04-26T08:05:46.552649+00:00,300,42.0,True,False
2026-04-26T08:05:46.555585+00:00,125,0.0,True,False
2026-04-26T08:05:46.557679+00:00,305,43.0,True,False
2026-04-26T08:05:46.560265+00:00,130,34.0,True,False
2026-04-26T08:05:46.908467+00:00,310,39.0,True,False
2026-04-26T08:05:46.909995+00:00,135,33.0,True,False
2026-04-26T08:05:46.911182+00:00,315,43.0,True,False
2026-04-26T08:05:46.912242+00:00,140,35.0,True,False
2026-04-26T08:05:46.913465+00:00,320,38.0,True,False
2026-04-26T08:05:47.251422+00:00,145,36.0,True,False
2026-04-26T08:05:47.253197+00:00,325,38.0,True,False
2026-04-26T08:05:47.255135+00:00,150,71.0,True,False
2026-04-26T08:05:47.256958+00:00,330,37.0,True,False
2026-04-26T08:05:47.640037+00:00,155,70.0,True,False
2026-04-26T08:05:47.641738+00:00,335,36.0,True,False
2026-04-26T08:05:47.642975+00:00,160,71.0,True,False
2026-04-26T08:05:47.643894+00:00,340,35.0,True,False
2026-04-26T08:05:47.645221+00:00,165,70.0,True,False
2026-04-26T08:05:47.985994+00:00,345,34.0,True,False
2026-04-26T08:05:47.987706+00:00,165,0.0,True,False
2026-04-26T08:05:47.988734+00:00,345,35.0,True,False
2026-04-26T08:05:47.989927+00:00,160,143.0,True,False
2026-04-26T08:05:47.991113+00:00,340,35.0,True,False
2026-04-26T08:05:48.359632+00:00,155,72.0,True,False
2026-04-26T08:05:48.361815+00:00,335,35.0,True,False
2026-04-26T08:05:48.735412+00:00,150,71.0,True,False
2026-04-26T08:05:48.737106+00:00,330,35.0,True,False
2026-04-26T08:05:48.738850+00:00,145,144.0,True,False
2026-04-26T08:05:48.740017+00:00,325,35.0,True,False
2026-04-26T08:05:48.741656+00:00,140,36.0,True,False
2026-04-26T08:05:48.743022+00:00,320,35.0,True,False
2026-04-26T08:05:48.744774+00:00,135,35.0,True,False
2026-04-26T08:05:48.746017+00:00,315,36.0,True,False
2026-04-26T08:05:49.006600+00:00,130,34.0,True,False
2026-04-26T08:05:49.008639+00:00,310,38.0,True,False
2026-04-26T08:05:49.246068+00:00,125,34.0,True,False
2026-04-26T08:05:49.247727+00:00,305,52.0,True,False
2026-04-26T08:05:49.248771+00:00,120,36.0,True,False
2026-04-26T08:05:49.249796+00:00,300,49.0,True,False
2026-04-26T08:05:49.251260+00:00,115,38.0,True,False
2026-04-26T08:05:49.434119+00:00,295,49.0,True,False
2026-04-26T08:05:49.435789+00:00,110,33.0,True,False
2026-04-26T08:05:49.641675+00:00,290,46.0,True,False
2026-04-26T08:05:49.643149+00:00,105,32.0,True,False
2026-04-26T08:05:49.644121+00:00,285,41.0,True,False
2026-04-26T08:05:49.645357+00:00,100,31.0,True,False
2026-04-26T08:05:49.836850+00:00,280,43.0,True,False
2026-04-26T08:05:49.931859+00:00,95,32.0,True,False
2026-04-26T08:05:50.024990+00:00,275,42.0,True,False
2026-04-26T08:05:50.026860+00:00,90,32.0,True,False
2026-04-26T08:05:50.027910+00:00,270,35.0,True,False
2026-04-26T08:05:50.255018+00:00,85,32.0,True,False
2026-04-26T08:05:50.375895+00:00,265,35.0,True,False
2026-04-26T08:05:50.377433+00:00,80,40.0,True,False
2026-04-26T08:05:50.379658+00:00,260,33.0,True,False
2026-04-26T08:05:51.319311+00:00,75,40.0,True,False
2026-04-26T08:05:51.424545+00:00,255,26.0,True,False
2026-04-26T08:05:51.426639+00:00,70,37.0,True,False
2026-04-26T08:05:51.428310+00:00,250,26.0,True,False
2026-04-26T08:05:51.429798+00:00,65,37.0,True,False
2026-04-26T08:05:51.433346+00:00,245,25.0,True,False
2026-04-26T08:05:51.435092+00:00,60,36.0,True,False
2026-04-26T08:05:51.436546+00:00,240,24.0,True,False
2026-04-26T08:05:51.439384+00:00,55,35.0,True,False
2026-04-26T08:05:51.441669+00:00,235,25.0,True,False
2026-04-26T08:05:51.443154+00:00,50,35.0,True,False
2026-04-26T08:05:51.586433+00:00,230,24.0,True,False
2026-04-26T08:05:51.588270+00:00,45,35.0,True,False
2026-04-26T08:05:51.589844+00:00,225,24.0,True,False
2026-04-26T08:05:51.591158+00:00,40,36.0,True,False
2026-04-26T08:05:51.592347+00:00,220,24.0,True,False
2026-04-26T08:05:51.840189+00:00,35,37.0,True,False
2026-04-26T08:05:51.901173+00:00,215,24.0,True,False
2026-04-26T08:05:51.903628+00:00,30,38.0,True,False
2026-04-26T08:05:51.905116+00:00,210,25.0,True,False
2026-04-26T08:05:52.138052+00:00,25,39.0,True,False
2026-04-26T08:05:52.342796+00:00,205,25.0,True,False
2026-04-26T08:05:52.445182+00:00,20,40.0,True,False
2026-04-26T08:05:52.446647+00:00,200,27.0,True,False
2026-04-26T08:05:52.447964+00:00,15,43.0,True,False
2026-04-26T08:05:52.449540+00:00,195,41.0,True,False
2026-04-26T08:05:52.667042+00:00,15,54.0,True,True
2026-04-26T08:05:52.668540+00:00,195,46.0,True,True
2026-04-26T08:05:52.670872+00:00,20,53.0,True,True
2026-04-26T08:05:52.974941+00:00,200,42.0,True,True
2026-04-26T08:05:52.976676+00:00,25,43.0,True,True
2026-04-26T08:05:52.978305+00:00,205,41.0,True,True
2026-04-26T08:05:53.122233+00:00,30,41.0,True,True
2026-04-26T08:05:53.124251+00:00,210,25.0,True,True
2026-04-26T08:05:53.126566+00:00,35,40.0,True,True
2026-04-26T08:05:53.127285+00:00,215,26.0,True,True
2026-04-26T08:05:53.541771+00:00,40,38.0,True,True
2026-04-26T08:05:53.544036+00:00,220,24.0,True,True
2026-04-26T08:05:53.911394+00:00,45,38.0,True,True
2026-04-26T08:05:53.913404+00:00,225,24.0,True,True
2026-04-26T08:05:53.914532+00:00,50,36.0,True,True
2026-04-26T08:05:53.915953+00:00,230,24.0,True,True
2026-04-26T08:05:53.917134+00:00,55,36.0,True,True
2026-04-26T08:05:53.918292+00:00,235,24.0,True,True
2026-04-26T08:05:53.919412+00:00,60,36.0,True,True
2026-04-26T08:05:54.185614+00:00,240,24.0,True,True
2026-04-26T08:05:54.186856+00:00,65,37.0,True,True
2026-04-26T08:05:54.187748+00:00,245,24.0,True,True
2026-04-26T08:05:54.188471+00:00,70,37.0,True,True
2026-04-26T08:05:54.461164+00:00,250,24.0,True,True
2026-04-26T08:05:54.462920+00:00,75,38.0,True,True
2026-04-26T08:05:54.464099+00:00,255,25.0,True,True
2026-04-26T08:05:54.705788+00:00,80,39.0,True,True
2026-04-26T08:05:54.707415+00:00,260,25.0,True,True
2026-04-26T08:05:54.708485+00:00,85,39.0,True,True
2026-04-26T08:05:54.709653+00:00,265,25.0,True,True
2026-04-26T08:05:54.930345+00:00,90,34.0,True,True
2026-04-26T08:05:54.931548+00:00,270,37.0,True,True
2026-04-26T08:05:54.932583+00:00,95,32.0,True,True
2026-04-26T08:05:55.180862+00:00,275,35.0,True,True
2026-04-26T08:05:55.182265+00:00,100,32.0,True,True
2026-04-26T08:05:55.183467+00:00,280,37.0,True,True
2026-04-26T08:05:55.568270+00:00,105,32.0,True,True
2026-04-26T08:05:55.569955+00:00,285,43.0,True,True
2026-04-26T08:05:55.571072+00:00,110,32.0,True,True
2026-04-26T08:05:55.572243+00:00,290,41.0,True,True
2026-04-26T08:05:55.895200+00:00,115,32.0,True,True
2026-04-26T08:05:55.896755+00:00,295,41.0,True,True
2026-04-26T08:05:56.223596+00:00,120,33.0,True,True
2026-04-26T08:05:56.224878+00:00,300,43.0,True,True
2026-04-26T08:05:56.226133+00:00,125,36.0,True,True
2026-04-26T08:05:56.227141+00:00,305,49.0,True,True
2026-04-26T08:05:56.228132+00:00,130,38.0,True,True
2026-04-26T08:05:56.229447+00:00,310,36.0,True,True
2026-04-26T08:05:56.230528+00:00,135,38.0,True,True
2026-04-26T08:05:56.575895+00:00,315,37.0,True,True
2026-04-26T08:05:56.577289+00:00,140,0.0,True,True
2026-04-26T08:05:56.577950+00:00,320,36.0,True,True
2026-04-26T08:05:56.578620+00:00,145,38.0,True,True
2026-04-26T08:05:57.132058+00:00,325,36.0,True,True
2026-04-26T08:05:57.133507+00:00,150,71.0,True,True
2026-04-26T08:05:57.134685+00:00,330,35.0,True,True
2026-04-26T08:05:57.135721+00:00,155,140.0,True,True
2026-04-26T08:05:57.136915+00:00,335,34.0,True,True
2026-04-26T08:05:57.138045+00:00,160,0.0,True,True
2026-04-26T08:05:57.139071+00:00,340,35.0,True,True
2026-04-26T08:05:57.489024+00:00,165,72.0,True,True
2026-04-26T08:05:57.490336+00:00,345,34.0,True,True
2026-04-26T08:05:57.491473+00:00,160,137.0,True,True
2026-04-26T08:05:57.863022+00:00,340,35.0,True,True
2026-04-26T08:05:57.864545+00:00,155,73.0,True,True
2026-04-26T08:05:57.865916+00:00,335,34.0,True,True
2026-04-26T08:05:57.866908+00:00,150,71.0,True,True
2026-04-26T08:05:58.210099+00:00,330,34.0,True,True
2026-04-26T08:05:58.211430+00:00,145,73.0,True,True
2026-04-26T08:05:58.212296+00:00,325,34.0,True,True
2026-04-26T08:05:58.213136+00:00,140,38.0,True,True
2026-04-26T08:05:58.213970+00:00,320,35.0,True,True
2026-04-26T08:05:58.214887+00:00,135,35.0,True,True
2026-04-26T08:05:58.401238+00:00,315,35.0,True,True
2026-04-26T08:05:58.402511+00:00,130,35.0,True,True
2026-04-26T08:05:58.403470+00:00,310,35.0,True,True
2026-04-26T08:05:58.404314+00:00,125,35.0,True,True
2026-04-26T08:05:58.405329+00:00,305,36.0,True,True
2026-04-26T08:05:58.587786+00:00,120,34.0,True,True
2026-04-26T08:05:58.678864+00:00,300,36.0,True,True
2026-04-26T08:06:29.491475+00:00,15,36.0,True,False
2026-04-26T08:06:29.492736+00:00,195,55.0,True,False
2026-04-26T08:06:29.718375+00:00,20,35.0,True,False
2026-04-26T08:06:29.719747+00:00,200,42.0,True,False
2026-04-26T08:06:30.353837+00:00,25,36.0,True,False
2026-04-26T08:06:30.355358+00:00,205,53.0,True,False
2026-04-26T08:06:30.356183+00:00,30,36.0,True,False
2026-04-26T08:06:30.357822+00:00,210,44.0,True,False
2026-04-26T08:06:30.505171+00:00,35,57.0,True,False
2026-04-26T08:06:30.506495+00:00,215,45.0,True,False
2026-04-26T08:06:30.508031+00:00,40,57.0,True,False
2026-04-26T08:06:30.509381+00:00,220,55.0,True,False
2026-04-26T08:06:30.510508+00:00,45,58.0,True,False
2026-04-26T08:06:30.511489+00:00,225,43.0,True,False
2026-04-26T08:06:30.512751+00:00,50,57.0,True,False
2026-04-26T08:06:30.771521+00:00,230,50.0,True,False
2026-04-26T08:06:30.773487+00:00,55,58.0,True,False
2026-04-26T08:06:30.774919+00:00,235,45.0,True,False
2026-04-26T08:06:31.254350+00:00,60,61.0,True,False
2026-04-26T08:06:31.255879+00:00,240,40.0,True,False
2026-04-26T08:06:31.256914+00:00,65,62.0,True,False
2026-04-26T08:06:31.258003+00:00,245,26.0,True,False
2026-04-26T08:06:31.561762+00:00,70,48.0,True,False
2026-04-26T08:06:31.563243+00:00,250,24.0,True,False
2026-04-26T08:06:31.564196+00:00,75,41.0,True,False
2026-04-26T08:06:31.565165+00:00,255,23.0,True,False
2026-04-26T08:06:31.566288+00:00,80,41.0,True,False
2026-04-26T08:06:31.568021+00:00,260,23.0,True,False
2026-04-26T08:06:31.972463+00:00,85,41.0,True,False
2026-04-26T08:06:31.974427+00:00,265,24.0,True,False
2026-04-26T08:06:31.976018+00:00,90,41.0,True,False
2026-04-26T08:06:31.977101+00:00,270,24.0,True,False
2026-04-26T08:06:32.381111+00:00,95,41.0,True,False
2026-04-26T08:06:32.382831+00:00,275,23.0,True,False
2026-04-26T08:06:32.384028+00:00,100,41.0,True,False
2026-04-26T08:06:32.385131+00:00,280,23.0,True,False
2026-04-26T08:06:32.386157+00:00,105,42.0,True,False
2026-04-26T08:06:32.387168+00:00,285,24.0,True,False
2026-04-26T08:06:32.688099+00:00,110,43.0,True,False
2026-04-26T08:06:32.689729+00:00,290,32.0,True,False
2026-04-26T08:06:32.690751+00:00,115,0.0,True,False
2026-04-26T08:06:32.691933+00:00,295,34.0,True,False
2026-04-26T08:06:32.995655+00:00,120,0.0,True,False
2026-04-26T08:06:32.997211+00:00,300,33.0,True,False
2026-04-26T08:06:32.998453+00:00,125,32.0,True,False
2026-04-26T08:06:32.999336+00:00,305,38.0,True,False
2026-04-26T08:06:33.000236+00:00,130,31.0,True,False
2026-04-26T08:06:33.283754+00:00,310,39.0,True,False
2026-04-26T08:06:33.285702+00:00,135,31.0,True,False
2026-04-26T08:06:33.287069+00:00,315,44.0,True,False
2026-04-26T08:06:33.288085+00:00,140,31.0,True,False
2026-04-26T08:06:33.509549+00:00,320,36.0,True,False
2026-04-26T08:06:33.511469+00:00,145,37.0,True,False
2026-04-26T08:06:33.512985+00:00,325,38.0,True,False
2026-04-26T08:06:33.815513+00:00,150,36.0,True,False
2026-04-26T08:06:33.817523+00:00,330,35.0,True,False
2026-04-26T08:06:33.818796+00:00,155,37.0,True,False
2026-04-26T08:06:33.819995+00:00,335,35.0,True,False
2026-04-26T08:06:35.253157+00:00,160,37.0,True,False
2026-04-26T08:06:35.254641+00:00,340,36.0,True,False
2026-04-26T08:06:35.255790+00:00,165,36.0,True,False
2026-04-26T08:06:35.256715+00:00,345,35.0,True,False
2026-04-26T08:06:35.257624+00:00,165,37.0,True,False
2026-04-26T08:06:35.258899+00:00,345,37.0,True,False
2026-04-26T08:06:35.260548+00:00,160,37.0,True,False
2026-04-26T08:06:35.261551+00:00,340,38.0,True,False
2026-04-26T08:06:35.262447+00:00,155,37.0,True,False
2026-04-26T08:06:35.263603+00:00,335,36.0,True,False
2026-04-26T08:06:35.555567+00:00,150,39.0,True,False
2026-04-26T08:06:35.557264+00:00,330,36.0,True,False
2026-04-26T08:06:35.558403+00:00,145,0.0,True,False
2026-04-26T08:06:35.559428+00:00,325,36.0,True,False
2026-04-26T08:06:35.560499+00:00,140,0.0,True,False
2026-04-26T08:06:35.561354+00:00,320,37.0,True,False
2026-04-26T08:06:35.562313+00:00,135,34.0,True,False
2026-04-26T08:06:35.563153+00:00,315,42.0,True,False
2026-04-26T08:06:35.564874+00:00,130,32.0,True,False
2026-04-26T08:06:35.566075+00:00,310,41.0,True,False
2026-04-26T08:06:35.567115+00:00,125,31.0,True,False
2026-04-26T08:06:35.568285+00:00,305,36.0,True,False
2026-04-26T08:06:35.862495+00:00,120,32.0,True,False
2026-04-26T08:06:35.864108+00:00,300,35.0,True,False
2026-04-26T08:06:35.865338+00:00,115,32.0,True,False
2026-04-26T08:06:36.192897+00:00,295,39.0,True,False
2026-04-26T08:06:36.194350+00:00,110,32.0,True,False
2026-04-26T08:06:36.195527+00:00,290,34.0,True,False
2026-04-26T08:06:36.196788+00:00,105,0.0,True,False
2026-04-26T08:06:36.198048+00:00,285,33.0,True,False
2026-04-26T08:06:36.492704+00:00,100,44.0,True,False
2026-04-26T08:06:36.494141+00:00,280,34.0,True,False
2026-04-26T08:06:36.495585+00:00,95,41.0,True,False
2026-04-26T08:06:36.497075+00:00,275,26.0,True,False
2026-04-26T08:06:36.791299+00:00,90,41.0,True,False
2026-04-26T08:06:36.792277+00:00,270,24.0,True,False
2026-04-26T08:06:36.793048+00:00,85,41.0,True,False
2026-04-26T08:06:36.794333+00:00,265,24.0,True,False
2026-04-26T08:06:37.100598+00:00,80,41.0,True,False
2026-04-26T08:06:37.102862+00:00,260,23.0,True,False
2026-04-26T08:06:37.103544+00:00,75,41.0,True,False
2026-04-26T08:06:37.105680+00:00,255,24.0,True,False
2026-04-26T08:06:37.417602+00:00,70,41.0,True,False
2026-04-26T08:06:37.418972+00:00,250,24.0,True,False
2026-04-26T08:06:37.420038+00:00,65,42.0,True,False
2026-04-26T08:06:37.421044+00:00,245,24.0,True,False
2026-04-26T08:06:37.706260+00:00,60,50.0,True,False
2026-04-26T08:06:37.707836+00:00,240,25.0,True,False
2026-04-26T08:06:37.709347+00:00,55,68.0,True,False
2026-04-26T08:06:37.710413+00:00,235,25.0,True,False
2026-04-26T08:06:38.115773+00:00,50,70.0,True,False
2026-04-26T08:06:38.116865+00:00,230,29.0,True,False
2026-04-26T08:06:38.118300+00:00,45,59.0,True,False
2026-04-26T08:06:38.119282+00:00,225,40.0,True,False
2026-04-26T08:06:38.422943+00:00,40,60.0,True,False
2026-04-26T08:06:38.424403+00:00,220,52.0,True,False
2026-04-26T08:06:38.426167+00:00,35,58.0,True,False
2026-04-26T08:06:38.427234+00:00,215,49.0,True,False
2026-04-26T08:06:38.429508+00:00,30,59.0,True,False
2026-04-26T08:06:38.430721+00:00,210,50.0,True,False
2026-04-26T08:06:38.749198+00:00,25,58.0,True,False
2026-04-26T08:06:38.750946+00:00,205,56.0,True,False
2026-04-26T08:06:39.038627+00:00,20,38.0,True,False
2026-04-26T08:06:39.040654+00:00,200,48.0,True,False
2026-04-26T08:06:39.041897+00:00,15,37.0,True,False
2026-04-26T08:06:39.043194+00:00,195,44.0,True,False
2026-04-26T08:06:39.045614+00:00,15,37.0,True,True
2026-04-26T08:06:39.344615+00:00,195,56.0,True,True
2026-04-26T08:06:39.346406+00:00,20,36.0,True,True
2026-04-26T08:06:39.347573+00:00,200,55.0,True,True
2026-04-26T08:06:39.348935+00:00,25,37.0,True,True
2026-04-26T08:06:39.756640+00:00,205,43.0,True,True
2026-04-26T08:06:39.758813+00:00,30,37.0,True,True
2026-04-26T08:06:39.759952+00:00,210,51.0,True,True
2026-04-26T08:06:39.761292+00:00,35,58.0,True,True
2026-04-26T08:06:40.080618+00:00,215,56.0,True,True
2026-04-26T08:06:40.083120+00:00,40,59.0,True,True
2026-04-26T08:06:40.084559+00:00,220,52.0,True,True
2026-04-26T08:06:40.086208+00:00,45,60.0,True,True
2026-04-26T08:06:40.368773+00:00,225,42.0,True,True
2026-04-26T08:06:40.370328+00:00,50,61.0,True,True
2026-04-26T08:06:40.371397+00:00,230,54.0,True,True
2026-04-26T08:06:40.373088+00:00,55,59.0,True,True
2026-04-26T08:06:40.676295+00:00,235,31.0,True,True
2026-04-26T08:06:40.678125+00:00,60,59.0,True,True
2026-04-26T08:06:40.679477+00:00,240,31.0,True,True
2026-04-26T08:06:40.681211+00:00,65,61.0,True,True
2026-04-26T08:06:40.682428+00:00,245,28.0,True,True
2026-04-26T08:06:40.986907+00:00,70,49.0,True,True
2026-04-26T08:06:40.988952+00:00,250,25.0,True,True
2026-04-26T08:06:40.990155+00:00,75,40.0,True,True
2026-04-26T08:06:40.991243+00:00,255,24.0,True,True
2026-04-26T08:06:41.256229+00:00,80,40.0,True,True
2026-04-26T08:06:41.258443+00:00,260,24.0,True,True
2026-04-26T08:06:41.259770+00:00,85,40.0,True,True
2026-04-26T08:06:41.505594+00:00,265,24.0,True,True
2026-04-26T08:06:41.508392+00:00,90,40.0,True,True
2026-04-26T08:06:41.509579+00:00,270,24.0,True,True
2026-04-26T08:06:41.808495+00:00,95,40.0,True,True
2026-04-26T08:06:41.810011+00:00,275,24.0,True,True
2026-04-26T08:06:41.811529+00:00,100,40.0,True,True
2026-04-26T08:06:41.812689+00:00,280,24.0,True,True
2026-04-26T08:06:42.109470+00:00,105,41.0,True,True
2026-04-26T08:06:42.112569+00:00,285,24.0,True,True
2026-04-26T08:06:42.113975+00:00,110,41.0,True,True
2026-04-26T08:06:42.115121+00:00,290,26.0,True,True
2026-04-26T08:06:42.116567+00:00,115,52.0,True,True
2026-04-26T08:06:42.318564+00:00,295,32.0,True,True
2026-04-26T08:06:42.320486+00:00,120,29.0,True,True
2026-04-26T08:06:42.321653+00:00,300,34.0,True,True
2026-04-26T08:06:42.653174+00:00,125,29.0,True,True
2026-04-26T08:06:42.654883+00:00,305,35.0,True,True
2026-04-26T08:06:42.656898+00:00,130,29.0,True,True
2026-04-26T08:06:42.931098+00:00,310,36.0,True,True
2026-04-26T08:06:42.932571+00:00,135,30.0,True,True
2026-04-26T08:06:42.933343+00:00,315,52.0,True,True
2026-04-26T08:06:42.934855+00:00,140,35.0,True,True
2026-04-26T08:06:43.254748+00:00,320,49.0,True,True
2026-04-26T08:06:43.256729+00:00,145,35.0,True,True
2026-04-26T08:06:43.258011+00:00,325,41.0,True,True
2026-04-26T08:06:43.259043+00:00,150,37.0,True,True
2026-04-26T08:06:43.655688+00:00,330,37.0,True,True
2026-04-26T08:06:43.657233+00:00,155,37.0,True,True
2026-04-26T08:06:43.659440+00:00,335,36.0,True,True
2026-04-26T08:06:44.055497+00:00,160,39.0,True,True
2026-04-26T08:06:44.057784+00:00,340,37.0,True,True
2026-04-26T08:06:44.059054+00:00,165,0.0,True,True
2026-04-26T08:06:44.060197+00:00,345,35.0,True,True
2026-04-26T08:06:44.061681+00:00,160,0.0,True,True
2026-04-26T08:06:44.063242+00:00,340,36.0,True,True
2026-04-26T08:06:44.064643+00:00,155,0.0,True,True
2026-04-26T08:06:44.262157+00:00,335,37.0,True,True
2026-04-26T08:06:44.263770+00:00,150,0.0,True,True
2026-04-26T08:06:44.265110+00:00,330,38.0,True,True
2026-04-26T08:06:44.266600+00:00,145,0.0,True,True
2026-04-26T08:06:44.568216+00:00,325,35.0,True,True
2026-04-26T08:06:44.569979+00:00,140,40.0,True,True
2026-04-26T08:06:44.571264+00:00,320,35.0,True,True
2026-04-26T08:06:44.572493+00:00,135,38.0,True,True
2026-04-26T08:06:44.771981+00:00,315,35.0,True,True
2026-04-26T08:06:44.773878+00:00,130,0.0,True,True
2026-04-26T08:06:44.775264+00:00,310,39.0,True,True
2026-04-26T08:06:45.079030+00:00,125,43.0,True,True
2026-04-26T08:06:45.080866+00:00,305,41.0,True,True
2026-04-26T08:06:45.489165+00:00,120,43.0,True,True
2026-04-26T08:06:45.491033+00:00,300,36.0,True,True
2026-04-26T08:06:45.492159+00:00,115,0.0,True,True
2026-04-26T08:06:45.493463+00:00,295,34.0,True,True
2026-04-26T08:06:45.494745+00:00,110,0.0,True,True
2026-04-26T08:06:45.496212+00:00,290,33.0,True,True
2026-04-26T08:38:53.517684+00:00,15,100.0,True,False
2026-04-26T08:38:53.617224+00:00,195,2.0,False,False
